$ apt-get update && apt-get install -y nodejs npm
Get:1 http://archive.ubuntu.com/ubuntu jammy InRelease [270 kB]
Get:2 http://security.ubuntu.com/ubuntu jammy-security InRelease [129 kB]
Get:3 http://archive.ubuntu.com/ubuntu jammy-updates InRelease [128 kB]
Get:4 http://archive.ubuntu.com/ubuntu jammy-backports InRelease [127 kB]
Get:5 http://security.ubuntu.com/ubuntu jammy-security/restricted amd64 Packages [7221 kB]
Get:6 http://archive.ubuntu.com/ubuntu jammy/multiverse amd64 Packages [266 kB]
Get:7 http://archive.ubuntu.com/ubuntu jammy/restricted amd64 Packages [164 kB]
Get:8 http://archive.ubuntu.com/ubuntu jammy/universe amd64 Packages [17.5 MB]
Get:9 http://security.ubuntu.com/ubuntu jammy-security/main amd64 Packages [4024 kB]
Get:10 http://security.ubuntu.com/ubuntu jammy-security/multiverse amd64 Packages [77.8 kB]
Get:11 http://security.ubuntu.com/ubuntu jammy-security/universe amd64 Packages [1306 kB]
Get:12 http://archive.ubuntu.com/ubuntu jammy/main amd64 Packages [1792 kB]
Get:13 http://archive.ubuntu.com/ubuntu jammy-updates/universe amd64 Packages [1611 kB]
Get:14 http://archive.ubuntu.com/ubuntu jammy-updates/multiverse amd64 Packages [86.4 kB]
Get:15 http://archive.ubuntu.com/ubuntu jammy-updates/restricted amd64 Packages [7489 kB]
Get:16 http://archive.ubuntu.com/ubuntu jammy-updates/main amd64 Packages [4357 kB]
Get:17 http://archive.ubuntu.com/ubuntu jammy-backports/main amd64 Packages [82.8 kB]
Get:18 http://archive.ubuntu.com/ubuntu jammy-backports/universe amd64 Packages [35.6 kB]
Fetched 46.6 MB in 7s (6897 kB/s)
Reading package lists...
Reading package lists...
Building dependency tree...
Reading state information...
The following additional packages will be installed:
  adwaita-icon-theme at-spi2-core binutils binutils-common
  binutils-x86-64-linux-gnu build-essential bzip2 ca-certificates cpp cpp-11
  dbus dbus-user-session dconf-gsettings-backend dconf-service dirmngr dmsetup
  dpkg-dev fakeroot fontconfig fontconfig-config fonts-dejavu-core g++ g++-11
  gcc gcc-11 gcc-11-base gir1.2-glib-2.0 git git-man gnupg gnupg-l10n
  gnupg-utils gpg gpg-agent gpg-wks-client gpg-wks-server gpgconf gpgsm
  gsettings-desktop-schemas gtk-update-icon-cache gyp hicolor-icon-theme
  humanity-icon-theme javascript-common less libalgorithm-diff-perl
  libalgorithm-diff-xs-perl libalgorithm-merge-perl libapparmor1 libargon2-1
  libasan6 libassuan0 libatk-bridge2.0-0 libatk1.0-0 libatk1.0-data libatomic1
  libatspi2.0-0 libauthen-sasl-perl libavahi-client3 libavahi-common-data
  libavahi-common3 libbinutils libbrotli1 libbsd0 libc-ares2 libc-dev-bin
  libc-devtools libc6-dev libcairo-gobject2 libcairo2 libcbor0.8 libcc1-0
  libclone-perl libcolord2 libcrypt-dev libcryptsetup12 libctf-nobfd0 libctf0
  libcups2 libcurl3-gnutls libdata-dump-perl libdatrie1 libdbus-1-3 libdconf1
  libdeflate0 libdevmapper1.02.1 libdpkg-perl libdrm-amdgpu1 libdrm-common
  libdrm-intel1 libdrm-nouveau2 libdrm-radeon1 libdrm2 libedit2 libelf1
  libencode-locale-perl libepoxy0 liberror-perl libexpat1 libfakeroot
  libfido2-1 libfile-basedir-perl libfile-desktopentry-perl
  libfile-fcntllock-perl libfile-listing-perl libfile-mimeinfo-perl
  libfont-afm-perl libfontconfig1 libfontenc1 libfreetype6 libfribidi0
  libgcc-11-dev libgd3 libgdbm-compat4 libgdbm6 libgdk-pixbuf-2.0-0
  libgdk-pixbuf2.0-bin libgdk-pixbuf2.0-common libgirepository-1.0-1 libgl1
  libgl1-amber-dri libgl1-mesa-dri libglapi-mesa libglib2.0-0 libglib2.0-data
  libglvnd0 libglx-mesa0 libglx0 libgomp1 libgraphite2-3 libgtk-3-0
  libgtk-3-bin libgtk-3-common libgtkd-3-0 libharfbuzz0b libhtml-form-perl
  libhtml-format-perl libhtml-parser-perl libhtml-tagset-perl
  libhtml-tree-perl libhttp-cookies-perl libhttp-daemon-perl libhttp-date-perl
  libhttp-message-perl libhttp-negotiate-perl libice6 libicu70 libio-html-perl
  libio-socket-ssl-perl libio-stringy-perl libip4tc2 libipc-system-simple-perl
  libisl23 libitm1 libjbig0 libjpeg-turbo8 libjpeg8 libjs-events
  libjs-highlight.js libjs-inherits libjs-is-typedarray libjs-psl
  libjs-source-map libjs-sprintf-js libjs-typedarray-to-buffer libjson-c5
  libkmod2 libksba8 liblcms2-2 libldap-2.5-0 libldap-common libllvm11
  libllvm15 liblocale-gettext-perl liblsan0 liblwp-mediatypes-perl
  liblwp-protocol-https-perl libmailtools-perl libmd0 libmpc3 libmpdec3
  libmpfr6 libnet-dbus-perl libnet-http-perl libnet-smtp-ssl-perl
  libnet-ssleay-perl libnghttp2-14 libnode-dev libnode72 libnotify-bin
  libnotify4 libnpth0 libnsl-dev libnss-systemd libpam-systemd libpango-1.0-0
  libpangocairo-1.0-0 libpangoft2-1.0-0 libpciaccess0 libperl5.34
  libphobos2-ldc-shared98 libpixman-1-0 libpng16-16 libpsl5 libpython3-stdlib
  libpython3.10-minimal libpython3.10-stdlib libquadmath0 libreadline8
  librsvg2-2 librsvg2-common librtmp1 libsasl2-2 libsasl2-modules
  libsasl2-modules-db libsensors-config libsensors5 libsm6 libsqlite3-0
  libssh-4 libssl-dev libssl3 libstdc++-11-dev libsystemd0 libtext-iconv-perl
  libthai-data libthai0 libtie-ixhash-perl libtiff5 libtimedate-perl
  libtirpc-dev libtry-tiny-perl libtsan0 libubsan1 libunwind8 liburi-perl
  libuv1 libuv1-dev libvte-2.91-0 libvte-2.91-common libvted-3-0
  libwayland-client0 libwayland-cursor0 libwayland-egl1 libwebp7 libwww-perl
  libwww-robotrules-perl libx11-6 libx11-data libx11-protocol-perl libx11-xcb1
  libxau6 libxaw7 libxcb-dri2-0 libxcb-dri3-0 libxcb-glx0 libxcb-present0
  libxcb-randr0 libxcb-render0 libxcb-shape0 libxcb-shm0 libxcb-sync1
  libxcb-xfixes0 libxcb1 libxcomposite1 libxcursor1 libxdamage1 libxdmcp6
  libxext6 libxfixes3 libxft2 libxi6 libxinerama1 libxkbcommon0 libxkbfile1
  libxml-parser-perl libxml-twig-perl libxml-xpathengine-perl libxml2 libxmu6
  libxmuu1 libxpm4 libxrandr2 libxrender1 libxshmfence1 libxt6 libxtst6 libxv1
  libxxf86dga1 libxxf86vm1 linux-libc-dev lto-disabled-list make manpages
  manpages-dev media-types netbase networkd-dispatcher node-abab node-abbrev
  node-agent-base node-ansi-regex node-ansi-styles node-ansistyles node-aproba
  node-archy node-are-we-there-yet node-argparse node-arrify node-asap
  node-asynckit node-balanced-match node-brace-expansion node-builtins
  node-cacache node-chalk node-chownr node-clean-yaml-object node-cli-table
  node-clone node-color-convert node-color-name node-colors node-columnify
  node-combined-stream node-commander node-console-control-strings
  node-copy-concurrently node-core-util-is node-coveralls node-cssom
  node-cssstyle node-debug node-decompress-response node-defaults
  node-delayed-stream node-delegates node-depd node-diff node-encoding
  node-end-of-stream node-err-code node-escape-string-regexp node-esprima
  node-events node-fancy-log node-fetch node-foreground-child node-form-data
  node-fs-write-stream-atomic node-fs.realpath node-function-bind node-gauge
  node-get-stream node-glob node-got node-graceful-fs node-growl node-gyp
  node-has-flag node-has-unicode node-hosted-git-info node-https-proxy-agent
  node-iconv-lite node-iferr node-imurmurhash node-indent-string node-inflight
  node-inherits node-ini node-ip node-ip-regex node-is-buffer
  node-is-plain-obj node-is-typedarray node-isarray node-isexe node-js-yaml
  node-jsdom node-json-buffer node-json-parse-better-errors node-jsonparse
  node-kind-of node-lcov-parse node-lodash-packages node-log-driver
  node-lowercase-keys node-lru-cache node-mime node-mime-types
  node-mimic-response node-minimatch node-minimist node-minipass node-mkdirp
  node-move-concurrently node-ms node-mute-stream node-negotiator node-nopt
  node-normalize-package-data node-npm-bundled node-npm-package-arg
  node-npmlog node-object-assign node-once node-opener node-osenv
  node-p-cancelable node-p-map node-path-is-absolute node-process-nextick-args
  node-promise-inflight node-promise-retry node-promzard node-psl node-pump
  node-punycode node-quick-lru node-read node-read-package-json
  node-readable-stream node-resolve node-retry node-rimraf node-run-queue
  node-safe-buffer node-semver node-set-blocking node-signal-exit node-slash
  node-slice-ansi node-source-map node-source-map-support node-spdx-correct
  node-spdx-exceptions node-spdx-expression-parse node-spdx-license-ids
  node-sprintf-js node-ssri node-stack-utils node-stealthy-require
  node-string-decoder node-string-width node-strip-ansi node-supports-color
  node-tap node-tap-mocha-reporter node-tap-parser node-tar node-text-table
  node-time-stamp node-tmatch node-tough-cookie node-typedarray-to-buffer
  node-unique-filename node-universalify node-util-deprecate
  node-validate-npm-package-license node-validate-npm-package-name
  node-wcwidth.js node-webidl-conversions node-whatwg-fetch node-which
  node-wide-align node-wrappy node-write-file-atomic node-ws node-yallist
  nodejs-doc openssh-client openssl patch perl perl-modules-5.34
  perl-openssl-defaults pinentry-curses publicsuffix python3 python3-dbus
  python3-gi python3-minimal python3-pkg-resources python3.10
  python3.10-minimal readline-common rpcsvc-proto session-migration
  shared-mime-info systemd systemd-sysv systemd-timesyncd tilix tilix-common
  ubuntu-mono ucf x11-common x11-utils x11-xserver-utils xauth xdg-user-dirs
  xdg-utils xkb-data xz-utils
Suggested packages:
  binutils-doc bzip2-doc cpp-doc gcc-11-locales pinentry-gnome3 tor
  debian-keyring g++-multilib g++-11-multilib gcc-11-doc gcc-multilib autoconf
  automake libtool flex bison gdb gcc-doc gcc-11-multilib gettext-base
  git-daemon-run | git-daemon-sysvinit git-doc git-email git-gui gitk gitweb
  git-cvs git-mediawiki git-svn parcimonie xloadimage scdaemon apache2
  | lighttpd | httpd libdigest-hmac-perl libgssapi-perl glibc-doc colord
  cups-common bzr libgd-tools gdbm-l10n gvfs libjs-angularjs liblcms2-utils
  libcrypt-ssleay-perl gnome-shell | notification-daemon pciutils librsvg2-bin
  libsasl2-modules-gssapi-mit | libsasl2-modules-gssapi-heimdal
  libsasl2-modules-ldap libsasl2-modules-otp libsasl2-modules-sql lm-sensors
  libssl-doc libstdc++-11-doc libsub-name-perl libbusiness-isbn-perl
  libauthen-ntlm-perl libunicode-map8-perl libunicode-string-perl
  xml-twig-tools make-doc man-browser iw | wireless-tools node-nyc keychain
  libpam-ssh monkeysphere ssh-askpass ed diffutils-doc perl-doc
  libterm-readline-gnu-perl | libterm-readline-perl-perl
  libtap-harness-archive-perl pinentry-doc python3-doc python3-tk python3-venv
  python-dbus-doc python3-setuptools python3.10-venv python3.10-doc
  binfmt-support readline-doc systemd-container libtss2-esys-3.0.2-0
  libtss2-mu0 libtss2-rc0 policykit-1 python-nautilus mesa-utils nickle
  cairo-5c xorg-docs-core
The following NEW packages will be installed:
  adwaita-icon-theme at-spi2-core binutils binutils-common
  binutils-x86-64-linux-gnu build-essential bzip2 ca-certificates cpp cpp-11
  dbus dbus-user-session dconf-gsettings-backend dconf-service dirmngr dmsetup
  dpkg-dev fakeroot fontconfig fontconfig-config fonts-dejavu-core g++ g++-11
  gcc gcc-11 gcc-11-base gir1.2-glib-2.0 git git-man gnupg gnupg-l10n
  gnupg-utils gpg gpg-agent gpg-wks-client gpg-wks-server gpgconf gpgsm
  gsettings-desktop-schemas gtk-update-icon-cache gyp hicolor-icon-theme
  humanity-icon-theme javascript-common less libalgorithm-diff-perl
  libalgorithm-diff-xs-perl libalgorithm-merge-perl libapparmor1 libargon2-1
  libasan6 libassuan0 libatk-bridge2.0-0 libatk1.0-0 libatk1.0-data libatomic1
  libatspi2.0-0 libauthen-sasl-perl libavahi-client3 libavahi-common-data
  libavahi-common3 libbinutils libbrotli1 libbsd0 libc-ares2 libc-dev-bin
  libc-devtools libc6-dev libcairo-gobject2 libcairo2 libcbor0.8 libcc1-0
  libclone-perl libcolord2 libcrypt-dev libcryptsetup12 libctf-nobfd0 libctf0
  libcups2 libcurl3-gnutls libdata-dump-perl libdatrie1 libdbus-1-3 libdconf1
  libdeflate0 libdevmapper1.02.1 libdpkg-perl libdrm-amdgpu1 libdrm-common
  libdrm-intel1 libdrm-nouveau2 libdrm-radeon1 libdrm2 libedit2 libelf1
  libencode-locale-perl libepoxy0 liberror-perl libexpat1 libfakeroot
  libfido2-1 libfile-basedir-perl libfile-desktopentry-perl
  libfile-fcntllock-perl libfile-listing-perl libfile-mimeinfo-perl
  libfont-afm-perl libfontconfig1 libfontenc1 libfreetype6 libfribidi0
  libgcc-11-dev libgd3 libgdbm-compat4 libgdbm6 libgdk-pixbuf-2.0-0
  libgdk-pixbuf2.0-bin libgdk-pixbuf2.0-common libgirepository-1.0-1 libgl1
  libgl1-amber-dri libgl1-mesa-dri libglapi-mesa libglib2.0-0 libglib2.0-data
  libglvnd0 libglx-mesa0 libglx0 libgomp1 libgraphite2-3 libgtk-3-0
  libgtk-3-bin libgtk-3-common libgtkd-3-0 libharfbuzz0b libhtml-form-perl
  libhtml-format-perl libhtml-parser-perl libhtml-tagset-perl
  libhtml-tree-perl libhttp-cookies-perl libhttp-daemon-perl libhttp-date-perl
  libhttp-message-perl libhttp-negotiate-perl libice6 libicu70 libio-html-perl
  libio-socket-ssl-perl libio-stringy-perl libip4tc2 libipc-system-simple-perl
  libisl23 libitm1 libjbig0 libjpeg-turbo8 libjpeg8 libjs-events
  libjs-highlight.js libjs-inherits libjs-is-typedarray libjs-psl
  libjs-source-map libjs-sprintf-js libjs-typedarray-to-buffer libjson-c5
  libkmod2 libksba8 liblcms2-2 libldap-2.5-0 libldap-common libllvm11
  libllvm15 liblocale-gettext-perl liblsan0 liblwp-mediatypes-perl
  liblwp-protocol-https-perl libmailtools-perl libmd0 libmpc3 libmpdec3
  libmpfr6 libnet-dbus-perl libnet-http-perl libnet-smtp-ssl-perl
  libnet-ssleay-perl libnghttp2-14 libnode-dev libnode72 libnotify-bin
  libnotify4 libnpth0 libnsl-dev libnss-systemd libpam-systemd libpango-1.0-0
  libpangocairo-1.0-0 libpangoft2-1.0-0 libpciaccess0 libperl5.34
  libphobos2-ldc-shared98 libpixman-1-0 libpng16-16 libpsl5 libpython3-stdlib
  libpython3.10-minimal libpython3.10-stdlib libquadmath0 libreadline8
  librsvg2-2 librsvg2-common librtmp1 libsasl2-2 libsasl2-modules
  libsasl2-modules-db libsensors-config libsensors5 libsm6 libsqlite3-0
  libssh-4 libssl-dev libstdc++-11-dev libtext-iconv-perl libthai-data
  libthai0 libtie-ixhash-perl libtiff5 libtimedate-perl libtirpc-dev
  libtry-tiny-perl libtsan0 libubsan1 libunwind8 liburi-perl libuv1 libuv1-dev
  libvte-2.91-0 libvte-2.91-common libvted-3-0 libwayland-client0
  libwayland-cursor0 libwayland-egl1 libwebp7 libwww-perl
  libwww-robotrules-perl libx11-6 libx11-data libx11-protocol-perl libx11-xcb1
  libxau6 libxaw7 libxcb-dri2-0 libxcb-dri3-0 libxcb-glx0 libxcb-present0
  libxcb-randr0 libxcb-render0 libxcb-shape0 libxcb-shm0 libxcb-sync1
  libxcb-xfixes0 libxcb1 libxcomposite1 libxcursor1 libxdamage1 libxdmcp6
  libxext6 libxfixes3 libxft2 libxi6 libxinerama1 libxkbcommon0 libxkbfile1
  libxml-parser-perl libxml-twig-perl libxml-xpathengine-perl libxml2 libxmu6
  libxmuu1 libxpm4 libxrandr2 libxrender1 libxshmfence1 libxt6 libxtst6 libxv1
  libxxf86dga1 libxxf86vm1 linux-libc-dev lto-disabled-list make manpages
  manpages-dev media-types netbase networkd-dispatcher node-abab node-abbrev
  node-agent-base node-ansi-regex node-ansi-styles node-ansistyles node-aproba
  node-archy node-are-we-there-yet node-argparse node-arrify node-asap
  node-asynckit node-balanced-match node-brace-expansion node-builtins
  node-cacache node-chalk node-chownr node-clean-yaml-object node-cli-table
  node-clone node-color-convert node-color-name node-colors node-columnify
  node-combined-stream node-commander node-console-control-strings
  node-copy-concurrently node-core-util-is node-coveralls node-cssom
  node-cssstyle node-debug node-decompress-response node-defaults
  node-delayed-stream node-delegates node-depd node-diff node-encoding
  node-end-of-stream node-err-code node-escape-string-regexp node-esprima
  node-events node-fancy-log node-fetch node-foreground-child node-form-data
  node-fs-write-stream-atomic node-fs.realpath node-function-bind node-gauge
  node-get-stream node-glob node-got node-graceful-fs node-growl node-gyp
  node-has-flag node-has-unicode node-hosted-git-info node-https-proxy-agent
  node-iconv-lite node-iferr node-imurmurhash node-indent-string node-inflight
  node-inherits node-ini node-ip node-ip-regex node-is-buffer
  node-is-plain-obj node-is-typedarray node-isarray node-isexe node-js-yaml
  node-jsdom node-json-buffer node-json-parse-better-errors node-jsonparse
  node-kind-of node-lcov-parse node-lodash-packages node-log-driver
  node-lowercase-keys node-lru-cache node-mime node-mime-types
  node-mimic-response node-minimatch node-minimist node-minipass node-mkdirp
  node-move-concurrently node-ms node-mute-stream node-negotiator node-nopt
  node-normalize-package-data node-npm-bundled node-npm-package-arg
  node-npmlog node-object-assign node-once node-opener node-osenv
  node-p-cancelable node-p-map node-path-is-absolute node-process-nextick-args
  node-promise-inflight node-promise-retry node-promzard node-psl node-pump
  node-punycode node-quick-lru node-read node-read-package-json
  node-readable-stream node-resolve node-retry node-rimraf node-run-queue
  node-safe-buffer node-semver node-set-blocking node-signal-exit node-slash
  node-slice-ansi node-source-map node-source-map-support node-spdx-correct
  node-spdx-exceptions node-spdx-expression-parse node-spdx-license-ids
  node-sprintf-js node-ssri node-stack-utils node-stealthy-require
  node-string-decoder node-string-width node-strip-ansi node-supports-color
  node-tap node-tap-mocha-reporter node-tap-parser node-tar node-text-table
  node-time-stamp node-tmatch node-tough-cookie node-typedarray-to-buffer
  node-unique-filename node-universalify node-util-deprecate
  node-validate-npm-package-license node-validate-npm-package-name
  node-wcwidth.js node-webidl-conversions node-whatwg-fetch node-which
  node-wide-align node-wrappy node-write-file-atomic node-ws node-yallist
  nodejs nodejs-doc npm openssh-client openssl patch perl perl-modules-5.34
  perl-openssl-defaults pinentry-curses publicsuffix python3 python3-dbus
  python3-gi python3-minimal python3-pkg-resources python3.10
  python3.10-minimal readline-common rpcsvc-proto session-migration
  shared-mime-info systemd systemd-sysv systemd-timesyncd tilix tilix-common
  ubuntu-mono ucf x11-common x11-utils x11-xserver-utils xauth xdg-user-dirs
  xdg-utils xkb-data xz-utils
The following packages will be upgraded:
  libssl3 libsystemd0
2 upgraded, 504 newly installed, 0 to remove and 4 not upgraded.
Need to get 223 MB of archives.
After this operation, 878 MB of additional disk space will be used.
Get:1 http://archive.ubuntu.com/ubuntu jammy-updates/main amd64 libsystemd0 amd64 249.11-0ubuntu3.21 [316 kB]
Get:2 http://archive.ubuntu.com/ubuntu jammy/main amd64 liblocale-gettext-perl amd64 1.07-4build3 [17.1 kB]
Get:3 http://archive.ubuntu.com/ubuntu jammy-updates/main amd64 libssl3 amd64 3.0.2-0ubuntu1.25 [1906 kB]
Get:4 http://archive.ubuntu.com/ubuntu jammy-updates/main amd64 libpython3.10-minimal amd64 3.10.12-1~22.04.15 [816 kB]
Get:5 http://archive.ubuntu.com/ubuntu jammy-updates/main amd64 libexpat1 amd64 2.4.7-1ubuntu0.7 [92.1 kB]
Get:6 http://archive.ubuntu.com/ubuntu jammy-updates/main amd64 python3.10-minimal amd64 3.10.12-1~22.04.15 [2275 kB]
Get:7 http://archive.ubuntu.com/ubuntu jammy-updates/main amd64 python3-minimal amd64 3.10.6-1~22.04.1 [24.3 kB]
Get:8 http://archive.ubuntu.com/ubuntu jammy/main amd64 media-types all 7.0.0 [25.5 kB]
Get:9 http://archive.ubuntu.com/ubuntu jammy/main amd64 libmpdec3 amd64 2.5.1-2build2 [86.8 kB]
Get:10 http://archive.ubuntu.com/ubuntu jammy/main amd64 readline-common all 8.1.2-1 [53.5 kB]
Get:11 http://archive.ubuntu.com/ubuntu jammy/main amd64 libreadline8 amd64 8.1.2-1 [153 kB]
Get:12 http://archive.ubuntu.com/ubuntu jammy-updates/main amd64 libsqlite3-0 amd64 3.37.2-2ubuntu0.5 [643 kB]
Get:13 http://archive.ubuntu.com/ubuntu jammy-updates/main amd64 libpython3.10-stdlib amd64 3.10.12-1~22.04.15 [1850 kB]
Get:14 http://archive.ubuntu.com/ubuntu jammy-updates/main amd64 python3.10 amd64 3.10.12-1~22.04.15 [508 kB]
Get:15 http://archive.ubuntu.com/ubuntu jammy-updates/main amd64 libpython3-stdlib amd64 3.10.6-1~22.04.1 [6812 B]
Get:16 http://archive.ubuntu.com/ubuntu jammy-updates/main amd64 python3 amd64 3.10.6-1~22.04.1 [22.8 kB]
Get:17 http://archive.ubuntu.com/ubuntu jammy-updates/main amd64 libapparmor1 amd64 3.0.4-2ubuntu2.5 [39.6 kB]
Get:18 http://archive.ubuntu.com/ubuntu jammy/main amd64 libargon2-1 amd64 0~20171227-0.3 [19.5 kB]
Get:19 http://archive.ubuntu.com/ubuntu jammy-updates/main amd64 libdevmapper1.02.1 amd64 2:1.02.175-2.1ubuntu5 [139 kB]
Get:20 http://archive.ubuntu.com/ubuntu jammy-updates/main amd64 libjson-c5 amd64 0.15-3~ubuntu1.22.04.2 [33.5 kB]
Get:21 http://archive.ubuntu.com/ubuntu jammy-updates/main amd64 libcryptsetup12 amd64 2:2.4.3-1ubuntu1.3 [211 kB]
Get:22 http://archive.ubuntu.com/ubuntu jammy-updates/main amd64 libip4tc2 amd64 1.8.7-1ubuntu5.2 [19.9 kB]
Get:23 http://archive.ubuntu.com/ubuntu jammy-updates/main amd64 libkmod2 amd64 29-1ubuntu1.1 [48.1 kB]
Get:24 http://archive.ubuntu.com/ubuntu jammy-updates/main amd64 systemd amd64 249.11-0ubuntu3.21 [4585 kB]
Get:25 http://archive.ubuntu.com/ubuntu jammy-updates/main amd64 systemd-sysv amd64 249.11-0ubuntu3.21 [10.5 kB]
Get:26 http://archive.ubuntu.com/ubuntu jammy-updates/main amd64 perl-modules-5.34 all 5.34.0-3ubuntu1.5 [2977 kB]
Get:27 http://archive.ubuntu.com/ubuntu jammy/main amd64 libgdbm6 amd64 1.23-1 [33.9 kB]
Get:28 http://archive.ubuntu.com/ubuntu jammy/main amd64 libgdbm-compat4 amd64 1.23-1 [6606 B]
Get:29 http://archive.ubuntu.com/ubuntu jammy-updates/main amd64 libperl5.34 amd64 5.34.0-3ubuntu1.5 [4797 kB]
Get:30 http://archive.ubuntu.com/ubuntu jammy-updates/main amd64 perl amd64 5.34.0-3ubuntu1.5 [232 kB]
Get:31 http://archive.ubuntu.com/ubuntu jammy-updates/main amd64 openssl amd64 3.0.2-0ubuntu1.25 [1183 kB]
Get:32 http://archive.ubuntu.com/ubuntu jammy-updates/main amd64 ca-certificates all 20240203~22.04.1 [162 kB]
Get:33 http://archive.ubuntu.com/ubuntu jammy-updates/main amd64 libdbus-1-3 amd64 1.12.20-2ubuntu4.1 [189 kB]
Get:34 http://archive.ubuntu.com/ubuntu jammy-updates/main amd64 dbus amd64 1.12.20-2ubuntu4.1 [158 kB]
Get:35 http://archive.ubuntu.com/ubuntu jammy-updates/main amd64 dmsetup amd64 2:1.02.175-2.1ubuntu5 [81.7 kB]
Get:36 http://archive.ubuntu.com/ubuntu jammy-updates/main amd64 libglib2.0-0 amd64 2.72.4-0ubuntu2.9 [1467 kB]
Get:37 http://archive.ubuntu.com/ubuntu jammy/main amd64 libgirepository-1.0-1 amd64 1.72.0-1 [55.6 kB]
Get:38 http://archive.ubuntu.com/ubuntu jammy/main amd64 gir1.2-glib-2.0 amd64 1.72.0-1 [164 kB]
Get:39 http://archive.ubuntu.com/ubuntu jammy-updates/main amd64 less amd64 590-1ubuntu0.22.04.3 [142 kB]
Get:40 http://archive.ubuntu.com/ubuntu jammy/main amd64 libmd0 amd64 1.0.4-1build1 [23.0 kB]
Get:41 http://archive.ubuntu.com/ubuntu jammy/main amd64 libbsd0 amd64 0.11.5-1 [44.8 kB]
Get:42 http://archive.ubuntu.com/ubuntu jammy-updates/main amd64 libelf1 amd64 0.186-1ubuntu0.1 [51.1 kB]
Get:43 http://archive.ubuntu.com/ubuntu jammy-updates/main amd64 libfribidi0 amd64 1.0.8-2ubuntu3.1 [26.1 kB]
Get:44 http://archive.ubuntu.com/ubuntu jammy-updates/main amd64 libglib2.0-data all 2.72.4-0ubuntu2.9 [5088 B]
Get:45 http://archive.ubuntu.com/ubuntu jammy/main amd64 libicu70 amd64 70.1-2 [10.6 MB]
Get:46 http://archive.ubuntu.com/ubuntu jammy-updates/main amd64 libnss-systemd amd64 249.11-0ubuntu3.21 [133 kB]
Get:47 http://archive.ubuntu.com/ubuntu jammy-updates/main amd64 libpam-systemd amd64 249.11-0ubuntu3.21 [203 kB]
Get:48 http://archive.ubuntu.com/ubuntu jammy/main amd64 libtext-iconv-perl amd64 1.7-7build3 [14.3 kB]
Get:49 http://archive.ubuntu.com/ubuntu jammy-updates/main amd64 libxml2 amd64 2.9.13+dfsg-1ubuntu0.11 [765 kB]
Get:50 http://archive.ubuntu.com/ubuntu jammy/main amd64 netbase all 6.3 [12.9 kB]
Get:51 http://archive.ubuntu.com/ubuntu jammy/main amd64 python3-dbus amd64 1.2.18-3build1 [99.5 kB]
Get:52 http://archive.ubuntu.com/ubuntu jammy-updates/main amd64 python3-gi amd64 3.42.1-0ubuntu1 [229 kB]
Get:53 http://archive.ubuntu.com/ubuntu jammy-updates/main amd64 networkd-dispatcher all 2.1-2ubuntu0.22.04.2 [15.8 kB]
Get:54 http://archive.ubuntu.com/ubuntu jammy-updates/main amd64 python3-pkg-resources all 59.6.0-1.2ubuntu0.22.04.3 [133 kB]
Get:55 http://archive.ubuntu.com/ubuntu jammy/main amd64 shared-mime-info amd64 2.1-2 [454 kB]
Get:56 http://archive.ubuntu.com/ubuntu jammy-updates/main amd64 systemd-timesyncd amd64 249.11-0ubuntu3.21 [31.2 kB]
Get:57 http://archive.ubuntu.com/ubuntu jammy/main amd64 ucf all 3.0043 [56.1 kB]
Get:58 http://archive.ubuntu.com/ubuntu jammy/main amd64 xdg-user-dirs amd64 0.17-2ubuntu4 [53.9 kB]
Get:59 http://archive.ubuntu.com/ubuntu jammy/main amd64 xkb-data all 2.33-1 [394 kB]
Get:60 http://archive.ubuntu.com/ubuntu jammy/main amd64 libcbor0.8 amd64 0.8.0-2ubuntu1 [24.6 kB]
Get:61 http://archive.ubuntu.com/ubuntu jammy-updates/main amd64 libdrm-common all 2.4.113-2~ubuntu0.22.04.1 [5450 B]
Get:62 http://archive.ubuntu.com/ubuntu jammy-updates/main amd64 libdrm2 amd64 2.4.113-2~ubuntu0.22.04.1 [38.1 kB]
Get:63 http://archive.ubuntu.com/ubuntu jammy/main amd64 libedit2 amd64 3.1-20210910-1build1 [96.8 kB]
Get:64 http://archive.ubuntu.com/ubuntu jammy/main amd64 libfido2-1 amd64 1.10.0-1 [82.8 kB]
Get:65 http://archive.ubuntu.com/ubuntu jammy-updates/main amd64 libnghttp2-14 amd64 1.43.0-1ubuntu0.3 [76.7 kB]
Get:66 http://archive.ubuntu.com/ubuntu jammy-updates/main amd64 libpng16-16 amd64 1.6.37-3ubuntu0.5 [192 kB]
Get:67 http://archive.ubuntu.com/ubuntu jammy/main amd64 libpsl5 amd64 0.21.0-1.2build2 [58.4 kB]
Get:68 http://archive.ubuntu.com/ubuntu jammy-updates/main amd64 libuv1 amd64 1.43.0-1ubuntu0.1 [92.7 kB]
Get:69 http://archive.ubuntu.com/ubuntu jammy/main amd64 libxau6 amd64 1:1.0.9-1build5 [7634 B]
Get:70 http://archive.ubuntu.com/ubuntu jammy/main amd64 libxdmcp6 amd64 1:1.1.3-0ubuntu5 [10.9 kB]
Get:71 http://archive.ubuntu.com/ubuntu jammy/main amd64 libxcb1 amd64 1.14-3ubuntu3 [49.0 kB]
Get:72 http://archive.ubuntu.com/ubuntu jammy-updates/main amd64 libx11-data all 2:1.7.5-1ubuntu0.3 [120 kB]
Get:73 http://archive.ubuntu.com/ubuntu jammy-updates/main amd64 libx11-6 amd64 2:1.7.5-1ubuntu0.3 [667 kB]
Get:74 http://archive.ubuntu.com/ubuntu jammy/main amd64 libxext6 amd64 2:1.3.4-1build1 [31.8 kB]
Get:75 http://archive.ubuntu.com/ubuntu jammy/main amd64 libxmuu1 amd64 2:1.1.3-3 [10.2 kB]
Get:76 http://archive.ubuntu.com/ubuntu jammy/main amd64 manpages all 5.10-1ubuntu1 [1375 kB]
Get:77 http://archive.ubuntu.com/ubuntu jammy-updates/main amd64 openssh-client amd64 1:8.9p1-3ubuntu0.15 [904 kB]
Get:78 http://archive.ubuntu.com/ubuntu jammy/main amd64 publicsuffix all 20211207.1025-1 [129 kB]
Get:79 http://archive.ubuntu.com/ubuntu jammy/main amd64 xauth amd64 1:1.1-1build2 [27.5 kB]
Get:80 http://archive.ubuntu.com/ubuntu jammy-updates/main amd64 xz-utils amd64 5.2.5-2ubuntu1.1 [84.8 kB]
Get:81 http://archive.ubuntu.com/ubuntu jammy/main amd64 hicolor-icon-theme all 0.17-2 [9976 B]
Get:82 http://archive.ubuntu.com/ubuntu jammy-updates/main amd64 libgdk-pixbuf2.0-common all 2.42.8+dfsg-1ubuntu0.5 [5560 B]
Get:83 http://archive.ubuntu.com/ubuntu jammy/main amd64 libjpeg-turbo8 amd64 2.1.2-0ubuntu1 [134 kB]
Get:84 http://archive.ubuntu.com/ubuntu jammy/main amd64 libjpeg8 amd64 8c-2ubuntu10 [2264 B]
Get:85 http://archive.ubuntu.com/ubuntu jammy/main amd64 libdeflate0 amd64 1.10-2 [70.9 kB]
Get:86 http://archive.ubuntu.com/ubuntu jammy-updates/main amd64 libjbig0 amd64 2.1-3.1ubuntu0.22.04.1 [29.2 kB]
Get:87 http://archive.ubuntu.com/ubuntu jammy-updates/main amd64 libwebp7 amd64 1.2.2-2ubuntu0.22.04.2 [206 kB]
Get:88 http://archive.ubuntu.com/ubuntu jammy-updates/main amd64 libtiff5 amd64 4.3.0-6ubuntu0.13 [185 kB]
Get:89 http://archive.ubuntu.com/ubuntu jammy-updates/main amd64 libgdk-pixbuf-2.0-0 amd64 2.42.8+dfsg-1ubuntu0.5 [148 kB]
Get:90 http://archive.ubuntu.com/ubuntu jammy-updates/main amd64 gtk-update-icon-cache amd64 3.24.33-1ubuntu2.2 [31.4 kB]
Get:91 http://archive.ubuntu.com/ubuntu jammy/main amd64 humanity-icon-theme all 0.6.16 [1282 kB]
Get:92 http://archive.ubuntu.com/ubuntu jammy/main amd64 ubuntu-mono all 20.10-0ubuntu2 [153 kB]
Get:93 http://archive.ubuntu.com/ubuntu jammy/main amd64 adwaita-icon-theme all 41.0-1ubuntu1 [3444 kB]
Get:94 http://archive.ubuntu.com/ubuntu jammy/main amd64 libxi6 amd64 2:1.8-1build1 [32.6 kB]
Get:95 http://archive.ubuntu.com/ubuntu jammy/main amd64 libatspi2.0-0 amd64 2.44.0-3 [80.9 kB]
Get:96 http://archive.ubuntu.com/ubuntu jammy/main amd64 x11-common all 1:7.7+23ubuntu2 [23.4 kB]
Get:97 http://archive.ubuntu.com/ubuntu jammy/main amd64 libxtst6 amd64 2:1.2.3-1build4 [13.4 kB]
Get:98 http://archive.ubuntu.com/ubuntu jammy-updates/main amd64 dbus-user-session amd64 1.12.20-2ubuntu4.1 [9442 B]
Get:99 http://archive.ubuntu.com/ubuntu jammy-updates/main amd64 libdconf1 amd64 0.40.0-3ubuntu0.1 [40.5 kB]
Get:100 http://archive.ubuntu.com/ubuntu jammy-updates/main amd64 dconf-service amd64 0.40.0-3ubuntu0.1 [28.1 kB]
Get:101 http://archive.ubuntu.com/ubuntu jammy-updates/main amd64 dconf-gsettings-backend amd64 0.40.0-3ubuntu0.1 [22.7 kB]
Get:102 http://archive.ubuntu.com/ubuntu jammy/main amd64 session-migration amd64 0.3.6 [9774 B]
Get:103 http://archive.ubuntu.com/ubuntu jammy/main amd64 gsettings-desktop-schemas all 42.0-1ubuntu1 [31.1 kB]
Get:104 http://archive.ubuntu.com/ubuntu jammy/main amd64 at-spi2-core amd64 2.44.0-3 [54.4 kB]
Get:105 http://archive.ubuntu.com/ubuntu jammy-updates/main amd64 binutils-common amd64 2.38-4ubuntu2.12 [223 kB]
Get:106 http://archive.ubuntu.com/ubuntu jammy-updates/main amd64 libbinutils amd64 2.38-4ubuntu2.12 [663 kB]
Get:107 http://archive.ubuntu.com/ubuntu jammy-updates/main amd64 libctf-nobfd0 amd64 2.38-4ubuntu2.12 [108 kB]
Get:108 http://archive.ubuntu.com/ubuntu jammy-updates/main amd64 libctf0 amd64 2.38-4ubuntu2.12 [103 kB]
Get:109 http://archive.ubuntu.com/ubuntu jammy-updates/main amd64 binutils-x86-64-linux-gnu amd64 2.38-4ubuntu2.12 [2324 kB]
Get:110 http://archive.ubuntu.com/ubuntu jammy-updates/main amd64 binutils amd64 2.38-4ubuntu2.12 [3184 B]
Get:111 http://archive.ubuntu.com/ubuntu jammy-updates/main amd64 libc-dev-bin amd64 2.35-0ubuntu3.13 [20.3 kB]
Get:112 http://archive.ubuntu.com/ubuntu jammy-updates/main amd64 linux-libc-dev amd64 5.15.0-181.191 [1312 kB]
Get:113 http://archive.ubuntu.com/ubuntu jammy/main amd64 libcrypt-dev amd64 1:4.4.27-1 [112 kB]
Get:114 http://archive.ubuntu.com/ubuntu jammy/main amd64 rpcsvc-proto amd64 1.4.2-0ubuntu6 [68.5 kB]
Get:115 http://archive.ubuntu.com/ubuntu jammy-updates/main amd64 libtirpc-dev amd64 1.3.2-2ubuntu0.1 [192 kB]
Get:116 http://archive.ubuntu.com/ubuntu jammy/main amd64 libnsl-dev amd64 1.3.0-2build2 [71.3 kB]
Get:117 http://archive.ubuntu.com/ubuntu jammy-updates/main amd64 libc6-dev amd64 2.35-0ubuntu3.13 [2101 kB]
Get:118 http://archive.ubuntu.com/ubuntu jammy-updates/main amd64 gcc-11-base amd64 11.4.0-1ubuntu1~22.04.3 [216 kB]
Get:119 http://archive.ubuntu.com/ubuntu jammy/main amd64 libisl23 amd64 0.24-2build1 [727 kB]
Get:120 http://archive.ubuntu.com/ubuntu jammy/main amd64 libmpfr6 amd64 4.1.0-3build3 [1425 kB]
Get:121 http://archive.ubuntu.com/ubuntu jammy/main amd64 libmpc3 amd64 1.2.1-2build1 [46.9 kB]
Get:122 http://archive.ubuntu.com/ubuntu jammy-updates/main amd64 cpp-11 amd64 11.4.0-1ubuntu1~22.04.3 [10.0 MB]
Get:123 http://archive.ubuntu.com/ubuntu jammy/main amd64 cpp amd64 4:11.2.0-1ubuntu1 [27.7 kB]
Get:124 http://archive.ubuntu.com/ubuntu jammy-updates/main amd64 libcc1-0 amd64 12.3.0-1ubuntu1~22.04.3 [48.3 kB]
Get:125 http://archive.ubuntu.com/ubuntu jammy-updates/main amd64 libgomp1 amd64 12.3.0-1ubuntu1~22.04.3 [127 kB]
Get:126 http://archive.ubuntu.com/ubuntu jammy-updates/main amd64 libitm1 amd64 12.3.0-1ubuntu1~22.04.3 [30.2 kB]
Get:127 http://archive.ubuntu.com/ubuntu jammy-updates/main amd64 libatomic1 amd64 12.3.0-1ubuntu1~22.04.3 [10.5 kB]
Get:128 http://archive.ubuntu.com/ubuntu jammy-updates/main amd64 libasan6 amd64 11.4.0-1ubuntu1~22.04.3 [2283 kB]
Get:129 http://archive.ubuntu.com/ubuntu jammy-updates/main amd64 liblsan0 amd64 12.3.0-1ubuntu1~22.04.3 [1069 kB]
Get:130 http://archive.ubuntu.com/ubuntu jammy-updates/main amd64 libtsan0 amd64 11.4.0-1ubuntu1~22.04.3 [2260 kB]
Get:131 http://archive.ubuntu.com/ubuntu jammy-updates/main amd64 libubsan1 amd64 12.3.0-1ubuntu1~22.04.3 [976 kB]
Get:132 http://archive.ubuntu.com/ubuntu jammy-updates/main amd64 libquadmath0 amd64 12.3.0-1ubuntu1~22.04.3 [154 kB]
Get:133 http://archive.ubuntu.com/ubuntu jammy-updates/main amd64 libgcc-11-dev amd64 11.4.0-1ubuntu1~22.04.3 [2517 kB]
Get:134 http://archive.ubuntu.com/ubuntu jammy-updates/main amd64 gcc-11 amd64 11.4.0-1ubuntu1~22.04.3 [20.1 MB]
Get:135 http://archive.ubuntu.com/ubuntu jammy/main amd64 gcc amd64 4:11.2.0-1ubuntu1 [5112 B]
Get:136 http://archive.ubuntu.com/ubuntu jammy-updates/main amd64 libstdc++-11-dev amd64 11.4.0-1ubuntu1~22.04.3 [2101 kB]
Get:137 http://archive.ubuntu.com/ubuntu jammy-updates/main amd64 g++-11 amd64 11.4.0-1ubuntu1~22.04.3 [11.4 MB]
Get:138 http://archive.ubuntu.com/ubuntu jammy/main amd64 g++ amd64 4:11.2.0-1ubuntu1 [1412 B]
Get:139 http://archive.ubuntu.com/ubuntu jammy/main amd64 make amd64 4.3-4.1build1 [180 kB]
Get:140 http://archive.ubuntu.com/ubuntu jammy-updates/main amd64 libdpkg-perl all 1.21.1ubuntu2.6 [237 kB]
Get:141 http://archive.ubuntu.com/ubuntu jammy/main amd64 bzip2 amd64 1.0.8-5build1 [34.8 kB]
Get:142 http://archive.ubuntu.com/ubuntu jammy/main amd64 patch amd64 2.7.6-7build2 [109 kB]
Get:143 http://archive.ubuntu.com/ubuntu jammy/main amd64 lto-disabled-list all 24 [12.5 kB]
Get:144 http://archive.ubuntu.com/ubuntu jammy-updates/main amd64 dpkg-dev all 1.21.1ubuntu2.6 [922 kB]
Get:145 http://archive.ubuntu.com/ubuntu jammy/main amd64 build-essential amd64 12.9ubuntu3 [4744 B]
Get:146 http://archive.ubuntu.com/ubuntu jammy/main amd64 libassuan0 amd64 2.5.5-1build1 [38.2 kB]
Get:147 http://archive.ubuntu.com/ubuntu jammy-updates/main amd64 gpgconf amd64 2.2.27-3ubuntu2.5 [94.3 kB]
Get:148 http://archive.ubuntu.com/ubuntu jammy-updates/main amd64 libksba8 amd64 1.6.0-2ubuntu0.2 [119 kB]
Get:149 http://archive.ubuntu.com/ubuntu jammy-updates/main amd64 libsasl2-modules-db amd64 2.1.27+dfsg2-3ubuntu1.2 [20.5 kB]
Get:150 http://archive.ubuntu.com/ubuntu jammy-updates/main amd64 libsasl2-2 amd64 2.1.27+dfsg2-3ubuntu1.2 [53.8 kB]
Get:151 http://archive.ubuntu.com/ubuntu jammy-updates/main amd64 libldap-2.5-0 amd64 2.5.20+dfsg-0ubuntu0.22.04.1 [184 kB]
Get:152 http://archive.ubuntu.com/ubuntu jammy/main amd64 libnpth0 amd64 1.6-3build2 [8664 B]
Get:153 http://archive.ubuntu.com/ubuntu jammy-updates/main amd64 dirmngr amd64 2.2.27-3ubuntu2.5 [293 kB]
Get:154 http://archive.ubuntu.com/ubuntu jammy/main amd64 libfakeroot amd64 1.28-1ubuntu1 [31.5 kB]
Get:155 http://archive.ubuntu.com/ubuntu jammy/main amd64 fakeroot amd64 1.28-1ubuntu1 [60.4 kB]
Get:156 http://archive.ubuntu.com/ubuntu jammy/main amd64 libbrotli1 amd64 1.0.9-2build6 [315 kB]
Get:157 http://archive.ubuntu.com/ubuntu jammy-updates/main amd64 libfreetype6 amd64 2.11.1+dfsg-1ubuntu0.3 [388 kB]
Get:158 http://archive.ubuntu.com/ubuntu jammy/main amd64 fonts-dejavu-core all 2.37-2build1 [1041 kB]
Get:159 http://archive.ubuntu.com/ubuntu jammy/main amd64 fontconfig-config all 2.13.1-4.2ubuntu5 [29.1 kB]
Get:160 http://archive.ubuntu.com/ubuntu jammy/main amd64 libfontconfig1 amd64 2.13.1-4.2ubuntu5 [131 kB]
Get:161 http://archive.ubuntu.com/ubuntu jammy/main amd64 fontconfig amd64 2.13.1-4.2ubuntu5 [177 kB]
Get:162 http://archive.ubuntu.com/ubuntu jammy/main amd64 librtmp1 amd64 2.4+20151223.gitfa8646d.1-2build4 [58.2 kB]
Get:163 http://archive.ubuntu.com/ubuntu jammy-updates/main amd64 libssh-4 amd64 0.9.6-2ubuntu0.22.04.7 [187 kB]
Get:164 http://archive.ubuntu.com/ubuntu jammy-updates/main amd64 libcurl3-gnutls amd64 7.81.0-1ubuntu1.24 [285 kB]
Get:165 http://archive.ubuntu.com/ubuntu jammy/main amd64 liberror-perl all 0.17029-1 [26.5 kB]
Get:166 http://archive.ubuntu.com/ubuntu jammy-updates/main amd64 git-man all 1:2.34.1-1ubuntu1.17 [954 kB]
Get:167 http://archive.ubuntu.com/ubuntu jammy-updates/main amd64 git amd64 1:2.34.1-1ubuntu1.17 [3174 kB]
Get:168 http://archive.ubuntu.com/ubuntu jammy-updates/main amd64 gnupg-l10n all 2.2.27-3ubuntu2.5 [54.5 kB]
Get:169 http://archive.ubuntu.com/ubuntu jammy-updates/main amd64 gnupg-utils amd64 2.2.27-3ubuntu2.5 [309 kB]
Get:170 http://archive.ubuntu.com/ubuntu jammy-updates/main amd64 gpg amd64 2.2.27-3ubuntu2.5 [519 kB]
Get:171 http://archive.ubuntu.com/ubuntu jammy/main amd64 pinentry-curses amd64 1.1.1-1build2 [34.4 kB]
Get:172 http://archive.ubuntu.com/ubuntu jammy-updates/main amd64 gpg-agent amd64 2.2.27-3ubuntu2.5 [209 kB]
Get:173 http://archive.ubuntu.com/ubuntu jammy-updates/main amd64 gpg-wks-client amd64 2.2.27-3ubuntu2.5 [62.7 kB]
Get:174 http://archive.ubuntu.com/ubuntu jammy-updates/main amd64 gpg-wks-server amd64 2.2.27-3ubuntu2.5 [57.6 kB]
Get:175 http://archive.ubuntu.com/ubuntu jammy-updates/main amd64 gpgsm amd64 2.2.27-3ubuntu2.5 [197 kB]
Get:176 http://archive.ubuntu.com/ubuntu jammy-updates/main amd64 gnupg all 2.2.27-3ubuntu2.5 [315 kB]
Get:177 http://archive.ubuntu.com/ubuntu jammy/universe amd64 gyp all 0.1+20210831gitd6c5dd5-5 [238 kB]
Get:178 http://archive.ubuntu.com/ubuntu jammy/main amd64 javascript-common all 11+nmu1 [5936 B]
Get:179 http://archive.ubuntu.com/ubuntu jammy/main amd64 libalgorithm-diff-perl all 1.201-1 [41.8 kB]
Get:180 http://archive.ubuntu.com/ubuntu jammy/main amd64 libalgorithm-diff-xs-perl amd64 0.04-6build3 [11.9 kB]
Get:181 http://archive.ubuntu.com/ubuntu jammy/main amd64 libalgorithm-merge-perl all 0.08-3 [12.0 kB]
Get:182 http://archive.ubuntu.com/ubuntu jammy/main amd64 libatk1.0-data all 2.36.0-3build1 [2824 B]
Get:183 http://archive.ubuntu.com/ubuntu jammy/main amd64 libatk1.0-0 amd64 2.36.0-3build1 [51.9 kB]
Get:184 http://archive.ubuntu.com/ubuntu jammy/main amd64 libatk-bridge2.0-0 amd64 2.38.0-3 [66.6 kB]
Get:185 http://archive.ubuntu.com/ubuntu jammy-updates/main amd64 libavahi-common-data amd64 0.8-5ubuntu5.5 [24.0 kB]
Get:186 http://archive.ubuntu.com/ubuntu jammy-updates/main amd64 libavahi-common3 amd64 0.8-5ubuntu5.5 [23.9 kB]
Get:187 http://archive.ubuntu.com/ubuntu jammy-updates/main amd64 libavahi-client3 amd64 0.8-5ubuntu5.5 [28.1 kB]
Get:188 http://archive.ubuntu.com/ubuntu jammy-updates/main amd64 libxpm4 amd64 1:3.5.12-1ubuntu0.22.04.2 [36.7 kB]
Get:189 http://archive.ubuntu.com/ubuntu jammy-updates/main amd64 libgd3 amd64 2.3.0-2ubuntu2.3 [129 kB]
Get:190 http://archive.ubuntu.com/ubuntu jammy-updates/main amd64 libc-devtools amd64 2.35-0ubuntu3.13 [29.0 kB]
Get:191 http://archive.ubuntu.com/ubuntu jammy-updates/main amd64 libpixman-1-0 amd64 0.40.0-1ubuntu0.22.04.1 [264 kB]
Get:192 http://archive.ubuntu.com/ubuntu jammy/main amd64 libxcb-render0 amd64 1.14-3ubuntu3 [16.4 kB]
Get:193 http://archive.ubuntu.com/ubuntu jammy/main amd64 libxcb-shm0 amd64 1.14-3ubuntu3 [5780 B]
Get:194 http://archive.ubuntu.com/ubuntu jammy/main amd64 libxrender1 amd64 1:0.9.10-1build4 [19.7 kB]
Get:195 http://archive.ubuntu.com/ubuntu jammy-updates/main amd64 libcairo2 amd64 1.16.0-5ubuntu2.1 [628 kB]
Get:196 http://archive.ubuntu.com/ubuntu jammy-updates/main amd64 libcairo-gobject2 amd64 1.16.0-5ubuntu2.1 [19.5 kB]
Get:197 http://archive.ubuntu.com/ubuntu jammy/main amd64 libclone-perl amd64 0.45-1build3 [11.0 kB]
Get:198 http://archive.ubuntu.com/ubuntu jammy-updates/main amd64 liblcms2-2 amd64 2.12~rc1-2ubuntu0.1 [159 kB]
Get:199 http://archive.ubuntu.com/ubuntu jammy/main amd64 libcolord2 amd64 1.4.6-1 [155 kB]
Get:200 http://archive.ubuntu.com/ubuntu jammy-updates/main amd64 libcups2 amd64 2.4.1op1-1ubuntu4.21 [266 kB]
Get:201 http://archive.ubuntu.com/ubuntu jammy/main amd64 libdata-dump-perl all 1.25-1 [25.9 kB]
Get:202 http://archive.ubuntu.com/ubuntu jammy/main amd64 libdatrie1 amd64 0.2.13-2 [19.9 kB]
Get:203 http://archive.ubuntu.com/ubuntu jammy-updates/main amd64 libdrm-amdgpu1 amd64 2.4.113-2~ubuntu0.22.04.1 [19.9 kB]
Get:204 http://archive.ubuntu.com/ubuntu jammy/main amd64 libpciaccess0 amd64 0.16-3 [19.1 kB]
Get:205 http://archive.ubuntu.com/ubuntu jammy-updates/main amd64 libdrm-intel1 amd64 2.4.113-2~ubuntu0.22.04.1 [66.7 kB]
Get:206 http://archive.ubuntu.com/ubuntu jammy-updates/main amd64 libdrm-nouveau2 amd64 2.4.113-2~ubuntu0.22.04.1 [17.5 kB]
Get:207 http://archive.ubuntu.com/ubuntu jammy-updates/main amd64 libdrm-radeon1 amd64 2.4.113-2~ubuntu0.22.04.1 [21.6 kB]
Get:208 http://archive.ubuntu.com/ubuntu jammy/main amd64 libencode-locale-perl all 1.05-1.1 [11.8 kB]
Get:209 http://archive.ubuntu.com/ubuntu jammy/main amd64 libepoxy0 amd64 1.5.10-1 [237 kB]
Get:210 http://archive.ubuntu.com/ubuntu jammy/main amd64 libipc-system-simple-perl all 1.30-1 [23.2 kB]
Get:211 http://archive.ubuntu.com/ubuntu jammy/main amd64 libfile-basedir-perl all 0.09-1 [15.7 kB]
Get:212 http://archive.ubuntu.com/ubuntu jammy/main amd64 liburi-perl all 5.10-1 [78.8 kB]
Get:213 http://archive.ubuntu.com/ubuntu jammy/main amd64 libfile-desktopentry-perl all 0.22-2 [17.8 kB]
Get:214 http://archive.ubuntu.com/ubuntu jammy/main amd64 libfile-fcntllock-perl amd64 0.22-3build7 [33.9 kB]
Get:215 http://archive.ubuntu.com/ubuntu jammy/main amd64 libtimedate-perl all 2.3300-2 [34.0 kB]
Get:216 http://archive.ubuntu.com/ubuntu jammy/main amd64 libhttp-date-perl all 6.05-1 [9920 B]
Get:217 http://archive.ubuntu.com/ubuntu jammy/main amd64 libfile-listing-perl all 6.14-1 [11.2 kB]
Get:218 http://archive.ubuntu.com/ubuntu jammy/main amd64 libfile-mimeinfo-perl all 0.31-1 [43.5 kB]
Get:219 http://archive.ubuntu.com/ubuntu jammy/main amd64 libfont-afm-perl all 1.20-3 [13.6 kB]
Get:220 http://archive.ubuntu.com/ubuntu jammy/main amd64 libfontenc1 amd64 1:1.1.4-1build3 [14.7 kB]
Get:221 http://archive.ubuntu.com/ubuntu jammy-updates/main amd64 libgdk-pixbuf2.0-bin amd64 2.42.8+dfsg-1ubuntu0.5 [14.2 kB]
Get:222 http://archive.ubuntu.com/ubuntu jammy-updates/main amd64 libglapi-mesa amd64 23.2.1-1ubuntu3.1~22.04.4 [35.6 kB]
Get:223 http://archive.ubuntu.com/ubuntu jammy-updates/main amd64 libgl1-amber-dri amd64 21.3.9-0ubuntu1~22.04.2 [4211 kB]
Get:224 http://archive.ubuntu.com/ubuntu jammy-updates/main amd64 libllvm15 amd64 1:15.0.7-0ubuntu0.22.04.3 [25.4 MB]
Get:225 http://archive.ubuntu.com/ubuntu jammy/main amd64 libsensors-config all 1:3.6.0-7ubuntu1 [5274 B]
Get:226 http://archive.ubuntu.com/ubuntu jammy/main amd64 libsensors5 amd64 1:3.6.0-7ubuntu1 [26.3 kB]
Get:227 http://archive.ubuntu.com/ubuntu jammy/main amd64 libxcb-dri3-0 amd64 1.14-3ubuntu3 [6968 B]
Get:228 http://archive.ubuntu.com/ubuntu jammy-updates/main amd64 libgl1-mesa-dri amd64 23.2.1-1ubuntu3.1~22.04.4 [8860 kB]
Get:229 http://archive.ubuntu.com/ubuntu jammy-updates/main amd64 libx11-xcb1 amd64 2:1.7.5-1ubuntu0.3 [7802 B]
Get:230 http://archive.ubuntu.com/ubuntu jammy/main amd64 libxcb-dri2-0 amd64 1.14-3ubuntu3 [7206 B]
Get:231 http://archive.ubuntu.com/ubuntu jammy/main amd64 libxcb-glx0 amd64 1.14-3ubuntu3 [25.9 kB]
Get:232 http://archive.ubuntu.com/ubuntu jammy/main amd64 libxcb-present0 amd64 1.14-3ubuntu3 [5734 B]
Get:233 http://archive.ubuntu.com/ubuntu jammy/main amd64 libxcb-randr0 amd64 1.14-3ubuntu3 [18.3 kB]
Get:234 http://archive.ubuntu.com/ubuntu jammy/main amd64 libxcb-sync1 amd64 1.14-3ubuntu3 [9416 B]
Get:235 http://archive.ubuntu.com/ubuntu jammy/main amd64 libxcb-xfixes0 amd64 1.14-3ubuntu3 [9996 B]
Get:236 http://archive.ubuntu.com/ubuntu jammy/main amd64 libxfixes3 amd64 1:6.0.0-1 [11.7 kB]
Get:237 http://archive.ubuntu.com/ubuntu jammy/main amd64 libxshmfence1 amd64 1.3-1build4 [5394 B]
Get:238 http://archive.ubuntu.com/ubuntu jammy/main amd64 libxxf86vm1 amd64 1:1.1.4-1build3 [10.4 kB]
Get:239 http://archive.ubuntu.com/ubuntu jammy-updates/main amd64 libglx-mesa0 amd64 23.2.1-1ubuntu3.1~22.04.4 [158 kB]
Get:240 http://archive.ubuntu.com/ubuntu jammy/main amd64 libgraphite2-3 amd64 1.3.14-1build2 [71.3 kB]
Get:241 http://archive.ubuntu.com/ubuntu jammy-updates/main amd64 libharfbuzz0b amd64 2.7.4-1ubuntu3.2 [353 kB]
Get:242 http://archive.ubuntu.com/ubuntu jammy/main amd64 libthai-data all 0.1.29-1build1 [162 kB]
Get:243 http://archive.ubuntu.com/ubuntu jammy/main amd64 libthai0 amd64 0.1.29-1build1 [19.2 kB]
Get:244 http://archive.ubuntu.com/ubuntu jammy-updates/main amd64 libpango-1.0-0 amd64 1.50.6+ds-2ubuntu1 [230 kB]
Get:245 http://archive.ubuntu.com/ubuntu jammy-updates/main amd64 libpangoft2-1.0-0 amd64 1.50.6+ds-2ubuntu1 [54.0 kB]
Get:246 http://archive.ubuntu.com/ubuntu jammy-updates/main amd64 libpangocairo-1.0-0 amd64 1.50.6+ds-2ubuntu1 [39.8 kB]
Get:247 http://archive.ubuntu.com/ubuntu jammy-updates/main amd64 libwayland-client0 amd64 1.20.0-1ubuntu0.1 [25.9 kB]
Get:248 http://archive.ubuntu.com/ubuntu jammy-updates/main amd64 libwayland-cursor0 amd64 1.20.0-1ubuntu0.1 [10.7 kB]
Get:249 http://archive.ubuntu.com/ubuntu jammy-updates/main amd64 libwayland-egl1 amd64 1.20.0-1ubuntu0.1 [5582 B]
Get:250 http://archive.ubuntu.com/ubuntu jammy/main amd64 libxcomposite1 amd64 1:0.4.5-1build2 [7192 B]
Get:251 http://archive.ubuntu.com/ubuntu jammy/main amd64 libxcursor1 amd64 1:1.2.0-2build4 [20.9 kB]
Get:252 http://archive.ubuntu.com/ubuntu jammy/main amd64 libxdamage1 amd64 1:1.1.5-2build2 [7154 B]
Get:253 http://archive.ubuntu.com/ubuntu jammy/main amd64 libxinerama1 amd64 2:1.1.4-3 [7382 B]
Get:254 http://archive.ubuntu.com/ubuntu jammy/main amd64 libxkbcommon0 amd64 1.4.0-1 [125 kB]
Get:255 http://archive.ubuntu.com/ubuntu jammy/main amd64 libxrandr2 amd64 2:1.5.2-1build1 [20.4 kB]
Get:256 http://archive.ubuntu.com/ubuntu jammy-updates/main amd64 libgtk-3-common all 3.24.33-1ubuntu2.2 [239 kB]
Get:257 http://archive.ubuntu.com/ubuntu jammy-updates/main amd64 libgtk-3-0 amd64 3.24.33-1ubuntu2.2 [3053 kB]
Get:258 http://archive.ubuntu.com/ubuntu jammy-updates/main amd64 libgtk-3-bin amd64 3.24.33-1ubuntu2.2 [69.6 kB]
Get:259 http://archive.ubuntu.com/ubuntu jammy-updates/main amd64 librsvg2-2 amd64 2.52.5+dfsg-3ubuntu0.2 [2974 kB]
Get:260 http://archive.ubuntu.com/ubuntu jammy/universe amd64 libllvm11 amd64 1:11.1.0-6 [19.6 MB]
Get:261 http://archive.ubuntu.com/ubuntu jammy/universe amd64 libphobos2-ldc-shared98 amd64 1:1.28.0-1ubuntu1 [1487 kB]
Get:262 http://archive.ubuntu.com/ubuntu jammy/universe amd64 libgtkd-3-0 amd64 3.10.0-1ubuntu1 [1963 kB]
Get:263 http://archive.ubuntu.com/ubuntu jammy/main amd64 libhtml-tagset-perl all 3.20-4 [12.5 kB]
Get:264 http://archive.ubuntu.com/ubuntu jammy/main amd64 libhtml-parser-perl amd64 3.76-1build2 [88.4 kB]
Get:265 http://archive.ubuntu.com/ubuntu jammy/main amd64 libio-html-perl all 1.004-2 [15.4 kB]
Get:266 http://archive.ubuntu.com/ubuntu jammy/main amd64 liblwp-mediatypes-perl all 6.04-1 [19.5 kB]
Get:267 http://archive.ubuntu.com/ubuntu jammy/main amd64 libhttp-message-perl all 6.36-1 [76.8 kB]
Get:268 http://archive.ubuntu.com/ubuntu jammy/main amd64 libhtml-form-perl all 6.07-1 [22.2 kB]
Get:269 http://archive.ubuntu.com/ubuntu jammy/main amd64 libhtml-tree-perl all 5.07-2 [200 kB]
Get:270 http://archive.ubuntu.com/ubuntu jammy/main amd64 libhtml-format-perl all 2.12-1.1 [41.3 kB]
Get:271 http://archive.ubuntu.com/ubuntu jammy/main amd64 libhttp-cookies-perl all 6.10-1 [18.4 kB]
Get:272 http://archive.ubuntu.com/ubuntu jammy-updates/main amd64 libhttp-daemon-perl all 6.13-1ubuntu0.2 [24.2 kB]
Get:273 http://archive.ubuntu.com/ubuntu jammy/main amd64 libhttp-negotiate-perl all 6.01-1 [12.5 kB]
Get:274 http://archive.ubuntu.com/ubuntu jammy/main amd64 libice6 amd64 2:1.0.10-1build2 [42.6 kB]
Get:275 http://archive.ubuntu.com/ubuntu jammy/main amd64 perl-openssl-defaults amd64 5build2 [7542 B]
Get:276 http://archive.ubuntu.com/ubuntu jammy/main amd64 libnet-ssleay-perl amd64 1.92-1build2 [327 kB]
Get:277 http://archive.ubuntu.com/ubuntu jammy/main amd64 libio-socket-ssl-perl all 2.074-2 [192 kB]
Get:278 http://archive.ubuntu.com/ubuntu jammy/main amd64 libio-stringy-perl all 2.111-3 [55.8 kB]
Get:279 http://archive.ubuntu.com/ubuntu jammy/universe amd64 libjs-events all 3.3.0+~3.0.0-2 [9734 B]
Get:280 http://archive.ubuntu.com/ubuntu jammy/universe amd64 libjs-highlight.js all 9.18.5+dfsg1-1 [367 kB]
Get:281 http://archive.ubuntu.com/ubuntu jammy/universe amd64 libjs-is-typedarray all 1.0.0-4 [3804 B]
Get:282 http://archive.ubuntu.com/ubuntu jammy/universe amd64 libjs-psl all 1.8.0+ds-6 [76.3 kB]
Get:283 http://archive.ubuntu.com/ubuntu jammy/universe amd64 libjs-sprintf-js all 1.1.2+ds1+~1.1.2-1 [12.8 kB]
Get:284 http://archive.ubuntu.com/ubuntu jammy/universe amd64 libjs-typedarray-to-buffer all 4.0.0-2 [4658 B]
Get:285 http://archive.ubuntu.com/ubuntu jammy-updates/main amd64 libldap-common all 2.5.20+dfsg-0ubuntu0.22.04.1 [16.4 kB]
Get:286 http://archive.ubuntu.com/ubuntu jammy/main amd64 libnet-http-perl all 6.22-1 [23.2 kB]
Get:287 http://archive.ubuntu.com/ubuntu jammy/main amd64 libtry-tiny-perl all 0.31-1 [21.8 kB]
Get:288 http://archive.ubuntu.com/ubuntu jammy/main amd64 libwww-robotrules-perl all 6.02-1 [12.6 kB]
Get:289 http://archive.ubuntu.com/ubuntu jammy-updates/main amd64 libwww-perl all 6.61-1ubuntu0.1 [142 kB]
Get:290 http://archive.ubuntu.com/ubuntu jammy/main amd64 liblwp-protocol-https-perl all 6.10-1 [10.9 kB]
Get:291 http://archive.ubuntu.com/ubuntu jammy/main amd64 libnet-smtp-ssl-perl all 1.04-1 [5948 B]
Get:292 http://archive.ubuntu.com/ubuntu jammy/main amd64 libmailtools-perl all 2.21-1 [80.7 kB]
Get:293 http://archive.ubuntu.com/ubuntu jammy-updates/main amd64 libxml-parser-perl amd64 2.46-3ubuntu0.1 [212 kB]
Get:294 http://archive.ubuntu.com/ubuntu jammy/main amd64 libxml-twig-perl all 1:3.52-1 [157 kB]
Get:295 http://archive.ubuntu.com/ubuntu jammy/main amd64 libnet-dbus-perl amd64 1.2.0-1build3 [181 kB]
Get:296 http://archive.ubuntu.com/ubuntu jammy-updates/main amd64 libssl-dev amd64 3.0.2-0ubuntu1.25 [2377 kB]
Get:297 http://archive.ubuntu.com/ubuntu jammy-updates/main amd64 libuv1-dev amd64 1.43.0-1ubuntu0.1 [130 kB]
Get:298 http://archive.ubuntu.com/ubuntu jammy-updates/main amd64 libc-ares2 amd64 1.18.1-1ubuntu0.22.04.3 [45.1 kB]
Get:299 http://archive.ubuntu.com/ubuntu jammy-updates/universe amd64 libnode72 amd64 12.22.9~dfsg-1ubuntu3.6 [10.8 MB]
Get:300 http://archive.ubuntu.com/ubuntu jammy-updates/universe amd64 libnode-dev amd64 12.22.9~dfsg-1ubuntu3.6 [609 kB]
Get:301 http://archive.ubuntu.com/ubuntu jammy-updates/main amd64 libnotify4 amd64 0.7.9-3ubuntu5.22.04.1 [20.3 kB]
Get:302 http://archive.ubuntu.com/ubuntu jammy-updates/main amd64 libnotify-bin amd64 0.7.9-3ubuntu5.22.04.1 [7560 B]
Get:303 http://archive.ubuntu.com/ubuntu jammy-updates/main amd64 librsvg2-common amd64 2.52.5+dfsg-3ubuntu0.2 [17.7 kB]
Get:304 http://archive.ubuntu.com/ubuntu jammy-updates/main amd64 libsasl2-modules amd64 2.1.27+dfsg2-3ubuntu1.2 [68.8 kB]
Get:305 http://archive.ubuntu.com/ubuntu jammy/main amd64 libsm6 amd64 2:1.2.3-1build2 [16.7 kB]
Get:306 http://archive.ubuntu.com/ubuntu jammy/main amd64 libtie-ixhash-perl all 1.23-2.1 [11.3 kB]
Get:307 http://archive.ubuntu.com/ubuntu jammy-updates/main amd64 libunwind8 amd64 1.3.2-2build2.1 [54.5 kB]
Get:308 http://archive.ubuntu.com/ubuntu jammy-updates/main amd64 libvte-2.91-common amd64 0.68.0-1ubuntu0.1 [9408 B]
Get:309 http://archive.ubuntu.com/ubuntu jammy-updates/main amd64 libvte-2.91-0 amd64 0.68.0-1ubuntu0.1 [214 kB]
Get:310 http://archive.ubuntu.com/ubuntu jammy/universe amd64 libvted-3-0 amd64 3.10.0-1ubuntu1 [54.1 kB]
Get:311 http://archive.ubuntu.com/ubuntu jammy/main amd64 libx11-protocol-perl all 0.56-7.1 [138 kB]
Get:312 http://archive.ubuntu.com/ubuntu jammy/main amd64 libxt6 amd64 1:1.2.1-1 [177 kB]
Get:313 http://archive.ubuntu.com/ubuntu jammy/main amd64 libxmu6 amd64 2:1.1.3-3 [49.6 kB]
Get:314 http://archive.ubuntu.com/ubuntu jammy/main amd64 libxaw7 amd64 2:1.0.14-1 [191 kB]
Get:315 http://archive.ubuntu.com/ubuntu jammy/main amd64 libxcb-shape0 amd64 1.14-3ubuntu3 [6158 B]
Get:316 http://archive.ubuntu.com/ubuntu jammy/main amd64 libxft2 amd64 2.3.4-1 [41.8 kB]
Get:317 http://archive.ubuntu.com/ubuntu jammy/main amd64 libxkbfile1 amd64 1:1.1.0-1build3 [71.8 kB]
Get:318 http://archive.ubuntu.com/ubuntu jammy/main amd64 libxml-xpathengine-perl all 0.14-1 [31.8 kB]
Get:319 http://archive.ubuntu.com/ubuntu jammy/main amd64 libxv1 amd64 2:1.0.11-1build2 [11.2 kB]
Get:320 http://archive.ubuntu.com/ubuntu jammy/main amd64 libxxf86dga1 amd64 2:1.1.5-0ubuntu3 [12.6 kB]
Get:321 http://archive.ubuntu.com/ubuntu jammy/main amd64 manpages-dev all 5.10-1ubuntu1 [2309 kB]
Get:322 http://archive.ubuntu.com/ubuntu jammy-updates/universe amd64 nodejs amd64 12.22.9~dfsg-1ubuntu3.6 [122 kB]
Get:323 http://archive.ubuntu.com/ubuntu jammy/universe amd64 node-abab all 2.0.5-2 [6578 B]
Get:324 http://archive.ubuntu.com/ubuntu jammy/universe amd64 node-ms all 2.1.3+~cs0.7.31-2 [5782 B]
Get:325 http://archive.ubuntu.com/ubuntu jammy/universe amd64 node-debug all 4.3.2+~cs4.1.7-1 [17.6 kB]
Get:326 http://archive.ubuntu.com/ubuntu jammy/universe amd64 node-yallist all 4.0.0+~4.0.1-1 [8322 B]
Get:327 http://archive.ubuntu.com/ubuntu jammy/universe amd64 node-lru-cache all 6.0.0+~5.1.1-1 [11.3 kB]
Get:328 http://archive.ubuntu.com/ubuntu jammy/universe amd64 node-semver all 7.3.5+~7.3.8-1 [41.5 kB]
Get:329 http://archive.ubuntu.com/ubuntu jammy/universe amd64 node-agent-base all 6.0.2+~cs5.4.2-1 [17.9 kB]
Get:330 http://archive.ubuntu.com/ubuntu jammy/universe amd64 node-ansi-regex all 5.0.1-1 [4984 B]
Get:331 http://archive.ubuntu.com/ubuntu jammy/universe amd64 node-ansistyles all 0.1.3-5 [4546 B]
Get:332 http://archive.ubuntu.com/ubuntu jammy/universe amd64 node-aproba all 2.0.0-2 [5620 B]
Get:333 http://archive.ubuntu.com/ubuntu jammy/universe amd64 node-delegates all 1.0.0-3 [4280 B]
Get:334 http://archive.ubuntu.com/ubuntu jammy/universe amd64 libjs-inherits all 2.0.4-4 [3468 B]
Get:335 http://archive.ubuntu.com/ubuntu jammy/universe amd64 node-inherits all 2.0.4-4 [3010 B]
Get:336 http://archive.ubuntu.com/ubuntu jammy/universe amd64 node-core-util-is all 1.0.3-1 [4066 B]
Get:337 http://archive.ubuntu.com/ubuntu jammy/universe amd64 node-safe-buffer all 5.2.1+~cs2.1.2-2 [15.7 kB]
Get:338 http://archive.ubuntu.com/ubuntu jammy/universe amd64 node-string-decoder all 1.3.0-5 [7046 B]
Get:339 http://archive.ubuntu.com/ubuntu jammy/universe amd64 node-process-nextick-args all 2.0.1-2 [3730 B]
Get:340 http://archive.ubuntu.com/ubuntu jammy/universe amd64 node-util-deprecate all 1.0.2-3 [4202 B]
Get:341 http://archive.ubuntu.com/ubuntu jammy/universe amd64 node-isarray all 2.0.5-3 [3934 B]
Get:342 http://archive.ubuntu.com/ubuntu jammy/universe amd64 node-readable-stream all 3.6.0+~cs3.0.0-1 [32.6 kB]
Get:343 http://archive.ubuntu.com/ubuntu jammy/universe amd64 node-are-we-there-yet all 3.0.0+~1.1.0-1 [8920 B]
Get:344 http://archive.ubuntu.com/ubuntu jammy/universe amd64 node-arrify all 2.0.1-2 [3610 B]
Get:345 http://archive.ubuntu.com/ubuntu jammy/universe amd64 node-asap all 2.0.6+~2.0.0-1 [14.4 kB]
Get:346 http://archive.ubuntu.com/ubuntu jammy/universe amd64 node-asynckit all 0.4.0-4 [10.6 kB]
Get:347 http://archive.ubuntu.com/ubuntu jammy/universe amd64 node-builtins all 4.0.0-1 [3860 B]
Get:348 http://archive.ubuntu.com/ubuntu jammy/universe amd64 node-chownr all 2.0.0-1 [4404 B]
Get:349 http://archive.ubuntu.com/ubuntu jammy/universe amd64 node-fs.realpath all 1.0.0-2 [6106 B]
Get:350 http://archive.ubuntu.com/ubuntu jammy/universe amd64 node-wrappy all 1.0.2-2 [3658 B]
Get:351 http://archive.ubuntu.com/ubuntu jammy/universe amd64 node-once all 1.4.0-4 [4708 B]
Get:352 http://archive.ubuntu.com/ubuntu jammy/universe amd64 node-inflight all 1.0.6-2 [3940 B]
Get:353 http://archive.ubuntu.com/ubuntu jammy/universe amd64 node-balanced-match all 2.0.0-1 [4910 B]
Get:354 http://archive.ubuntu.com/ubuntu jammy/universe amd64 node-brace-expansion all 2.0.1-1 [7458 B]
Get:355 http://archive.ubuntu.com/ubuntu jammy/universe amd64 node-minimatch all 3.1.1+~3.0.5-1 [16.9 kB]
Get:356 http://archive.ubuntu.com/ubuntu jammy/universe amd64 node-path-is-absolute all 2.0.0-2 [4062 B]
Get:357 http://archive.ubuntu.com/ubuntu jammy/universe amd64 node-glob all 7.2.1+~cs7.6.15-1 [131 kB]
Get:358 http://archive.ubuntu.com/ubuntu jammy/universe amd64 node-graceful-fs all 4.2.4+repack-1 [12.5 kB]
Get:359 http://archive.ubuntu.com/ubuntu jammy/universe amd64 node-mkdirp all 1.0.4+~1.0.2-1 [11.4 kB]
Get:360 http://archive.ubuntu.com/ubuntu jammy/universe amd64 node-iferr all 1.0.2+~1.0.2-1 [4610 B]
Get:361 http://archive.ubuntu.com/ubuntu jammy/universe amd64 node-imurmurhash all 0.1.4+dfsg+~0.1.1-1 [8510 B]
Get:362 http://archive.ubuntu.com/ubuntu jammy/universe amd64 node-fs-write-stream-atomic all 1.0.10-5 [5256 B]
Get:363 http://archive.ubuntu.com/ubuntu jammy/universe amd64 node-rimraf all 3.0.2-1 [10.1 kB]
Get:364 http://archive.ubuntu.com/ubuntu jammy/universe amd64 node-run-queue all 2.0.0-2 [5092 B]
Get:365 http://archive.ubuntu.com/ubuntu jammy/universe amd64 node-copy-concurrently all 1.0.5-8 [7118 B]
Get:366 http://archive.ubuntu.com/ubuntu jammy/universe amd64 node-move-concurrently all 1.0.1-4 [5120 B]
Get:367 http://archive.ubuntu.com/ubuntu jammy/universe amd64 node-escape-string-regexp all 4.0.0-2 [4328 B]
Get:368 http://archive.ubuntu.com/ubuntu jammy/universe amd64 node-indent-string all 4.0.0-2 [4122 B]
Get:369 http://archive.ubuntu.com/ubuntu jammy/universe amd64 node-p-map all 4.0.0+~3.1.0+~3.0.1-1 [8058 B]
Get:370 http://archive.ubuntu.com/ubuntu jammy/universe amd64 node-promise-inflight all 1.0.1+~1.0.0-1 [4896 B]
Get:371 http://archive.ubuntu.com/ubuntu jammy/universe amd64 node-ssri all 8.0.1-2 [19.6 kB]
Get:372 http://archive.ubuntu.com/ubuntu jammy/universe amd64 node-unique-filename all 1.1.1+ds-1 [3832 B]
Get:373 http://archive.ubuntu.com/ubuntu jammy/universe amd64 node-cacache all 15.0.5+~cs13.9.21-3 [34.9 kB]
Get:374 http://archive.ubuntu.com/ubuntu jammy/universe amd64 node-clean-yaml-object all 0.1.0-5 [4718 B]
Get:375 http://archive.ubuntu.com/ubuntu jammy/universe amd64 node-clone all 2.1.2-3 [8344 B]
Get:376 http://archive.ubuntu.com/ubuntu jammy/universe amd64 node-color-name all 1.1.4+~1.1.1-2 [6076 B]
Get:377 http://archive.ubuntu.com/ubuntu jammy/universe amd64 node-color-convert all 2.0.1-1 [10.2 kB]
Get:378 http://archive.ubuntu.com/ubuntu jammy/universe amd64 node-colors all 1.4.0-3 [12.3 kB]
Get:379 http://archive.ubuntu.com/ubuntu jammy/universe amd64 node-strip-ansi all 6.0.1-1 [4184 B]
Get:380 http://archive.ubuntu.com/ubuntu jammy/universe amd64 node-defaults all 1.0.3+~1.0.3-1 [4288 B]
Get:381 http://archive.ubuntu.com/ubuntu jammy/universe amd64 node-wcwidth.js all 1.0.2-1 [7278 B]
Get:382 http://archive.ubuntu.com/ubuntu jammy/universe amd64 node-columnify all 1.5.4+~1.5.1-1 [12.6 kB]
Get:383 http://archive.ubuntu.com/ubuntu jammy/universe amd64 node-console-control-strings all 1.1.0-2 [5428 B]
Get:384 http://archive.ubuntu.com/ubuntu jammy/universe amd64 node-growl all 1.10.5-4 [7064 B]
Get:385 http://archive.ubuntu.com/ubuntu jammy/universe amd64 node-sprintf-js all 1.1.2+ds1+~1.1.2-1 [3916 B]
Get:386 http://archive.ubuntu.com/ubuntu jammy/universe amd64 node-argparse all 2.0.1-2 [33.2 kB]
Get:387 http://archive.ubuntu.com/ubuntu jammy/universe amd64 node-esprima all 4.0.1+ds+~4.0.3-2 [69.3 kB]
Get:388 http://archive.ubuntu.com/ubuntu jammy/universe amd64 node-js-yaml all 4.1.0+dfsg+~4.0.5-6 [62.7 kB]
Get:389 http://archive.ubuntu.com/ubuntu jammy/universe amd64 node-lcov-parse all 1.0.0+20170612git80d039574ed9-5 [5084 B]
Get:390 http://archive.ubuntu.com/ubuntu jammy/universe amd64 node-log-driver all 1.2.7+git+20180219+bba1761737-7 [5436 B]
Get:391 http://archive.ubuntu.com/ubuntu jammy/universe amd64 node-is-plain-obj all 3.0.0-2 [3994 B]
Get:392 http://archive.ubuntu.com/ubuntu jammy/universe amd64 node-is-buffer all 2.0.5-2 [4128 B]
Get:393 http://archive.ubuntu.com/ubuntu jammy/universe amd64 node-kind-of all 6.0.3+dfsg-2 [8628 B]
Get:394 http://archive.ubuntu.com/ubuntu jammy/universe amd64 node-minimist all 1.2.5+~cs5.3.2-1 [9434 B]
Get:395 http://archive.ubuntu.com/ubuntu jammy/universe amd64 node-cssom all 0.4.4-3 [14.1 kB]
Get:396 http://archive.ubuntu.com/ubuntu jammy/universe amd64 node-cssstyle all 2.3.0-2 [30.3 kB]
Get:397 http://archive.ubuntu.com/ubuntu jammy/universe amd64 node-delayed-stream all 1.0.0-5 [5464 B]
Get:398 http://archive.ubuntu.com/ubuntu jammy/universe amd64 node-combined-stream all 1.0.8+~1.0.3-1 [7432 B]
Get:399 http://archive.ubuntu.com/ubuntu jammy/universe amd64 node-mime all 3.0.0+dfsg+~cs3.96.1-1 [38.1 kB]
Get:400 http://archive.ubuntu.com/ubuntu jammy/universe amd64 node-mime-types all 2.1.33-1 [6944 B]
Get:401 http://archive.ubuntu.com/ubuntu jammy/universe amd64 node-form-data all 3.0.1-1 [13.4 kB]
Get:402 http://archive.ubuntu.com/ubuntu jammy/universe amd64 node-events all 3.3.0+~3.0.0-2 [3090 B]
Get:403 http://archive.ubuntu.com/ubuntu jammy/universe amd64 node-https-proxy-agent all 5.0.0+~cs8.0.0-3 [16.4 kB]
Get:404 http://archive.ubuntu.com/ubuntu jammy/universe amd64 node-iconv-lite all 0.6.3-2 [167 kB]
Get:405 http://archive.ubuntu.com/ubuntu jammy/universe amd64 node-lodash-packages all 4.17.21+dfsg+~cs8.31.198.20210220-5 [166 kB]
Get:406 http://archive.ubuntu.com/ubuntu jammy/universe amd64 node-stealthy-require all 1.1.1-5 [7176 B]
Get:407 http://archive.ubuntu.com/ubuntu jammy/universe amd64 node-punycode all 2.1.1-5 [9902 B]
Get:408 http://archive.ubuntu.com/ubuntu jammy/universe amd64 node-psl all 1.8.0+ds-6 [39.6 kB]
Get:409 http://archive.ubuntu.com/ubuntu jammy/universe amd64 node-universalify all 2.0.0-3 [4266 B]
Get:410 http://archive.ubuntu.com/ubuntu jammy/universe amd64 node-tough-cookie all 4.0.0-2 [31.7 kB]
Get:411 http://archive.ubuntu.com/ubuntu jammy/universe amd64 node-webidl-conversions all 7.0.0~1.1.0+~cs15.1.20180823-2 [27.5 kB]
Get:412 http://archive.ubuntu.com/ubuntu jammy/universe amd64 node-commander all 9.0.0-2 [48.0 kB]
Get:413 http://archive.ubuntu.com/ubuntu jammy/universe amd64 node-mute-stream all 0.0.8+~0.0.1-1 [6448 B]
Get:414 http://archive.ubuntu.com/ubuntu jammy/universe amd64 node-read all 1.0.7-3 [5478 B]
Get:415 http://archive.ubuntu.com/ubuntu jammy/universe amd64 node-ws all 8.5.0+~cs13.3.3-2 [49.5 kB]
Get:416 http://archive.ubuntu.com/ubuntu jammy/universe amd64 node-jsdom all 19.0.0+~cs90.11.27-1 [446 kB]
Get:417 http://archive.ubuntu.com/ubuntu jammy/universe amd64 node-fetch all 2.6.7+~2.5.12-1 [27.1 kB]
Get:418 http://archive.ubuntu.com/ubuntu jammy/universe amd64 node-coveralls all 3.1.1-1 [14.2 kB]
Get:419 http://archive.ubuntu.com/ubuntu jammy/universe amd64 node-mimic-response all 3.1.0-7 [5430 B]
Get:420 http://archive.ubuntu.com/ubuntu jammy/universe amd64 node-decompress-response all 6.0.0-2 [4656 B]
Get:421 http://archive.ubuntu.com/ubuntu jammy/universe amd64 node-diff all 5.0.0~dfsg+~5.0.1-3 [77.4 kB]
Get:422 http://archive.ubuntu.com/ubuntu jammy/universe amd64 node-err-code all 2.0.3+dfsg-3 [4918 B]
Get:423 http://archive.ubuntu.com/ubuntu jammy/universe amd64 node-time-stamp all 2.2.0-1 [5984 B]
Get:424 http://archive.ubuntu.com/ubuntu jammy/universe amd64 node-fancy-log all 1.3.3+~cs1.3.1-2 [8102 B]
Get:425 http://archive.ubuntu.com/ubuntu jammy/universe amd64 node-signal-exit all 3.0.6+~3.0.1-1 [7000 B]
Get:426 http://archive.ubuntu.com/ubuntu jammy/universe amd64 node-foreground-child all 2.0.0-3 [5542 B]
Get:427 http://archive.ubuntu.com/ubuntu jammy/universe amd64 node-function-bind all 1.1.1+repacked+~1.0.3-1 [5244 B]
Get:428 http://archive.ubuntu.com/ubuntu jammy/universe amd64 node-has-unicode all 2.0.1-4 [3948 B]
Get:429 http://archive.ubuntu.com/ubuntu jammy/universe amd64 node-ansi-styles all 4.3.0+~4.2.0-1 [8968 B]
Get:430 http://archive.ubuntu.com/ubuntu jammy/universe amd64 node-slice-ansi all 5.0.0+~cs9.0.0-4 [8044 B]
Get:431 http://archive.ubuntu.com/ubuntu jammy/universe amd64 node-string-width all 4.2.3+~cs13.2.3-1 [11.4 kB]
Get:432 http://archive.ubuntu.com/ubuntu jammy/universe amd64 node-wide-align all 1.1.3-4 [4228 B]
Get:433 http://archive.ubuntu.com/ubuntu jammy/universe amd64 node-gauge all 4.0.2-1 [16.3 kB]
Get:434 http://archive.ubuntu.com/ubuntu jammy/universe amd64 node-end-of-stream all 1.4.4+~1.4.1-1 [5340 B]
Get:435 http://archive.ubuntu.com/ubuntu jammy/universe amd64 node-pump all 3.0.0-5 [5160 B]
Get:436 http://archive.ubuntu.com/ubuntu jammy/universe amd64 node-get-stream all 6.0.1-1 [7324 B]
Get:437 http://archive.ubuntu.com/ubuntu jammy/universe amd64 node-lowercase-keys all 2.0.0-2 [3754 B]
Get:438 http://archive.ubuntu.com/ubuntu jammy/universe amd64 node-json-buffer all 3.0.1-1 [3812 B]
Get:439 http://archive.ubuntu.com/ubuntu jammy/universe amd64 node-p-cancelable all 2.1.1-1 [7358 B]
Get:440 http://archive.ubuntu.com/ubuntu jammy/universe amd64 node-quick-lru all 5.1.1-1 [5532 B]
Get:441 http://archive.ubuntu.com/ubuntu jammy/universe amd64 node-got all 11.8.3+~cs58.7.37-1 [122 kB]
Get:442 http://archive.ubuntu.com/ubuntu jammy/universe amd64 node-has-flag all 4.0.0-2 [4228 B]
Get:443 http://archive.ubuntu.com/ubuntu jammy/universe amd64 node-hosted-git-info all 4.0.2-1 [9006 B]
Get:444 http://archive.ubuntu.com/ubuntu jammy/universe amd64 node-ip all 1.1.5+~1.1.0-1 [8140 B]
Get:445 http://archive.ubuntu.com/ubuntu jammy/universe amd64 node-ip-regex all 4.3.0+~4.1.1-1 [5254 B]
Get:446 http://archive.ubuntu.com/ubuntu jammy/universe amd64 node-is-typedarray all 1.0.0-4 [2072 B]
Get:447 http://archive.ubuntu.com/ubuntu jammy/universe amd64 node-isexe all 2.0.0+~2.0.1-4 [6102 B]
Get:448 http://archive.ubuntu.com/ubuntu jammy/universe amd64 node-json-parse-better-errors all 1.0.2+~cs3.3.1-1 [7328 B]
Get:449 http://archive.ubuntu.com/ubuntu jammy/universe amd64 node-encoding all 0.1.13-2 [4366 B]
Get:450 http://archive.ubuntu.com/ubuntu jammy/universe amd64 node-jsonparse all 1.3.1-10 [8060 B]
Get:451 http://archive.ubuntu.com/ubuntu jammy/universe amd64 node-minipass all 3.1.6+~cs8.7.18-1 [32.9 kB]
Get:452 http://archive.ubuntu.com/ubuntu jammy/universe amd64 node-npm-bundled all 1.1.2-1 [6228 B]
Get:453 http://archive.ubuntu.com/ubuntu jammy/universe amd64 node-osenv all 0.1.5+~0.1.0-1 [5896 B]
Get:454 http://archive.ubuntu.com/ubuntu jammy/universe amd64 node-validate-npm-package-name all 3.0.0-4 [5058 B]
Get:455 http://archive.ubuntu.com/ubuntu jammy/universe amd64 node-npm-package-arg all 8.1.5-1 [8132 B]
Get:456 http://archive.ubuntu.com/ubuntu jammy/universe amd64 node-object-assign all 4.1.1-6 [4754 B]
Get:457 http://archive.ubuntu.com/ubuntu jammy-updates/main amd64 xdg-utils all 1.1.3-4.1ubuntu3~22.04.1 [61.9 kB]
Get:458 http://archive.ubuntu.com/ubuntu jammy/universe amd64 node-opener all 1.5.2+~1.4.0-1 [6000 B]
Get:459 http://archive.ubuntu.com/ubuntu jammy/universe amd64 node-retry all 0.13.1+~0.12.1-1 [11.5 kB]
Get:460 http://archive.ubuntu.com/ubuntu jammy/universe amd64 node-promise-retry all 2.0.1-2 [5010 B]
Get:461 http://archive.ubuntu.com/ubuntu jammy/universe amd64 node-promzard all 0.3.0-2 [6888 B]
Get:462 http://archive.ubuntu.com/ubuntu jammy/universe amd64 node-set-blocking all 2.0.0-2 [3766 B]
Get:463 http://archive.ubuntu.com/ubuntu jammy/universe amd64 node-slash all 3.0.0-2 [3922 B]
Get:464 http://archive.ubuntu.com/ubuntu jammy/universe amd64 libjs-source-map all 0.7.0++dfsg2+really.0.6.1-9 [93.9 kB]
Get:465 http://archive.ubuntu.com/ubuntu jammy/universe amd64 node-source-map all 0.7.0++dfsg2+really.0.6.1-9 [33.6 kB]
Get:466 http://archive.ubuntu.com/ubuntu jammy/universe amd64 node-source-map-support all 0.5.21+ds+~0.5.4-1 [14.2 kB]
Get:467 http://archive.ubuntu.com/ubuntu jammy/universe amd64 node-spdx-license-ids all 3.0.11-1 [7306 B]
Get:468 http://archive.ubuntu.com/ubuntu jammy/universe amd64 node-spdx-exceptions all 2.3.0-2 [3978 B]
Get:469 http://archive.ubuntu.com/ubuntu jammy/universe amd64 node-spdx-expression-parse all 3.0.1+~3.0.1-1 [7658 B]
Get:470 http://archive.ubuntu.com/ubuntu jammy/universe amd64 node-spdx-correct all 3.1.1-2 [5476 B]
Get:471 http://archive.ubuntu.com/ubuntu jammy/universe amd64 node-stack-utils all 2.0.5+~2.0.1-1 [9368 B]
Get:472 http://archive.ubuntu.com/ubuntu jammy/universe amd64 node-supports-color all 8.1.1+~8.1.1-1 [7048 B]
Get:473 http://archive.ubuntu.com/ubuntu jammy/universe amd64 node-tap-parser all 7.0.0+ds1-6 [19.4 kB]
Get:474 http://archive.ubuntu.com/ubuntu jammy/universe amd64 node-tap-mocha-reporter all 3.0.7+ds-2 [39.2 kB]
Get:475 http://archive.ubuntu.com/ubuntu jammy/universe amd64 node-text-table all 0.2.0-4 [4762 B]
Get:476 http://archive.ubuntu.com/ubuntu jammy/universe amd64 node-tmatch all 5.0.0-4 [6002 B]
Get:477 http://archive.ubuntu.com/ubuntu jammy/universe amd64 node-typedarray-to-buffer all 4.0.0-2 [2242 B]
Get:478 http://archive.ubuntu.com/ubuntu jammy/universe amd64 node-validate-npm-package-license all 3.0.4-2 [4252 B]
Get:479 http://archive.ubuntu.com/ubuntu jammy/universe amd64 node-whatwg-fetch all 3.6.2-5 [15.0 kB]
Get:480 http://archive.ubuntu.com/ubuntu jammy/universe amd64 node-write-file-atomic all 3.0.3+~3.0.2-1 [7690 B]
Get:481 http://archive.ubuntu.com/ubuntu jammy-updates/universe amd64 nodejs-doc all 12.22.9~dfsg-1ubuntu3.6 [2411 kB]
Get:482 http://archive.ubuntu.com/ubuntu jammy/universe amd64 tilix-common all 1.9.4-2build1 [281 kB]
Get:483 http://archive.ubuntu.com/ubuntu jammy/universe amd64 tilix amd64 1.9.4-2build1 [681 kB]
Get:484 http://archive.ubuntu.com/ubuntu jammy/main amd64 libglvnd0 amd64 1.4.0-1 [73.6 kB]
Get:485 http://archive.ubuntu.com/ubuntu jammy/main amd64 libglx0 amd64 1.4.0-1 [41.0 kB]
Get:486 http://archive.ubuntu.com/ubuntu jammy/main amd64 libgl1 amd64 1.4.0-1 [110 kB]
Get:487 http://archive.ubuntu.com/ubuntu jammy/main amd64 x11-utils amd64 7.7+5build2 [206 kB]
Get:488 http://archive.ubuntu.com/ubuntu jammy/main amd64 x11-xserver-utils amd64 7.7+9build1 [170 kB]
Get:489 http://archive.ubuntu.com/ubuntu jammy/main amd64 libauthen-sasl-perl all 2.1600-1.1 [43.1 kB]
Get:490 http://archive.ubuntu.com/ubuntu jammy/universe amd64 node-abbrev all 1.1.1+~1.1.2-1 [5784 B]
Get:491 http://archive.ubuntu.com/ubuntu jammy/universe amd64 node-archy all 1.0.0-4 [4728 B]
Get:492 http://archive.ubuntu.com/ubuntu jammy/universe amd64 node-chalk all 4.1.2-1 [15.9 kB]
Get:493 http://archive.ubuntu.com/ubuntu jammy/universe amd64 node-cli-table all 0.3.11+~cs0.13.3-1 [23.2 kB]
Get:494 http://archive.ubuntu.com/ubuntu jammy/universe amd64 node-depd all 2.0.0-2 [10.5 kB]
Get:495 http://archive.ubuntu.com/ubuntu jammy/universe amd64 node-nopt all 5.0.0-2 [11.3 kB]
Get:496 http://archive.ubuntu.com/ubuntu jammy/universe amd64 node-npmlog all 6.0.1+~4.1.4-1 [9968 B]
Get:497 http://archive.ubuntu.com/ubuntu jammy/universe amd64 node-tar all 6.1.11+ds1+~cs6.0.6-1 [38.8 kB]
Get:498 http://archive.ubuntu.com/ubuntu jammy/universe amd64 node-which all 2.0.2+~cs1.3.2-2 [7374 B]
Get:499 http://archive.ubuntu.com/ubuntu jammy/universe amd64 node-gyp all 8.4.1-1 [34.7 kB]
Get:500 http://archive.ubuntu.com/ubuntu jammy/universe amd64 node-ini all 2.0.1-1 [6528 B]
Get:501 http://archive.ubuntu.com/ubuntu jammy/universe amd64 node-negotiator all 0.6.2+~0.6.1-1 [10.3 kB]
Get:502 http://archive.ubuntu.com/ubuntu jammy/universe amd64 node-resolve all 1.20.0+~cs5.27.9-1 [20.7 kB]
Get:503 http://archive.ubuntu.com/ubuntu jammy/universe amd64 node-normalize-package-data all 3.0.3+~2.4.1-1 [12.8 kB]
Get:504 http://archive.ubuntu.com/ubuntu jammy/universe amd64 node-read-package-json all 4.1.1-1 [10.4 kB]
Get:505 http://archive.ubuntu.com/ubuntu jammy/universe amd64 node-tap all 12.0.1+ds-4 [43.6 kB]
Get:506 http://archive.ubuntu.com/ubuntu jammy/universe amd64 npm all 8.5.1~ds-1 [894 kB]
Fetched 223 MB in 23s (9513 kB/s)
(Reading database ... (Reading database ... 5%(Reading database ... 10%(Reading database ... 15%(Reading database ... 20%(Reading database ... 25%(Reading database ... 30%(Reading database ... 35%(Reading database ... 40%(Reading database ... 45%(Reading database ... 50%(Reading database ... 55%(Reading database ... 60%(Reading database ... 65%(Reading database ... 70%(Reading database ... 75%(Reading database ... 80%(Reading database ... 85%(Reading database ... 90%(Reading database ... 95%(Reading database ... 100%(Reading database ... 4393 files and directories currently installed.)
Preparing to unpack .../libsystemd0_249.11-0ubuntu3.21_amd64.deb ...
Unpacking libsystemd0:amd64 (249.11-0ubuntu3.21) over (249.11-0ubuntu3.20) ...
Setting up libsystemd0:amd64 (249.11-0ubuntu3.21) ...
Selecting previously unselected package liblocale-gettext-perl.
(Reading database ... (Reading database ... 5%(Reading database ... 10%(Reading database ... 15%(Reading database ... 20%(Reading database ... 25%(Reading database ... 30%(Reading database ... 35%(Reading database ... 40%(Reading database ... 45%(Reading database ... 50%(Reading database ... 55%(Reading database ... 60%(Reading database ... 65%(Reading database ... 70%(Reading database ... 75%(Reading database ... 80%(Reading database ... 85%(Reading database ... 90%(Reading database ... 95%(Reading database ... 100%(Reading database ... 4393 files and directories currently installed.)
Preparing to unpack .../liblocale-gettext-perl_1.07-4build3_amd64.deb ...
Unpacking liblocale-gettext-perl (1.07-4build3) ...
Preparing to unpack .../libssl3_3.0.2-0ubuntu1.25_amd64.deb ...
Unpacking libssl3:amd64 (3.0.2-0ubuntu1.25) over (3.0.2-0ubuntu1.23) ...
Setting up libssl3:amd64 (3.0.2-0ubuntu1.25) ...
debconf: unable to initialize frontend: Dialog
debconf: (No usable dialog-like program is installed, so the dialog based frontend cannot be used. at /usr/share/perl5/Debconf/FrontEnd/Dialog.pm line 78.)
debconf: falling back to frontend: Readline
debconf: unable to initialize frontend: Readline
debconf: (Can't locate Term/ReadLine.pm in @INC (you may need to install the Term::ReadLine module) (@INC contains: /etc/perl /usr/local/lib/x86_64-linux-gnu/perl/5.34.0 /usr/local/share/perl/5.34.0 /usr/lib/x86_64-linux-gnu/perl5/5.34 /usr/share/perl5 /usr/lib/x86_64-linux-gnu/perl-base /usr/lib/x86_64-linux-gnu/perl/5.34 /usr/share/perl/5.34 /usr/local/lib/site_perl) at /usr/share/perl5/Debconf/FrontEnd/Readline.pm line 7.)
debconf: falling back to frontend: Teletype
Selecting previously unselected package libpython3.10-minimal:amd64.
(Reading database ... (Reading database ... 5%(Reading database ... 10%(Reading database ... 15%(Reading database ... 20%(Reading database ... 25%(Reading database ... 30%(Reading database ... 35%(Reading database ... 40%(Reading database ... 45%(Reading database ... 50%(Reading database ... 55%(Reading database ... 60%(Reading database ... 65%(Reading database ... 70%(Reading database ... 75%(Reading database ... 80%(Reading database ... 85%(Reading database ... 90%(Reading database ... 95%(Reading database ... 100%(Reading database ... 4407 files and directories currently installed.)
Preparing to unpack .../libpython3.10-minimal_3.10.12-1~22.04.15_amd64.deb ...
Unpacking libpython3.10-minimal:amd64 (3.10.12-1~22.04.15) ...
Selecting previously unselected package libexpat1:amd64.
Preparing to unpack .../libexpat1_2.4.7-1ubuntu0.7_amd64.deb ...
Unpacking libexpat1:amd64 (2.4.7-1ubuntu0.7) ...
Selecting previously unselected package python3.10-minimal.
Preparing to unpack .../python3.10-minimal_3.10.12-1~22.04.15_amd64.deb ...
Unpacking python3.10-minimal (3.10.12-1~22.04.15) ...
Setting up libpython3.10-minimal:amd64 (3.10.12-1~22.04.15) ...
Setting up libexpat1:amd64 (2.4.7-1ubuntu0.7) ...
Setting up python3.10-minimal (3.10.12-1~22.04.15) ...
Selecting previously unselected package python3-minimal.
(Reading database ... (Reading database ... 5%(Reading database ... 10%(Reading database ... 15%(Reading database ... 20%(Reading database ... 25%(Reading database ... 30%(Reading database ... 35%(Reading database ... 40%(Reading database ... 45%(Reading database ... 50%(Reading database ... 55%(Reading database ... 60%(Reading database ... 65%(Reading database ... 70%(Reading database ... 75%(Reading database ... 80%(Reading database ... 85%(Reading database ... 90%(Reading database ... 95%(Reading database ... 100%(Reading database ... 4711 files and directories currently installed.)
Preparing to unpack .../0-python3-minimal_3.10.6-1~22.04.1_amd64.deb ...
Unpacking python3-minimal (3.10.6-1~22.04.1) ...
Selecting previously unselected package media-types.
Preparing to unpack .../1-media-types_7.0.0_all.deb ...
Unpacking media-types (7.0.0) ...
Selecting previously unselected package libmpdec3:amd64.
Preparing to unpack .../2-libmpdec3_2.5.1-2build2_amd64.deb ...
Unpacking libmpdec3:amd64 (2.5.1-2build2) ...
Selecting previously unselected package readline-common.
Preparing to unpack .../3-readline-common_8.1.2-1_all.deb ...
Unpacking readline-common (8.1.2-1) ...
Selecting previously unselected package libreadline8:amd64.
Preparing to unpack .../4-libreadline8_8.1.2-1_amd64.deb ...
Unpacking libreadline8:amd64 (8.1.2-1) ...
Selecting previously unselected package libsqlite3-0:amd64.
Preparing to unpack .../5-libsqlite3-0_3.37.2-2ubuntu0.5_amd64.deb ...
Unpacking libsqlite3-0:amd64 (3.37.2-2ubuntu0.5) ...
Selecting previously unselected package libpython3.10-stdlib:amd64.
Preparing to unpack .../6-libpython3.10-stdlib_3.10.12-1~22.04.15_amd64.deb ...
Unpacking libpython3.10-stdlib:amd64 (3.10.12-1~22.04.15) ...
Selecting previously unselected package python3.10.
Preparing to unpack .../7-python3.10_3.10.12-1~22.04.15_amd64.deb ...
Unpacking python3.10 (3.10.12-1~22.04.15) ...
Selecting previously unselected package libpython3-stdlib:amd64.
Preparing to unpack .../8-libpython3-stdlib_3.10.6-1~22.04.1_amd64.deb ...
Unpacking libpython3-stdlib:amd64 (3.10.6-1~22.04.1) ...
Setting up python3-minimal (3.10.6-1~22.04.1) ...
Selecting previously unselected package python3.
(Reading database ... (Reading database ... 5%(Reading database ... 10%(Reading database ... 15%(Reading database ... 20%(Reading database ... 25%(Reading database ... 30%(Reading database ... 35%(Reading database ... 40%(Reading database ... 45%(Reading database ... 50%(Reading database ... 55%(Reading database ... 60%(Reading database ... 65%(Reading database ... 70%(Reading database ... 75%(Reading database ... 80%(Reading database ... 85%(Reading database ... 90%(Reading database ... 95%(Reading database ... 100%(Reading database ... 5141 files and directories currently installed.)
Preparing to unpack .../0-python3_3.10.6-1~22.04.1_amd64.deb ...
Unpacking python3 (3.10.6-1~22.04.1) ...
Selecting previously unselected package libapparmor1:amd64.
Preparing to unpack .../1-libapparmor1_3.0.4-2ubuntu2.5_amd64.deb ...
Unpacking libapparmor1:amd64 (3.0.4-2ubuntu2.5) ...
Selecting previously unselected package libargon2-1:amd64.
Preparing to unpack .../2-libargon2-1_0~20171227-0.3_amd64.deb ...
Unpacking libargon2-1:amd64 (0~20171227-0.3) ...
Selecting previously unselected package libdevmapper1.02.1:amd64.
Preparing to unpack .../3-libdevmapper1.02.1_2%3a1.02.175-2.1ubuntu5_amd64.deb ...
Unpacking libdevmapper1.02.1:amd64 (2:1.02.175-2.1ubuntu5) ...
Selecting previously unselected package libjson-c5:amd64.
Preparing to unpack .../4-libjson-c5_0.15-3~ubuntu1.22.04.2_amd64.deb ...
Unpacking libjson-c5:amd64 (0.15-3~ubuntu1.22.04.2) ...
Selecting previously unselected package libcryptsetup12:amd64.
Preparing to unpack .../5-libcryptsetup12_2%3a2.4.3-1ubuntu1.3_amd64.deb ...
Unpacking libcryptsetup12:amd64 (2:2.4.3-1ubuntu1.3) ...
Selecting previously unselected package libip4tc2:amd64.
Preparing to unpack .../6-libip4tc2_1.8.7-1ubuntu5.2_amd64.deb ...
Unpacking libip4tc2:amd64 (1.8.7-1ubuntu5.2) ...
Selecting previously unselected package libkmod2:amd64.
Preparing to unpack .../7-libkmod2_29-1ubuntu1.1_amd64.deb ...
Unpacking libkmod2:amd64 (29-1ubuntu1.1) ...
Selecting previously unselected package systemd.
Preparing to unpack .../8-systemd_249.11-0ubuntu3.21_amd64.deb ...
Unpacking systemd (249.11-0ubuntu3.21) ...
Setting up libapparmor1:amd64 (3.0.4-2ubuntu2.5) ...
Setting up libargon2-1:amd64 (0~20171227-0.3) ...
Setting up libdevmapper1.02.1:amd64 (2:1.02.175-2.1ubuntu5) ...
Setting up libjson-c5:amd64 (0.15-3~ubuntu1.22.04.2) ...
Setting up libcryptsetup12:amd64 (2:2.4.3-1ubuntu1.3) ...
Setting up libip4tc2:amd64 (1.8.7-1ubuntu5.2) ...
Setting up libkmod2:amd64 (29-1ubuntu1.1) ...
Setting up systemd (249.11-0ubuntu3.21) ...
Created symlink /etc/systemd/system/getty.target.wants/getty@tty1.service → /lib/systemd/system/getty@.service.
Created symlink /etc/systemd/system/multi-user.target.wants/remote-fs.target → /lib/systemd/system/remote-fs.target.
Created symlink /etc/systemd/system/dbus-org.freedesktop.resolve1.service → /lib/systemd/system/systemd-resolved.service.
Created symlink /etc/systemd/system/multi-user.target.wants/systemd-resolved.service → /lib/systemd/system/systemd-resolved.service.
ln: failed to create symbolic link '/etc/resolv.conf': Device or resource busy
Created symlink /etc/systemd/system/sysinit.target.wants/systemd-pstore.service → /lib/systemd/system/systemd-pstore.service.
Initializing machine ID from random generator.
Selecting previously unselected package systemd-sysv.
(Reading database ... (Reading database ... 5%(Reading database ... 10%(Reading database ... 15%(Reading database ... 20%(Reading database ... 25%(Reading database ... 30%(Reading database ... 35%(Reading database ... 40%(Reading database ... 45%(Reading database ... 50%(Reading database ... 55%(Reading database ... 60%(Reading database ... 65%(Reading database ... 70%(Reading database ... 75%(Reading database ... 80%(Reading database ... 85%(Reading database ... 90%(Reading database ... 95%(Reading database ... 100%(Reading database ... 5980 files and directories currently installed.)
Preparing to unpack .../000-systemd-sysv_249.11-0ubuntu3.21_amd64.deb ...
Unpacking systemd-sysv (249.11-0ubuntu3.21) ...
Selecting previously unselected package perl-modules-5.34.
Preparing to unpack .../001-perl-modules-5.34_5.34.0-3ubuntu1.5_all.deb ...
Unpacking perl-modules-5.34 (5.34.0-3ubuntu1.5) ...
Selecting previously unselected package libgdbm6:amd64.
Preparing to unpack .../002-libgdbm6_1.23-1_amd64.deb ...
Unpacking libgdbm6:amd64 (1.23-1) ...
Selecting previously unselected package libgdbm-compat4:amd64.
Preparing to unpack .../003-libgdbm-compat4_1.23-1_amd64.deb ...
Unpacking libgdbm-compat4:amd64 (1.23-1) ...
Selecting previously unselected package libperl5.34:amd64.
Preparing to unpack .../004-libperl5.34_5.34.0-3ubuntu1.5_amd64.deb ...
Unpacking libperl5.34:amd64 (5.34.0-3ubuntu1.5) ...
Selecting previously unselected package perl.
Preparing to unpack .../005-perl_5.34.0-3ubuntu1.5_amd64.deb ...
Unpacking perl (5.34.0-3ubuntu1.5) ...
Selecting previously unselected package openssl.
Preparing to unpack .../006-openssl_3.0.2-0ubuntu1.25_amd64.deb ...
Unpacking openssl (3.0.2-0ubuntu1.25) ...
Selecting previously unselected package ca-certificates.
Preparing to unpack .../007-ca-certificates_20240203~22.04.1_all.deb ...
Unpacking ca-certificates (20240203~22.04.1) ...
Selecting previously unselected package libdbus-1-3:amd64.
Preparing to unpack .../008-libdbus-1-3_1.12.20-2ubuntu4.1_amd64.deb ...
Unpacking libdbus-1-3:amd64 (1.12.20-2ubuntu4.1) ...
Selecting previously unselected package dbus.
Preparing to unpack .../009-dbus_1.12.20-2ubuntu4.1_amd64.deb ...
Unpacking dbus (1.12.20-2ubuntu4.1) ...
Selecting previously unselected package dmsetup.
Preparing to unpack .../010-dmsetup_2%3a1.02.175-2.1ubuntu5_amd64.deb ...
Unpacking dmsetup (2:1.02.175-2.1ubuntu5) ...
Selecting previously unselected package libglib2.0-0:amd64.
Preparing to unpack .../011-libglib2.0-0_2.72.4-0ubuntu2.9_amd64.deb ...
Unpacking libglib2.0-0:amd64 (2.72.4-0ubuntu2.9) ...
Selecting previously unselected package libgirepository-1.0-1:amd64.
Preparing to unpack .../012-libgirepository-1.0-1_1.72.0-1_amd64.deb ...
Unpacking libgirepository-1.0-1:amd64 (1.72.0-1) ...
Selecting previously unselected package gir1.2-glib-2.0:amd64.
Preparing to unpack .../013-gir1.2-glib-2.0_1.72.0-1_amd64.deb ...
Unpacking gir1.2-glib-2.0:amd64 (1.72.0-1) ...
Selecting previously unselected package less.
Preparing to unpack .../014-less_590-1ubuntu0.22.04.3_amd64.deb ...
Unpacking less (590-1ubuntu0.22.04.3) ...
Selecting previously unselected package libmd0:amd64.
Preparing to unpack .../015-libmd0_1.0.4-1build1_amd64.deb ...
Unpacking libmd0:amd64 (1.0.4-1build1) ...
Selecting previously unselected package libbsd0:amd64.
Preparing to unpack .../016-libbsd0_0.11.5-1_amd64.deb ...
Unpacking libbsd0:amd64 (0.11.5-1) ...
Selecting previously unselected package libelf1:amd64.
Preparing to unpack .../017-libelf1_0.186-1ubuntu0.1_amd64.deb ...
Unpacking libelf1:amd64 (0.186-1ubuntu0.1) ...
Selecting previously unselected package libfribidi0:amd64.
Preparing to unpack .../018-libfribidi0_1.0.8-2ubuntu3.1_amd64.deb ...
Unpacking libfribidi0:amd64 (1.0.8-2ubuntu3.1) ...
Selecting previously unselected package libglib2.0-data.
Preparing to unpack .../019-libglib2.0-data_2.72.4-0ubuntu2.9_all.deb ...
Unpacking libglib2.0-data (2.72.4-0ubuntu2.9) ...
Selecting previously unselected package libicu70:amd64.
Preparing to unpack .../020-libicu70_70.1-2_amd64.deb ...
Unpacking libicu70:amd64 (70.1-2) ...
Selecting previously unselected package libnss-systemd:amd64.
Preparing to unpack .../021-libnss-systemd_249.11-0ubuntu3.21_amd64.deb ...
Unpacking libnss-systemd:amd64 (249.11-0ubuntu3.21) ...
Selecting previously unselected package libpam-systemd:amd64.
Preparing to unpack .../022-libpam-systemd_249.11-0ubuntu3.21_amd64.deb ...
Unpacking libpam-systemd:amd64 (249.11-0ubuntu3.21) ...
Selecting previously unselected package libtext-iconv-perl.
Preparing to unpack .../023-libtext-iconv-perl_1.7-7build3_amd64.deb ...
Unpacking libtext-iconv-perl (1.7-7build3) ...
Selecting previously unselected package libxml2:amd64.
Preparing to unpack .../024-libxml2_2.9.13+dfsg-1ubuntu0.11_amd64.deb ...
Unpacking libxml2:amd64 (2.9.13+dfsg-1ubuntu0.11) ...
Selecting previously unselected package netbase.
Preparing to unpack .../025-netbase_6.3_all.deb ...
Unpacking netbase (6.3) ...
Selecting previously unselected package python3-dbus.
Preparing to unpack .../026-python3-dbus_1.2.18-3build1_amd64.deb ...
Unpacking python3-dbus (1.2.18-3build1) ...
Selecting previously unselected package python3-gi.
Preparing to unpack .../027-python3-gi_3.42.1-0ubuntu1_amd64.deb ...
Unpacking python3-gi (3.42.1-0ubuntu1) ...
Selecting previously unselected package networkd-dispatcher.
Preparing to unpack .../028-networkd-dispatcher_2.1-2ubuntu0.22.04.2_all.deb ...
Unpacking networkd-dispatcher (2.1-2ubuntu0.22.04.2) ...
Selecting previously unselected package python3-pkg-resources.
Preparing to unpack .../029-python3-pkg-resources_59.6.0-1.2ubuntu0.22.04.3_all.deb ...
Unpacking python3-pkg-resources (59.6.0-1.2ubuntu0.22.04.3) ...
Selecting previously unselected package shared-mime-info.
Preparing to unpack .../030-shared-mime-info_2.1-2_amd64.deb ...
Unpacking shared-mime-info (2.1-2) ...
Selecting previously unselected package systemd-timesyncd.
Preparing to unpack .../031-systemd-timesyncd_249.11-0ubuntu3.21_amd64.deb ...
Unpacking systemd-timesyncd (249.11-0ubuntu3.21) ...
Selecting previously unselected package ucf.
Preparing to unpack .../032-ucf_3.0043_all.deb ...
Moving old data out of the way
Unpacking ucf (3.0043) ...
Selecting previously unselected package xdg-user-dirs.
Preparing to unpack .../033-xdg-user-dirs_0.17-2ubuntu4_amd64.deb ...
Unpacking xdg-user-dirs (0.17-2ubuntu4) ...
Selecting previously unselected package xkb-data.
Preparing to unpack .../034-xkb-data_2.33-1_all.deb ...
Unpacking xkb-data (2.33-1) ...
Selecting previously unselected package libcbor0.8:amd64.
Preparing to unpack .../035-libcbor0.8_0.8.0-2ubuntu1_amd64.deb ...
Unpacking libcbor0.8:amd64 (0.8.0-2ubuntu1) ...
Selecting previously unselected package libdrm-common.
Preparing to unpack .../036-libdrm-common_2.4.113-2~ubuntu0.22.04.1_all.deb ...
Unpacking libdrm-common (2.4.113-2~ubuntu0.22.04.1) ...
Selecting previously unselected package libdrm2:amd64.
Preparing to unpack .../037-libdrm2_2.4.113-2~ubuntu0.22.04.1_amd64.deb ...
Unpacking libdrm2:amd64 (2.4.113-2~ubuntu0.22.04.1) ...
Selecting previously unselected package libedit2:amd64.
Preparing to unpack .../038-libedit2_3.1-20210910-1build1_amd64.deb ...
Unpacking libedit2:amd64 (3.1-20210910-1build1) ...
Selecting previously unselected package libfido2-1:amd64.
Preparing to unpack .../039-libfido2-1_1.10.0-1_amd64.deb ...
Unpacking libfido2-1:amd64 (1.10.0-1) ...
Selecting previously unselected package libnghttp2-14:amd64.
Preparing to unpack .../040-libnghttp2-14_1.43.0-1ubuntu0.3_amd64.deb ...
Unpacking libnghttp2-14:amd64 (1.43.0-1ubuntu0.3) ...
Selecting previously unselected package libpng16-16:amd64.
Preparing to unpack .../041-libpng16-16_1.6.37-3ubuntu0.5_amd64.deb ...
Unpacking libpng16-16:amd64 (1.6.37-3ubuntu0.5) ...
Selecting previously unselected package libpsl5:amd64.
Preparing to unpack .../042-libpsl5_0.21.0-1.2build2_amd64.deb ...
Unpacking libpsl5:amd64 (0.21.0-1.2build2) ...
Selecting previously unselected package libuv1:amd64.
Preparing to unpack .../043-libuv1_1.43.0-1ubuntu0.1_amd64.deb ...
Unpacking libuv1:amd64 (1.43.0-1ubuntu0.1) ...
Selecting previously unselected package libxau6:amd64.
Preparing to unpack .../044-libxau6_1%3a1.0.9-1build5_amd64.deb ...
Unpacking libxau6:amd64 (1:1.0.9-1build5) ...
Selecting previously unselected package libxdmcp6:amd64.
Preparing to unpack .../045-libxdmcp6_1%3a1.1.3-0ubuntu5_amd64.deb ...
Unpacking libxdmcp6:amd64 (1:1.1.3-0ubuntu5) ...
Selecting previously unselected package libxcb1:amd64.
Preparing to unpack .../046-libxcb1_1.14-3ubuntu3_amd64.deb ...
Unpacking libxcb1:amd64 (1.14-3ubuntu3) ...
Selecting previously unselected package libx11-data.
Preparing to unpack .../047-libx11-data_2%3a1.7.5-1ubuntu0.3_all.deb ...
Unpacking libx11-data (2:1.7.5-1ubuntu0.3) ...
Selecting previously unselected package libx11-6:amd64.
Preparing to unpack .../048-libx11-6_2%3a1.7.5-1ubuntu0.3_amd64.deb ...
Unpacking libx11-6:amd64 (2:1.7.5-1ubuntu0.3) ...
Selecting previously unselected package libxext6:amd64.
Preparing to unpack .../049-libxext6_2%3a1.3.4-1build1_amd64.deb ...
Unpacking libxext6:amd64 (2:1.3.4-1build1) ...
Selecting previously unselected package libxmuu1:amd64.
Preparing to unpack .../050-libxmuu1_2%3a1.1.3-3_amd64.deb ...
Unpacking libxmuu1:amd64 (2:1.1.3-3) ...
Selecting previously unselected package manpages.
Preparing to unpack .../051-manpages_5.10-1ubuntu1_all.deb ...
Unpacking manpages (5.10-1ubuntu1) ...
Selecting previously unselected package openssh-client.
Preparing to unpack .../052-openssh-client_1%3a8.9p1-3ubuntu0.15_amd64.deb ...
Unpacking openssh-client (1:8.9p1-3ubuntu0.15) ...
Selecting previously unselected package publicsuffix.
Preparing to unpack .../053-publicsuffix_20211207.1025-1_all.deb ...
Unpacking publicsuffix (20211207.1025-1) ...
Selecting previously unselected package xauth.
Preparing to unpack .../054-xauth_1%3a1.1-1build2_amd64.deb ...
Unpacking xauth (1:1.1-1build2) ...
Selecting previously unselected package xz-utils.
Preparing to unpack .../055-xz-utils_5.2.5-2ubuntu1.1_amd64.deb ...
Unpacking xz-utils (5.2.5-2ubuntu1.1) ...
Selecting previously unselected package hicolor-icon-theme.
Preparing to unpack .../056-hicolor-icon-theme_0.17-2_all.deb ...
Unpacking hicolor-icon-theme (0.17-2) ...
Selecting previously unselected package libgdk-pixbuf2.0-common.
Preparing to unpack .../057-libgdk-pixbuf2.0-common_2.42.8+dfsg-1ubuntu0.5_all.deb ...
Unpacking libgdk-pixbuf2.0-common (2.42.8+dfsg-1ubuntu0.5) ...
Selecting previously unselected package libjpeg-turbo8:amd64.
Preparing to unpack .../058-libjpeg-turbo8_2.1.2-0ubuntu1_amd64.deb ...
Unpacking libjpeg-turbo8:amd64 (2.1.2-0ubuntu1) ...
Selecting previously unselected package libjpeg8:amd64.
Preparing to unpack .../059-libjpeg8_8c-2ubuntu10_amd64.deb ...
Unpacking libjpeg8:amd64 (8c-2ubuntu10) ...
Selecting previously unselected package libdeflate0:amd64.
Preparing to unpack .../060-libdeflate0_1.10-2_amd64.deb ...
Unpacking libdeflate0:amd64 (1.10-2) ...
Selecting previously unselected package libjbig0:amd64.
Preparing to unpack .../061-libjbig0_2.1-3.1ubuntu0.22.04.1_amd64.deb ...
Unpacking libjbig0:amd64 (2.1-3.1ubuntu0.22.04.1) ...
Selecting previously unselected package libwebp7:amd64.
Preparing to unpack .../062-libwebp7_1.2.2-2ubuntu0.22.04.2_amd64.deb ...
Unpacking libwebp7:amd64 (1.2.2-2ubuntu0.22.04.2) ...
Selecting previously unselected package libtiff5:amd64.
Preparing to unpack .../063-libtiff5_4.3.0-6ubuntu0.13_amd64.deb ...
Unpacking libtiff5:amd64 (4.3.0-6ubuntu0.13) ...
Selecting previously unselected package libgdk-pixbuf-2.0-0:amd64.
Preparing to unpack .../064-libgdk-pixbuf-2.0-0_2.42.8+dfsg-1ubuntu0.5_amd64.deb ...
Unpacking libgdk-pixbuf-2.0-0:amd64 (2.42.8+dfsg-1ubuntu0.5) ...
Selecting previously unselected package gtk-update-icon-cache.
Preparing to unpack .../065-gtk-update-icon-cache_3.24.33-1ubuntu2.2_amd64.deb ...
Unpacking gtk-update-icon-cache (3.24.33-1ubuntu2.2) ...
Selecting previously unselected package humanity-icon-theme.
Preparing to unpack .../066-humanity-icon-theme_0.6.16_all.deb ...
Unpacking humanity-icon-theme (0.6.16) ...
Selecting previously unselected package ubuntu-mono.
Preparing to unpack .../067-ubuntu-mono_20.10-0ubuntu2_all.deb ...
Unpacking ubuntu-mono (20.10-0ubuntu2) ...
Selecting previously unselected package adwaita-icon-theme.
Preparing to unpack .../068-adwaita-icon-theme_41.0-1ubuntu1_all.deb ...
Unpacking adwaita-icon-theme (41.0-1ubuntu1) ...
Selecting previously unselected package libxi6:amd64.
Preparing to unpack .../069-libxi6_2%3a1.8-1build1_amd64.deb ...
Unpacking libxi6:amd64 (2:1.8-1build1) ...
Selecting previously unselected package libatspi2.0-0:amd64.
Preparing to unpack .../070-libatspi2.0-0_2.44.0-3_amd64.deb ...
Unpacking libatspi2.0-0:amd64 (2.44.0-3) ...
Selecting previously unselected package x11-common.
Preparing to unpack .../071-x11-common_1%3a7.7+23ubuntu2_all.deb ...
Unpacking x11-common (1:7.7+23ubuntu2) ...
Selecting previously unselected package libxtst6:amd64.
Preparing to unpack .../072-libxtst6_2%3a1.2.3-1build4_amd64.deb ...
Unpacking libxtst6:amd64 (2:1.2.3-1build4) ...
Selecting previously unselected package dbus-user-session.
Preparing to unpack .../073-dbus-user-session_1.12.20-2ubuntu4.1_amd64.deb ...
Unpacking dbus-user-session (1.12.20-2ubuntu4.1) ...
Selecting previously unselected package libdconf1:amd64.
Preparing to unpack .../074-libdconf1_0.40.0-3ubuntu0.1_amd64.deb ...
Unpacking libdconf1:amd64 (0.40.0-3ubuntu0.1) ...
Selecting previously unselected package dconf-service.
Preparing to unpack .../075-dconf-service_0.40.0-3ubuntu0.1_amd64.deb ...
Unpacking dconf-service (0.40.0-3ubuntu0.1) ...
Selecting previously unselected package dconf-gsettings-backend:amd64.
Preparing to unpack .../076-dconf-gsettings-backend_0.40.0-3ubuntu0.1_amd64.deb ...
Unpacking dconf-gsettings-backend:amd64 (0.40.0-3ubuntu0.1) ...
Selecting previously unselected package session-migration.
Preparing to unpack .../077-session-migration_0.3.6_amd64.deb ...
Unpacking session-migration (0.3.6) ...
Selecting previously unselected package gsettings-desktop-schemas.
Preparing to unpack .../078-gsettings-desktop-schemas_42.0-1ubuntu1_all.deb ...
Unpacking gsettings-desktop-schemas (42.0-1ubuntu1) ...
Selecting previously unselected package at-spi2-core.
Preparing to unpack .../079-at-spi2-core_2.44.0-3_amd64.deb ...
Unpacking at-spi2-core (2.44.0-3) ...
Selecting previously unselected package binutils-common:amd64.
Preparing to unpack .../080-binutils-common_2.38-4ubuntu2.12_amd64.deb ...
Unpacking binutils-common:amd64 (2.38-4ubuntu2.12) ...
Selecting previously unselected package libbinutils:amd64.
Preparing to unpack .../081-libbinutils_2.38-4ubuntu2.12_amd64.deb ...
Unpacking libbinutils:amd64 (2.38-4ubuntu2.12) ...
Selecting previously unselected package libctf-nobfd0:amd64.
Preparing to unpack .../082-libctf-nobfd0_2.38-4ubuntu2.12_amd64.deb ...
Unpacking libctf-nobfd0:amd64 (2.38-4ubuntu2.12) ...
Selecting previously unselected package libctf0:amd64.
Preparing to unpack .../083-libctf0_2.38-4ubuntu2.12_amd64.deb ...
Unpacking libctf0:amd64 (2.38-4ubuntu2.12) ...
Selecting previously unselected package binutils-x86-64-linux-gnu.
Preparing to unpack .../084-binutils-x86-64-linux-gnu_2.38-4ubuntu2.12_amd64.deb ...
Unpacking binutils-x86-64-linux-gnu (2.38-4ubuntu2.12) ...
Selecting previously unselected package binutils.
Preparing to unpack .../085-binutils_2.38-4ubuntu2.12_amd64.deb ...
Unpacking binutils (2.38-4ubuntu2.12) ...
Selecting previously unselected package libc-dev-bin.
Preparing to unpack .../086-libc-dev-bin_2.35-0ubuntu3.13_amd64.deb ...
Unpacking libc-dev-bin (2.35-0ubuntu3.13) ...
Selecting previously unselected package linux-libc-dev:amd64.
Preparing to unpack .../087-linux-libc-dev_5.15.0-181.191_amd64.deb ...
Unpacking linux-libc-dev:amd64 (5.15.0-181.191) ...
Selecting previously unselected package libcrypt-dev:amd64.
Preparing to unpack .../088-libcrypt-dev_1%3a4.4.27-1_amd64.deb ...
Unpacking libcrypt-dev:amd64 (1:4.4.27-1) ...
Selecting previously unselected package rpcsvc-proto.
Preparing to unpack .../089-rpcsvc-proto_1.4.2-0ubuntu6_amd64.deb ...
Unpacking rpcsvc-proto (1.4.2-0ubuntu6) ...
Selecting previously unselected package libtirpc-dev:amd64.
Preparing to unpack .../090-libtirpc-dev_1.3.2-2ubuntu0.1_amd64.deb ...
Unpacking libtirpc-dev:amd64 (1.3.2-2ubuntu0.1) ...
Selecting previously unselected package libnsl-dev:amd64.
Preparing to unpack .../091-libnsl-dev_1.3.0-2build2_amd64.deb ...
Unpacking libnsl-dev:amd64 (1.3.0-2build2) ...
Selecting previously unselected package libc6-dev:amd64.
Preparing to unpack .../092-libc6-dev_2.35-0ubuntu3.13_amd64.deb ...
Unpacking libc6-dev:amd64 (2.35-0ubuntu3.13) ...
Selecting previously unselected package gcc-11-base:amd64.
Preparing to unpack .../093-gcc-11-base_11.4.0-1ubuntu1~22.04.3_amd64.deb ...
Unpacking gcc-11-base:amd64 (11.4.0-1ubuntu1~22.04.3) ...
Selecting previously unselected package libisl23:amd64.
Preparing to unpack .../094-libisl23_0.24-2build1_amd64.deb ...
Unpacking libisl23:amd64 (0.24-2build1) ...
Selecting previously unselected package libmpfr6:amd64.
Preparing to unpack .../095-libmpfr6_4.1.0-3build3_amd64.deb ...
Unpacking libmpfr6:amd64 (4.1.0-3build3) ...
Selecting previously unselected package libmpc3:amd64.
Preparing to unpack .../096-libmpc3_1.2.1-2build1_amd64.deb ...
Unpacking libmpc3:amd64 (1.2.1-2build1) ...
Selecting previously unselected package cpp-11.
Preparing to unpack .../097-cpp-11_11.4.0-1ubuntu1~22.04.3_amd64.deb ...
Unpacking cpp-11 (11.4.0-1ubuntu1~22.04.3) ...
Selecting previously unselected package cpp.
Preparing to unpack .../098-cpp_4%3a11.2.0-1ubuntu1_amd64.deb ...
Unpacking cpp (4:11.2.0-1ubuntu1) ...
Selecting previously unselected package libcc1-0:amd64.
Preparing to unpack .../099-libcc1-0_12.3.0-1ubuntu1~22.04.3_amd64.deb ...
Unpacking libcc1-0:amd64 (12.3.0-1ubuntu1~22.04.3) ...
Selecting previously unselected package libgomp1:amd64.
Preparing to unpack .../100-libgomp1_12.3.0-1ubuntu1~22.04.3_amd64.deb ...
Unpacking libgomp1:amd64 (12.3.0-1ubuntu1~22.04.3) ...
Selecting previously unselected package libitm1:amd64.
Preparing to unpack .../101-libitm1_12.3.0-1ubuntu1~22.04.3_amd64.deb ...
Unpacking libitm1:amd64 (12.3.0-1ubuntu1~22.04.3) ...
Selecting previously unselected package libatomic1:amd64.
Preparing to unpack .../102-libatomic1_12.3.0-1ubuntu1~22.04.3_amd64.deb ...
Unpacking libatomic1:amd64 (12.3.0-1ubuntu1~22.04.3) ...
Selecting previously unselected package libasan6:amd64.
Preparing to unpack .../103-libasan6_11.4.0-1ubuntu1~22.04.3_amd64.deb ...
Unpacking libasan6:amd64 (11.4.0-1ubuntu1~22.04.3) ...
Selecting previously unselected package liblsan0:amd64.
Preparing to unpack .../104-liblsan0_12.3.0-1ubuntu1~22.04.3_amd64.deb ...
Unpacking liblsan0:amd64 (12.3.0-1ubuntu1~22.04.3) ...
Selecting previously unselected package libtsan0:amd64.
Preparing to unpack .../105-libtsan0_11.4.0-1ubuntu1~22.04.3_amd64.deb ...
Unpacking libtsan0:amd64 (11.4.0-1ubuntu1~22.04.3) ...
Selecting previously unselected package libubsan1:amd64.
Preparing to unpack .../106-libubsan1_12.3.0-1ubuntu1~22.04.3_amd64.deb ...
Unpacking libubsan1:amd64 (12.3.0-1ubuntu1~22.04.3) ...
Selecting previously unselected package libquadmath0:amd64.
Preparing to unpack .../107-libquadmath0_12.3.0-1ubuntu1~22.04.3_amd64.deb ...
Unpacking libquadmath0:amd64 (12.3.0-1ubuntu1~22.04.3) ...
Selecting previously unselected package libgcc-11-dev:amd64.
Preparing to unpack .../108-libgcc-11-dev_11.4.0-1ubuntu1~22.04.3_amd64.deb ...
Unpacking libgcc-11-dev:amd64 (11.4.0-1ubuntu1~22.04.3) ...
Selecting previously unselected package gcc-11.
Preparing to unpack .../109-gcc-11_11.4.0-1ubuntu1~22.04.3_amd64.deb ...
Unpacking gcc-11 (11.4.0-1ubuntu1~22.04.3) ...
Selecting previously unselected package gcc.
Preparing to unpack .../110-gcc_4%3a11.2.0-1ubuntu1_amd64.deb ...
Unpacking gcc (4:11.2.0-1ubuntu1) ...
Selecting previously unselected package libstdc++-11-dev:amd64.
Preparing to unpack .../111-libstdc++-11-dev_11.4.0-1ubuntu1~22.04.3_amd64.deb ...
Unpacking libstdc++-11-dev:amd64 (11.4.0-1ubuntu1~22.04.3) ...
Selecting previously unselected package g++-11.
Preparing to unpack .../112-g++-11_11.4.0-1ubuntu1~22.04.3_amd64.deb ...
Unpacking g++-11 (11.4.0-1ubuntu1~22.04.3) ...
Selecting previously unselected package g++.
Preparing to unpack .../113-g++_4%3a11.2.0-1ubuntu1_amd64.deb ...
Unpacking g++ (4:11.2.0-1ubuntu1) ...
Selecting previously unselected package make.
Preparing to unpack .../114-make_4.3-4.1build1_amd64.deb ...
Unpacking make (4.3-4.1build1) ...
Selecting previously unselected package libdpkg-perl.
Preparing to unpack .../115-libdpkg-perl_1.21.1ubuntu2.6_all.deb ...
Unpacking libdpkg-perl (1.21.1ubuntu2.6) ...
Selecting previously unselected package bzip2.
Preparing to unpack .../116-bzip2_1.0.8-5build1_amd64.deb ...
Unpacking bzip2 (1.0.8-5build1) ...
Selecting previously unselected package patch.
Preparing to unpack .../117-patch_2.7.6-7build2_amd64.deb ...
Unpacking patch (2.7.6-7build2) ...
Selecting previously unselected package lto-disabled-list.
Preparing to unpack .../118-lto-disabled-list_24_all.deb ...
Unpacking lto-disabled-list (24) ...
Selecting previously unselected package dpkg-dev.
Preparing to unpack .../119-dpkg-dev_1.21.1ubuntu2.6_all.deb ...
Unpacking dpkg-dev (1.21.1ubuntu2.6) ...
Selecting previously unselected package build-essential.
Preparing to unpack .../120-build-essential_12.9ubuntu3_amd64.deb ...
Unpacking build-essential (12.9ubuntu3) ...
Selecting previously unselected package libassuan0:amd64.
Preparing to unpack .../121-libassuan0_2.5.5-1build1_amd64.deb ...
Unpacking libassuan0:amd64 (2.5.5-1build1) ...
Selecting previously unselected package gpgconf.
Preparing to unpack .../122-gpgconf_2.2.27-3ubuntu2.5_amd64.deb ...
Unpacking gpgconf (2.2.27-3ubuntu2.5) ...
Selecting previously unselected package libksba8:amd64.
Preparing to unpack .../123-libksba8_1.6.0-2ubuntu0.2_amd64.deb ...
Unpacking libksba8:amd64 (1.6.0-2ubuntu0.2) ...
Selecting previously unselected package libsasl2-modules-db:amd64.
Preparing to unpack .../124-libsasl2-modules-db_2.1.27+dfsg2-3ubuntu1.2_amd64.deb ...
Unpacking libsasl2-modules-db:amd64 (2.1.27+dfsg2-3ubuntu1.2) ...
Selecting previously unselected package libsasl2-2:amd64.
Preparing to unpack .../125-libsasl2-2_2.1.27+dfsg2-3ubuntu1.2_amd64.deb ...
Unpacking libsasl2-2:amd64 (2.1.27+dfsg2-3ubuntu1.2) ...
Selecting previously unselected package libldap-2.5-0:amd64.
Preparing to unpack .../126-libldap-2.5-0_2.5.20+dfsg-0ubuntu0.22.04.1_amd64.deb ...
Unpacking libldap-2.5-0:amd64 (2.5.20+dfsg-0ubuntu0.22.04.1) ...
Selecting previously unselected package libnpth0:amd64.
Preparing to unpack .../127-libnpth0_1.6-3build2_amd64.deb ...
Unpacking libnpth0:amd64 (1.6-3build2) ...
Selecting previously unselected package dirmngr.
Preparing to unpack .../128-dirmngr_2.2.27-3ubuntu2.5_amd64.deb ...
Unpacking dirmngr (2.2.27-3ubuntu2.5) ...
Selecting previously unselected package libfakeroot:amd64.
Preparing to unpack .../129-libfakeroot_1.28-1ubuntu1_amd64.deb ...
Unpacking libfakeroot:amd64 (1.28-1ubuntu1) ...
Selecting previously unselected package fakeroot.
Preparing to unpack .../130-fakeroot_1.28-1ubuntu1_amd64.deb ...
Unpacking fakeroot (1.28-1ubuntu1) ...
Selecting previously unselected package libbrotli1:amd64.
Preparing to unpack .../131-libbrotli1_1.0.9-2build6_amd64.deb ...
Unpacking libbrotli1:amd64 (1.0.9-2build6) ...
Selecting previously unselected package libfreetype6:amd64.
Preparing to unpack .../132-libfreetype6_2.11.1+dfsg-1ubuntu0.3_amd64.deb ...
Unpacking libfreetype6:amd64 (2.11.1+dfsg-1ubuntu0.3) ...
Selecting previously unselected package fonts-dejavu-core.
Preparing to unpack .../133-fonts-dejavu-core_2.37-2build1_all.deb ...
Unpacking fonts-dejavu-core (2.37-2build1) ...
Selecting previously unselected package fontconfig-config.
Preparing to unpack .../134-fontconfig-config_2.13.1-4.2ubuntu5_all.deb ...
Unpacking fontconfig-config (2.13.1-4.2ubuntu5) ...
Selecting previously unselected package libfontconfig1:amd64.
Preparing to unpack .../135-libfontconfig1_2.13.1-4.2ubuntu5_amd64.deb ...
Unpacking libfontconfig1:amd64 (2.13.1-4.2ubuntu5) ...
Selecting previously unselected package fontconfig.
Preparing to unpack .../136-fontconfig_2.13.1-4.2ubuntu5_amd64.deb ...
Unpacking fontconfig (2.13.1-4.2ubuntu5) ...
Selecting previously unselected package librtmp1:amd64.
Preparing to unpack .../137-librtmp1_2.4+20151223.gitfa8646d.1-2build4_amd64.deb ...
Unpacking librtmp1:amd64 (2.4+20151223.gitfa8646d.1-2build4) ...
Selecting previously unselected package libssh-4:amd64.
Preparing to unpack .../138-libssh-4_0.9.6-2ubuntu0.22.04.7_amd64.deb ...
Unpacking libssh-4:amd64 (0.9.6-2ubuntu0.22.04.7) ...
Selecting previously unselected package libcurl3-gnutls:amd64.
Preparing to unpack .../139-libcurl3-gnutls_7.81.0-1ubuntu1.24_amd64.deb ...
Unpacking libcurl3-gnutls:amd64 (7.81.0-1ubuntu1.24) ...
Selecting previously unselected package liberror-perl.
Preparing to unpack .../140-liberror-perl_0.17029-1_all.deb ...
Unpacking liberror-perl (0.17029-1) ...
Selecting previously unselected package git-man.
Preparing to unpack .../141-git-man_1%3a2.34.1-1ubuntu1.17_all.deb ...
Unpacking git-man (1:2.34.1-1ubuntu1.17) ...
Selecting previously unselected package git.
Preparing to unpack .../142-git_1%3a2.34.1-1ubuntu1.17_amd64.deb ...
Unpacking git (1:2.34.1-1ubuntu1.17) ...
Selecting previously unselected package gnupg-l10n.
Preparing to unpack .../143-gnupg-l10n_2.2.27-3ubuntu2.5_all.deb ...
Unpacking gnupg-l10n (2.2.27-3ubuntu2.5) ...
Selecting previously unselected package gnupg-utils.
Preparing to unpack .../144-gnupg-utils_2.2.27-3ubuntu2.5_amd64.deb ...
Unpacking gnupg-utils (2.2.27-3ubuntu2.5) ...
Selecting previously unselected package gpg.
Preparing to unpack .../145-gpg_2.2.27-3ubuntu2.5_amd64.deb ...
Unpacking gpg (2.2.27-3ubuntu2.5) ...
Selecting previously unselected package pinentry-curses.
Preparing to unpack .../146-pinentry-curses_1.1.1-1build2_amd64.deb ...
Unpacking pinentry-curses (1.1.1-1build2) ...
Selecting previously unselected package gpg-agent.
Preparing to unpack .../147-gpg-agent_2.2.27-3ubuntu2.5_amd64.deb ...
Unpacking gpg-agent (2.2.27-3ubuntu2.5) ...
Selecting previously unselected package gpg-wks-client.
Preparing to unpack .../148-gpg-wks-client_2.2.27-3ubuntu2.5_amd64.deb ...
Unpacking gpg-wks-client (2.2.27-3ubuntu2.5) ...
Selecting previously unselected package gpg-wks-server.
Preparing to unpack .../149-gpg-wks-server_2.2.27-3ubuntu2.5_amd64.deb ...
Unpacking gpg-wks-server (2.2.27-3ubuntu2.5) ...
Selecting previously unselected package gpgsm.
Preparing to unpack .../150-gpgsm_2.2.27-3ubuntu2.5_amd64.deb ...
Unpacking gpgsm (2.2.27-3ubuntu2.5) ...
Selecting previously unselected package gnupg.
Preparing to unpack .../151-gnupg_2.2.27-3ubuntu2.5_all.deb ...
Unpacking gnupg (2.2.27-3ubuntu2.5) ...
Selecting previously unselected package gyp.
Preparing to unpack .../152-gyp_0.1+20210831gitd6c5dd5-5_all.deb ...
Unpacking gyp (0.1+20210831gitd6c5dd5-5) ...
Selecting previously unselected package javascript-common.
Preparing to unpack .../153-javascript-common_11+nmu1_all.deb ...
Unpacking javascript-common (11+nmu1) ...
Selecting previously unselected package libalgorithm-diff-perl.
Preparing to unpack .../154-libalgorithm-diff-perl_1.201-1_all.deb ...
Unpacking libalgorithm-diff-perl (1.201-1) ...
Selecting previously unselected package libalgorithm-diff-xs-perl.
Preparing to unpack .../155-libalgorithm-diff-xs-perl_0.04-6build3_amd64.deb ...
Unpacking libalgorithm-diff-xs-perl (0.04-6build3) ...
Selecting previously unselected package libalgorithm-merge-perl.
Preparing to unpack .../156-libalgorithm-merge-perl_0.08-3_all.deb ...
Unpacking libalgorithm-merge-perl (0.08-3) ...
Selecting previously unselected package libatk1.0-data.
Preparing to unpack .../157-libatk1.0-data_2.36.0-3build1_all.deb ...
Unpacking libatk1.0-data (2.36.0-3build1) ...
Selecting previously unselected package libatk1.0-0:amd64.
Preparing to unpack .../158-libatk1.0-0_2.36.0-3build1_amd64.deb ...
Unpacking libatk1.0-0:amd64 (2.36.0-3build1) ...
Selecting previously unselected package libatk-bridge2.0-0:amd64.
Preparing to unpack .../159-libatk-bridge2.0-0_2.38.0-3_amd64.deb ...
Unpacking libatk-bridge2.0-0:amd64 (2.38.0-3) ...
Selecting previously unselected package libavahi-common-data:amd64.
Preparing to unpack .../160-libavahi-common-data_0.8-5ubuntu5.5_amd64.deb ...
Unpacking libavahi-common-data:amd64 (0.8-5ubuntu5.5) ...
Selecting previously unselected package libavahi-common3:amd64.
Preparing to unpack .../161-libavahi-common3_0.8-5ubuntu5.5_amd64.deb ...
Unpacking libavahi-common3:amd64 (0.8-5ubuntu5.5) ...
Selecting previously unselected package libavahi-client3:amd64.
Preparing to unpack .../162-libavahi-client3_0.8-5ubuntu5.5_amd64.deb ...
Unpacking libavahi-client3:amd64 (0.8-5ubuntu5.5) ...
Selecting previously unselected package libxpm4:amd64.
Preparing to unpack .../163-libxpm4_1%3a3.5.12-1ubuntu0.22.04.2_amd64.deb ...
Unpacking libxpm4:amd64 (1:3.5.12-1ubuntu0.22.04.2) ...
Selecting previously unselected package libgd3:amd64.
Preparing to unpack .../164-libgd3_2.3.0-2ubuntu2.3_amd64.deb ...
Unpacking libgd3:amd64 (2.3.0-2ubuntu2.3) ...
Selecting previously unselected package libc-devtools.
Preparing to unpack .../165-libc-devtools_2.35-0ubuntu3.13_amd64.deb ...
Unpacking libc-devtools (2.35-0ubuntu3.13) ...
Selecting previously unselected package libpixman-1-0:amd64.
Preparing to unpack .../166-libpixman-1-0_0.40.0-1ubuntu0.22.04.1_amd64.deb ...
Unpacking libpixman-1-0:amd64 (0.40.0-1ubuntu0.22.04.1) ...
Selecting previously unselected package libxcb-render0:amd64.
Preparing to unpack .../167-libxcb-render0_1.14-3ubuntu3_amd64.deb ...
Unpacking libxcb-render0:amd64 (1.14-3ubuntu3) ...
Selecting previously unselected package libxcb-shm0:amd64.
Preparing to unpack .../168-libxcb-shm0_1.14-3ubuntu3_amd64.deb ...
Unpacking libxcb-shm0:amd64 (1.14-3ubuntu3) ...
Selecting previously unselected package libxrender1:amd64.
Preparing to unpack .../169-libxrender1_1%3a0.9.10-1build4_amd64.deb ...
Unpacking libxrender1:amd64 (1:0.9.10-1build4) ...
Selecting previously unselected package libcairo2:amd64.
Preparing to unpack .../170-libcairo2_1.16.0-5ubuntu2.1_amd64.deb ...
Unpacking libcairo2:amd64 (1.16.0-5ubuntu2.1) ...
Selecting previously unselected package libcairo-gobject2:amd64.
Preparing to unpack .../171-libcairo-gobject2_1.16.0-5ubuntu2.1_amd64.deb ...
Unpacking libcairo-gobject2:amd64 (1.16.0-5ubuntu2.1) ...
Selecting previously unselected package libclone-perl.
Preparing to unpack .../172-libclone-perl_0.45-1build3_amd64.deb ...
Unpacking libclone-perl (0.45-1build3) ...
Selecting previously unselected package liblcms2-2:amd64.
Preparing to unpack .../173-liblcms2-2_2.12~rc1-2ubuntu0.1_amd64.deb ...
Unpacking liblcms2-2:amd64 (2.12~rc1-2ubuntu0.1) ...
Selecting previously unselected package libcolord2:amd64.
Preparing to unpack .../174-libcolord2_1.4.6-1_amd64.deb ...
Unpacking libcolord2:amd64 (1.4.6-1) ...
Selecting previously unselected package libcups2:amd64.
Preparing to unpack .../175-libcups2_2.4.1op1-1ubuntu4.21_amd64.deb ...
Unpacking libcups2:amd64 (2.4.1op1-1ubuntu4.21) ...
Selecting previously unselected package libdata-dump-perl.
Preparing to unpack .../176-libdata-dump-perl_1.25-1_all.deb ...
Unpacking libdata-dump-perl (1.25-1) ...
Selecting previously unselected package libdatrie1:amd64.
Preparing to unpack .../177-libdatrie1_0.2.13-2_amd64.deb ...
Unpacking libdatrie1:amd64 (0.2.13-2) ...
Selecting previously unselected package libdrm-amdgpu1:amd64.
Preparing to unpack .../178-libdrm-amdgpu1_2.4.113-2~ubuntu0.22.04.1_amd64.deb ...
Unpacking libdrm-amdgpu1:amd64 (2.4.113-2~ubuntu0.22.04.1) ...
Selecting previously unselected package libpciaccess0:amd64.
Preparing to unpack .../179-libpciaccess0_0.16-3_amd64.deb ...
Unpacking libpciaccess0:amd64 (0.16-3) ...
Selecting previously unselected package libdrm-intel1:amd64.
Preparing to unpack .../180-libdrm-intel1_2.4.113-2~ubuntu0.22.04.1_amd64.deb ...
Unpacking libdrm-intel1:amd64 (2.4.113-2~ubuntu0.22.04.1) ...
Selecting previously unselected package libdrm-nouveau2:amd64.
Preparing to unpack .../181-libdrm-nouveau2_2.4.113-2~ubuntu0.22.04.1_amd64.deb ...
Unpacking libdrm-nouveau2:amd64 (2.4.113-2~ubuntu0.22.04.1) ...
Selecting previously unselected package libdrm-radeon1:amd64.
Preparing to unpack .../182-libdrm-radeon1_2.4.113-2~ubuntu0.22.04.1_amd64.deb ...
Unpacking libdrm-radeon1:amd64 (2.4.113-2~ubuntu0.22.04.1) ...
Selecting previously unselected package libencode-locale-perl.
Preparing to unpack .../183-libencode-locale-perl_1.05-1.1_all.deb ...
Unpacking libencode-locale-perl (1.05-1.1) ...
Selecting previously unselected package libepoxy0:amd64.
Preparing to unpack .../184-libepoxy0_1.5.10-1_amd64.deb ...
Unpacking libepoxy0:amd64 (1.5.10-1) ...
Selecting previously unselected package libipc-system-simple-perl.
Preparing to unpack .../185-libipc-system-simple-perl_1.30-1_all.deb ...
Unpacking libipc-system-simple-perl (1.30-1) ...
Selecting previously unselected package libfile-basedir-perl.
Preparing to unpack .../186-libfile-basedir-perl_0.09-1_all.deb ...
Unpacking libfile-basedir-perl (0.09-1) ...
Selecting previously unselected package liburi-perl.
Preparing to unpack .../187-liburi-perl_5.10-1_all.deb ...
Unpacking liburi-perl (5.10-1) ...
Selecting previously unselected package libfile-desktopentry-perl.
Preparing to unpack .../188-libfile-desktopentry-perl_0.22-2_all.deb ...
Unpacking libfile-desktopentry-perl (0.22-2) ...
Selecting previously unselected package libfile-fcntllock-perl.
Preparing to unpack .../189-libfile-fcntllock-perl_0.22-3build7_amd64.deb ...
Unpacking libfile-fcntllock-perl (0.22-3build7) ...
Selecting previously unselected package libtimedate-perl.
Preparing to unpack .../190-libtimedate-perl_2.3300-2_all.deb ...
Unpacking libtimedate-perl (2.3300-2) ...
Selecting previously unselected package libhttp-date-perl.
Preparing to unpack .../191-libhttp-date-perl_6.05-1_all.deb ...
Unpacking libhttp-date-perl (6.05-1) ...
Selecting previously unselected package libfile-listing-perl.
Preparing to unpack .../192-libfile-listing-perl_6.14-1_all.deb ...
Unpacking libfile-listing-perl (6.14-1) ...
Selecting previously unselected package libfile-mimeinfo-perl.
Preparing to unpack .../193-libfile-mimeinfo-perl_0.31-1_all.deb ...
Unpacking libfile-mimeinfo-perl (0.31-1) ...
Selecting previously unselected package libfont-afm-perl.
Preparing to unpack .../194-libfont-afm-perl_1.20-3_all.deb ...
Unpacking libfont-afm-perl (1.20-3) ...
Selecting previously unselected package libfontenc1:amd64.
Preparing to unpack .../195-libfontenc1_1%3a1.1.4-1build3_amd64.deb ...
Unpacking libfontenc1:amd64 (1:1.1.4-1build3) ...
Selecting previously unselected package libgdk-pixbuf2.0-bin.
Preparing to unpack .../196-libgdk-pixbuf2.0-bin_2.42.8+dfsg-1ubuntu0.5_amd64.deb ...
Unpacking libgdk-pixbuf2.0-bin (2.42.8+dfsg-1ubuntu0.5) ...
Selecting previously unselected package libglapi-mesa:amd64.
Preparing to unpack .../197-libglapi-mesa_23.2.1-1ubuntu3.1~22.04.4_amd64.deb ...
Unpacking libglapi-mesa:amd64 (23.2.1-1ubuntu3.1~22.04.4) ...
Selecting previously unselected package libgl1-amber-dri:amd64.
Preparing to unpack .../198-libgl1-amber-dri_21.3.9-0ubuntu1~22.04.2_amd64.deb ...
Unpacking libgl1-amber-dri:amd64 (21.3.9-0ubuntu1~22.04.2) ...
Selecting previously unselected package libllvm15:amd64.
Preparing to unpack .../199-libllvm15_1%3a15.0.7-0ubuntu0.22.04.3_amd64.deb ...
Unpacking libllvm15:amd64 (1:15.0.7-0ubuntu0.22.04.3) ...
Selecting previously unselected package libsensors-config.
Preparing to unpack .../200-libsensors-config_1%3a3.6.0-7ubuntu1_all.deb ...
Unpacking libsensors-config (1:3.6.0-7ubuntu1) ...
Selecting previously unselected package libsensors5:amd64.
Preparing to unpack .../201-libsensors5_1%3a3.6.0-7ubuntu1_amd64.deb ...
Unpacking libsensors5:amd64 (1:3.6.0-7ubuntu1) ...
Selecting previously unselected package libxcb-dri3-0:amd64.
Preparing to unpack .../202-libxcb-dri3-0_1.14-3ubuntu3_amd64.deb ...
Unpacking libxcb-dri3-0:amd64 (1.14-3ubuntu3) ...
Selecting previously unselected package libgl1-mesa-dri:amd64.
Preparing to unpack .../203-libgl1-mesa-dri_23.2.1-1ubuntu3.1~22.04.4_amd64.deb ...
Unpacking libgl1-mesa-dri:amd64 (23.2.1-1ubuntu3.1~22.04.4) ...
Selecting previously unselected package libx11-xcb1:amd64.
Preparing to unpack .../204-libx11-xcb1_2%3a1.7.5-1ubuntu0.3_amd64.deb ...
Unpacking libx11-xcb1:amd64 (2:1.7.5-1ubuntu0.3) ...
Selecting previously unselected package libxcb-dri2-0:amd64.
Preparing to unpack .../205-libxcb-dri2-0_1.14-3ubuntu3_amd64.deb ...
Unpacking libxcb-dri2-0:amd64 (1.14-3ubuntu3) ...
Selecting previously unselected package libxcb-glx0:amd64.
Preparing to unpack .../206-libxcb-glx0_1.14-3ubuntu3_amd64.deb ...
Unpacking libxcb-glx0:amd64 (1.14-3ubuntu3) ...
Selecting previously unselected package libxcb-present0:amd64.
Preparing to unpack .../207-libxcb-present0_1.14-3ubuntu3_amd64.deb ...
Unpacking libxcb-present0:amd64 (1.14-3ubuntu3) ...
Selecting previously unselected package libxcb-randr0:amd64.
Preparing to unpack .../208-libxcb-randr0_1.14-3ubuntu3_amd64.deb ...
Unpacking libxcb-randr0:amd64 (1.14-3ubuntu3) ...
Selecting previously unselected package libxcb-sync1:amd64.
Preparing to unpack .../209-libxcb-sync1_1.14-3ubuntu3_amd64.deb ...
Unpacking libxcb-sync1:amd64 (1.14-3ubuntu3) ...
Selecting previously unselected package libxcb-xfixes0:amd64.
Preparing to unpack .../210-libxcb-xfixes0_1.14-3ubuntu3_amd64.deb ...
Unpacking libxcb-xfixes0:amd64 (1.14-3ubuntu3) ...
Selecting previously unselected package libxfixes3:amd64.
Preparing to unpack .../211-libxfixes3_1%3a6.0.0-1_amd64.deb ...
Unpacking libxfixes3:amd64 (1:6.0.0-1) ...
Selecting previously unselected package libxshmfence1:amd64.
Preparing to unpack .../212-libxshmfence1_1.3-1build4_amd64.deb ...
Unpacking libxshmfence1:amd64 (1.3-1build4) ...
Selecting previously unselected package libxxf86vm1:amd64.
Preparing to unpack .../213-libxxf86vm1_1%3a1.1.4-1build3_amd64.deb ...
Unpacking libxxf86vm1:amd64 (1:1.1.4-1build3) ...
Selecting previously unselected package libglx-mesa0:amd64.
Preparing to unpack .../214-libglx-mesa0_23.2.1-1ubuntu3.1~22.04.4_amd64.deb ...
Unpacking libglx-mesa0:amd64 (23.2.1-1ubuntu3.1~22.04.4) ...
Selecting previously unselected package libgraphite2-3:amd64.
Preparing to unpack .../215-libgraphite2-3_1.3.14-1build2_amd64.deb ...
Unpacking libgraphite2-3:amd64 (1.3.14-1build2) ...
Selecting previously unselected package libharfbuzz0b:amd64.
Preparing to unpack .../216-libharfbuzz0b_2.7.4-1ubuntu3.2_amd64.deb ...
Unpacking libharfbuzz0b:amd64 (2.7.4-1ubuntu3.2) ...
Selecting previously unselected package libthai-data.
Preparing to unpack .../217-libthai-data_0.1.29-1build1_all.deb ...
Unpacking libthai-data (0.1.29-1build1) ...
Selecting previously unselected package libthai0:amd64.
Preparing to unpack .../218-libthai0_0.1.29-1build1_amd64.deb ...
Unpacking libthai0:amd64 (0.1.29-1build1) ...
Selecting previously unselected package libpango-1.0-0:amd64.
Preparing to unpack .../219-libpango-1.0-0_1.50.6+ds-2ubuntu1_amd64.deb ...
Unpacking libpango-1.0-0:amd64 (1.50.6+ds-2ubuntu1) ...
Selecting previously unselected package libpangoft2-1.0-0:amd64.
Preparing to unpack .../220-libpangoft2-1.0-0_1.50.6+ds-2ubuntu1_amd64.deb ...
Unpacking libpangoft2-1.0-0:amd64 (1.50.6+ds-2ubuntu1) ...
Selecting previously unselected package libpangocairo-1.0-0:amd64.
Preparing to unpack .../221-libpangocairo-1.0-0_1.50.6+ds-2ubuntu1_amd64.deb ...
Unpacking libpangocairo-1.0-0:amd64 (1.50.6+ds-2ubuntu1) ...
Selecting previously unselected package libwayland-client0:amd64.
Preparing to unpack .../222-libwayland-client0_1.20.0-1ubuntu0.1_amd64.deb ...
Unpacking libwayland-client0:amd64 (1.20.0-1ubuntu0.1) ...
Selecting previously unselected package libwayland-cursor0:amd64.
Preparing to unpack .../223-libwayland-cursor0_1.20.0-1ubuntu0.1_amd64.deb ...
Unpacking libwayland-cursor0:amd64 (1.20.0-1ubuntu0.1) ...
Selecting previously unselected package libwayland-egl1:amd64.
Preparing to unpack .../224-libwayland-egl1_1.20.0-1ubuntu0.1_amd64.deb ...
Unpacking libwayland-egl1:amd64 (1.20.0-1ubuntu0.1) ...
Selecting previously unselected package libxcomposite1:amd64.
Preparing to unpack .../225-libxcomposite1_1%3a0.4.5-1build2_amd64.deb ...
Unpacking libxcomposite1:amd64 (1:0.4.5-1build2) ...
Selecting previously unselected package libxcursor1:amd64.
Preparing to unpack .../226-libxcursor1_1%3a1.2.0-2build4_amd64.deb ...
Unpacking libxcursor1:amd64 (1:1.2.0-2build4) ...
Selecting previously unselected package libxdamage1:amd64.
Preparing to unpack .../227-libxdamage1_1%3a1.1.5-2build2_amd64.deb ...
Unpacking libxdamage1:amd64 (1:1.1.5-2build2) ...
Selecting previously unselected package libxinerama1:amd64.
Preparing to unpack .../228-libxinerama1_2%3a1.1.4-3_amd64.deb ...
Unpacking libxinerama1:amd64 (2:1.1.4-3) ...
Selecting previously unselected package libxkbcommon0:amd64.
Preparing to unpack .../229-libxkbcommon0_1.4.0-1_amd64.deb ...
Unpacking libxkbcommon0:amd64 (1.4.0-1) ...
Selecting previously unselected package libxrandr2:amd64.
Preparing to unpack .../230-libxrandr2_2%3a1.5.2-1build1_amd64.deb ...
Unpacking libxrandr2:amd64 (2:1.5.2-1build1) ...
Selecting previously unselected package libgtk-3-common.
Preparing to unpack .../231-libgtk-3-common_3.24.33-1ubuntu2.2_all.deb ...
Unpacking libgtk-3-common (3.24.33-1ubuntu2.2) ...
Selecting previously unselected package libgtk-3-0:amd64.
Preparing to unpack .../232-libgtk-3-0_3.24.33-1ubuntu2.2_amd64.deb ...
Unpacking libgtk-3-0:amd64 (3.24.33-1ubuntu2.2) ...
Selecting previously unselected package libgtk-3-bin.
Preparing to unpack .../233-libgtk-3-bin_3.24.33-1ubuntu2.2_amd64.deb ...
Unpacking libgtk-3-bin (3.24.33-1ubuntu2.2) ...
Selecting previously unselected package librsvg2-2:amd64.
Preparing to unpack .../234-librsvg2-2_2.52.5+dfsg-3ubuntu0.2_amd64.deb ...
Unpacking librsvg2-2:amd64 (2.52.5+dfsg-3ubuntu0.2) ...
Selecting previously unselected package libllvm11:amd64.
Preparing to unpack .../235-libllvm11_1%3a11.1.0-6_amd64.deb ...
Unpacking libllvm11:amd64 (1:11.1.0-6) ...
Selecting previously unselected package libphobos2-ldc-shared98:amd64.
Preparing to unpack .../236-libphobos2-ldc-shared98_1%3a1.28.0-1ubuntu1_amd64.deb ...
Unpacking libphobos2-ldc-shared98:amd64 (1:1.28.0-1ubuntu1) ...
Selecting previously unselected package libgtkd-3-0:amd64.
Preparing to unpack .../237-libgtkd-3-0_3.10.0-1ubuntu1_amd64.deb ...
Unpacking libgtkd-3-0:amd64 (3.10.0-1ubuntu1) ...
Selecting previously unselected package libhtml-tagset-perl.
Preparing to unpack .../238-libhtml-tagset-perl_3.20-4_all.deb ...
Unpacking libhtml-tagset-perl (3.20-4) ...
Selecting previously unselected package libhtml-parser-perl:amd64.
Preparing to unpack .../239-libhtml-parser-perl_3.76-1build2_amd64.deb ...
Unpacking libhtml-parser-perl:amd64 (3.76-1build2) ...
Selecting previously unselected package libio-html-perl.
Preparing to unpack .../240-libio-html-perl_1.004-2_all.deb ...
Unpacking libio-html-perl (1.004-2) ...
Selecting previously unselected package liblwp-mediatypes-perl.
Preparing to unpack .../241-liblwp-mediatypes-perl_6.04-1_all.deb ...
Unpacking liblwp-mediatypes-perl (6.04-1) ...
Selecting previously unselected package libhttp-message-perl.
Preparing to unpack .../242-libhttp-message-perl_6.36-1_all.deb ...
Unpacking libhttp-message-perl (6.36-1) ...
Selecting previously unselected package libhtml-form-perl.
Preparing to unpack .../243-libhtml-form-perl_6.07-1_all.deb ...
Unpacking libhtml-form-perl (6.07-1) ...
Selecting previously unselected package libhtml-tree-perl.
Preparing to unpack .../244-libhtml-tree-perl_5.07-2_all.deb ...
Unpacking libhtml-tree-perl (5.07-2) ...
Selecting previously unselected package libhtml-format-perl.
Preparing to unpack .../245-libhtml-format-perl_2.12-1.1_all.deb ...
Unpacking libhtml-format-perl (2.12-1.1) ...
Selecting previously unselected package libhttp-cookies-perl.
Preparing to unpack .../246-libhttp-cookies-perl_6.10-1_all.deb ...
Unpacking libhttp-cookies-perl (6.10-1) ...
Selecting previously unselected package libhttp-daemon-perl.
Preparing to unpack .../247-libhttp-daemon-perl_6.13-1ubuntu0.2_all.deb ...
Unpacking libhttp-daemon-perl (6.13-1ubuntu0.2) ...
Selecting previously unselected package libhttp-negotiate-perl.
Preparing to unpack .../248-libhttp-negotiate-perl_6.01-1_all.deb ...
Unpacking libhttp-negotiate-perl (6.01-1) ...
Selecting previously unselected package libice6:amd64.
Preparing to unpack .../249-libice6_2%3a1.0.10-1build2_amd64.deb ...
Unpacking libice6:amd64 (2:1.0.10-1build2) ...
Selecting previously unselected package perl-openssl-defaults:amd64.
Preparing to unpack .../250-perl-openssl-defaults_5build2_amd64.deb ...
Unpacking perl-openssl-defaults:amd64 (5build2) ...
Selecting previously unselected package libnet-ssleay-perl:amd64.
Preparing to unpack .../251-libnet-ssleay-perl_1.92-1build2_amd64.deb ...
Unpacking libnet-ssleay-perl:amd64 (1.92-1build2) ...
Selecting previously unselected package libio-socket-ssl-perl.
Preparing to unpack .../252-libio-socket-ssl-perl_2.074-2_all.deb ...
Unpacking libio-socket-ssl-perl (2.074-2) ...
Selecting previously unselected package libio-stringy-perl.
Preparing to unpack .../253-libio-stringy-perl_2.111-3_all.deb ...
Unpacking libio-stringy-perl (2.111-3) ...
Selecting previously unselected package libjs-events.
Preparing to unpack .../254-libjs-events_3.3.0+~3.0.0-2_all.deb ...
Unpacking libjs-events (3.3.0+~3.0.0-2) ...
Selecting previously unselected package libjs-highlight.js.
Preparing to unpack .../255-libjs-highlight.js_9.18.5+dfsg1-1_all.deb ...
Unpacking libjs-highlight.js (9.18.5+dfsg1-1) ...
Selecting previously unselected package libjs-is-typedarray.
Preparing to unpack .../256-libjs-is-typedarray_1.0.0-4_all.deb ...
Unpacking libjs-is-typedarray (1.0.0-4) ...
Selecting previously unselected package libjs-psl.
Preparing to unpack .../257-libjs-psl_1.8.0+ds-6_all.deb ...
Unpacking libjs-psl (1.8.0+ds-6) ...
Selecting previously unselected package libjs-sprintf-js.
Preparing to unpack .../258-libjs-sprintf-js_1.1.2+ds1+~1.1.2-1_all.deb ...
Unpacking libjs-sprintf-js (1.1.2+ds1+~1.1.2-1) ...
Selecting previously unselected package libjs-typedarray-to-buffer.
Preparing to unpack .../259-libjs-typedarray-to-buffer_4.0.0-2_all.deb ...
Unpacking libjs-typedarray-to-buffer (4.0.0-2) ...
Selecting previously unselected package libldap-common.
Preparing to unpack .../260-libldap-common_2.5.20+dfsg-0ubuntu0.22.04.1_all.deb ...
Unpacking libldap-common (2.5.20+dfsg-0ubuntu0.22.04.1) ...
Selecting previously unselected package libnet-http-perl.
Preparing to unpack .../261-libnet-http-perl_6.22-1_all.deb ...
Unpacking libnet-http-perl (6.22-1) ...
Selecting previously unselected package libtry-tiny-perl.
Preparing to unpack .../262-libtry-tiny-perl_0.31-1_all.deb ...
Unpacking libtry-tiny-perl (0.31-1) ...
Selecting previously unselected package libwww-robotrules-perl.
Preparing to unpack .../263-libwww-robotrules-perl_6.02-1_all.deb ...
Unpacking libwww-robotrules-perl (6.02-1) ...
Selecting previously unselected package libwww-perl.
Preparing to unpack .../264-libwww-perl_6.61-1ubuntu0.1_all.deb ...
Unpacking libwww-perl (6.61-1ubuntu0.1) ...
Selecting previously unselected package liblwp-protocol-https-perl.
Preparing to unpack .../265-liblwp-protocol-https-perl_6.10-1_all.deb ...
Unpacking liblwp-protocol-https-perl (6.10-1) ...
Selecting previously unselected package libnet-smtp-ssl-perl.
Preparing to unpack .../266-libnet-smtp-ssl-perl_1.04-1_all.deb ...
Unpacking libnet-smtp-ssl-perl (1.04-1) ...
Selecting previously unselected package libmailtools-perl.
Preparing to unpack .../267-libmailtools-perl_2.21-1_all.deb ...
Unpacking libmailtools-perl (2.21-1) ...
Selecting previously unselected package libxml-parser-perl:amd64.
Preparing to unpack .../268-libxml-parser-perl_2.46-3ubuntu0.1_amd64.deb ...
Unpacking libxml-parser-perl:amd64 (2.46-3ubuntu0.1) ...
Selecting previously unselected package libxml-twig-perl.
Preparing to unpack .../269-libxml-twig-perl_1%3a3.52-1_all.deb ...
Unpacking libxml-twig-perl (1:3.52-1) ...
Selecting previously unselected package libnet-dbus-perl.
Preparing to unpack .../270-libnet-dbus-perl_1.2.0-1build3_amd64.deb ...
Unpacking libnet-dbus-perl (1.2.0-1build3) ...
Selecting previously unselected package libssl-dev:amd64.
Preparing to unpack .../271-libssl-dev_3.0.2-0ubuntu1.25_amd64.deb ...
Unpacking libssl-dev:amd64 (3.0.2-0ubuntu1.25) ...
Selecting previously unselected package libuv1-dev:amd64.
Preparing to unpack .../272-libuv1-dev_1.43.0-1ubuntu0.1_amd64.deb ...
Unpacking libuv1-dev:amd64 (1.43.0-1ubuntu0.1) ...
Selecting previously unselected package libc-ares2:amd64.
Preparing to unpack .../273-libc-ares2_1.18.1-1ubuntu0.22.04.3_amd64.deb ...
Unpacking libc-ares2:amd64 (1.18.1-1ubuntu0.22.04.3) ...
Selecting previously unselected package libnode72:amd64.
Preparing to unpack .../274-libnode72_12.22.9~dfsg-1ubuntu3.6_amd64.deb ...
Unpacking libnode72:amd64 (12.22.9~dfsg-1ubuntu3.6) ...
Selecting previously unselected package libnode-dev.
Preparing to unpack .../275-libnode-dev_12.22.9~dfsg-1ubuntu3.6_amd64.deb ...
Unpacking libnode-dev (12.22.9~dfsg-1ubuntu3.6) ...
Selecting previously unselected package libnotify4:amd64.
Preparing to unpack .../276-libnotify4_0.7.9-3ubuntu5.22.04.1_amd64.deb ...
Unpacking libnotify4:amd64 (0.7.9-3ubuntu5.22.04.1) ...
Selecting previously unselected package libnotify-bin.
Preparing to unpack .../277-libnotify-bin_0.7.9-3ubuntu5.22.04.1_amd64.deb ...
Unpacking libnotify-bin (0.7.9-3ubuntu5.22.04.1) ...
Selecting previously unselected package librsvg2-common:amd64.
Preparing to unpack .../278-librsvg2-common_2.52.5+dfsg-3ubuntu0.2_amd64.deb ...
Unpacking librsvg2-common:amd64 (2.52.5+dfsg-3ubuntu0.2) ...
Selecting previously unselected package libsasl2-modules:amd64.
Preparing to unpack .../279-libsasl2-modules_2.1.27+dfsg2-3ubuntu1.2_amd64.deb ...
Unpacking libsasl2-modules:amd64 (2.1.27+dfsg2-3ubuntu1.2) ...
Selecting previously unselected package libsm6:amd64.
Preparing to unpack .../280-libsm6_2%3a1.2.3-1build2_amd64.deb ...
Unpacking libsm6:amd64 (2:1.2.3-1build2) ...
Selecting previously unselected package libtie-ixhash-perl.
Preparing to unpack .../281-libtie-ixhash-perl_1.23-2.1_all.deb ...
Unpacking libtie-ixhash-perl (1.23-2.1) ...
Selecting previously unselected package libunwind8:amd64.
Preparing to unpack .../282-libunwind8_1.3.2-2build2.1_amd64.deb ...
Unpacking libunwind8:amd64 (1.3.2-2build2.1) ...
Selecting previously unselected package libvte-2.91-common.
Preparing to unpack .../283-libvte-2.91-common_0.68.0-1ubuntu0.1_amd64.deb ...
Unpacking libvte-2.91-common (0.68.0-1ubuntu0.1) ...
Selecting previously unselected package libvte-2.91-0:amd64.
Preparing to unpack .../284-libvte-2.91-0_0.68.0-1ubuntu0.1_amd64.deb ...
Unpacking libvte-2.91-0:amd64 (0.68.0-1ubuntu0.1) ...
Selecting previously unselected package libvted-3-0:amd64.
Preparing to unpack .../285-libvted-3-0_3.10.0-1ubuntu1_amd64.deb ...
Unpacking libvted-3-0:amd64 (3.10.0-1ubuntu1) ...
Selecting previously unselected package libx11-protocol-perl.
Preparing to unpack .../286-libx11-protocol-perl_0.56-7.1_all.deb ...
Unpacking libx11-protocol-perl (0.56-7.1) ...
Selecting previously unselected package libxt6:amd64.
Preparing to unpack .../287-libxt6_1%3a1.2.1-1_amd64.deb ...
Unpacking libxt6:amd64 (1:1.2.1-1) ...
Selecting previously unselected package libxmu6:amd64.
Preparing to unpack .../288-libxmu6_2%3a1.1.3-3_amd64.deb ...
Unpacking libxmu6:amd64 (2:1.1.3-3) ...
Selecting previously unselected package libxaw7:amd64.
Preparing to unpack .../289-libxaw7_2%3a1.0.14-1_amd64.deb ...
Unpacking libxaw7:amd64 (2:1.0.14-1) ...
Selecting previously unselected package libxcb-shape0:amd64.
Preparing to unpack .../290-libxcb-shape0_1.14-3ubuntu3_amd64.deb ...
Unpacking libxcb-shape0:amd64 (1.14-3ubuntu3) ...
Selecting previously unselected package libxft2:amd64.
Preparing to unpack .../291-libxft2_2.3.4-1_amd64.deb ...
Unpacking libxft2:amd64 (2.3.4-1) ...
Selecting previously unselected package libxkbfile1:amd64.
Preparing to unpack .../292-libxkbfile1_1%3a1.1.0-1build3_amd64.deb ...
Unpacking libxkbfile1:amd64 (1:1.1.0-1build3) ...
Selecting previously unselected package libxml-xpathengine-perl.
Preparing to unpack .../293-libxml-xpathengine-perl_0.14-1_all.deb ...
Unpacking libxml-xpathengine-perl (0.14-1) ...
Selecting previously unselected package libxv1:amd64.
Preparing to unpack .../294-libxv1_2%3a1.0.11-1build2_amd64.deb ...
Unpacking libxv1:amd64 (2:1.0.11-1build2) ...
Selecting previously unselected package libxxf86dga1:amd64.
Preparing to unpack .../295-libxxf86dga1_2%3a1.1.5-0ubuntu3_amd64.deb ...
Unpacking libxxf86dga1:amd64 (2:1.1.5-0ubuntu3) ...
Selecting previously unselected package manpages-dev.
Preparing to unpack .../296-manpages-dev_5.10-1ubuntu1_all.deb ...
Unpacking manpages-dev (5.10-1ubuntu1) ...
Selecting previously unselected package nodejs.
Preparing to unpack .../297-nodejs_12.22.9~dfsg-1ubuntu3.6_amd64.deb ...
Unpacking nodejs (12.22.9~dfsg-1ubuntu3.6) ...
Selecting previously unselected package node-abab.
Preparing to unpack .../298-node-abab_2.0.5-2_all.deb ...
Unpacking node-abab (2.0.5-2) ...
Selecting previously unselected package node-ms.
Preparing to unpack .../299-node-ms_2.1.3+~cs0.7.31-2_all.deb ...
Unpacking node-ms (2.1.3+~cs0.7.31-2) ...
Selecting previously unselected package node-debug.
Preparing to unpack .../300-node-debug_4.3.2+~cs4.1.7-1_all.deb ...
Unpacking node-debug (4.3.2+~cs4.1.7-1) ...
Selecting previously unselected package node-yallist.
Preparing to unpack .../301-node-yallist_4.0.0+~4.0.1-1_all.deb ...
Unpacking node-yallist (4.0.0+~4.0.1-1) ...
Selecting previously unselected package node-lru-cache.
Preparing to unpack .../302-node-lru-cache_6.0.0+~5.1.1-1_all.deb ...
Unpacking node-lru-cache (6.0.0+~5.1.1-1) ...
Selecting previously unselected package node-semver.
Preparing to unpack .../303-node-semver_7.3.5+~7.3.8-1_all.deb ...
Unpacking node-semver (7.3.5+~7.3.8-1) ...
Selecting previously unselected package node-agent-base.
Preparing to unpack .../304-node-agent-base_6.0.2+~cs5.4.2-1_all.deb ...
Unpacking node-agent-base (6.0.2+~cs5.4.2-1) ...
Selecting previously unselected package node-ansi-regex.
Preparing to unpack .../305-node-ansi-regex_5.0.1-1_all.deb ...
Unpacking node-ansi-regex (5.0.1-1) ...
Selecting previously unselected package node-ansistyles.
Preparing to unpack .../306-node-ansistyles_0.1.3-5_all.deb ...
Unpacking node-ansistyles (0.1.3-5) ...
Selecting previously unselected package node-aproba.
Preparing to unpack .../307-node-aproba_2.0.0-2_all.deb ...
Unpacking node-aproba (2.0.0-2) ...
Selecting previously unselected package node-delegates.
Preparing to unpack .../308-node-delegates_1.0.0-3_all.deb ...
Unpacking node-delegates (1.0.0-3) ...
Selecting previously unselected package libjs-inherits.
Preparing to unpack .../309-libjs-inherits_2.0.4-4_all.deb ...
Unpacking libjs-inherits (2.0.4-4) ...
Selecting previously unselected package node-inherits.
Preparing to unpack .../310-node-inherits_2.0.4-4_all.deb ...
Unpacking node-inherits (2.0.4-4) ...
Selecting previously unselected package node-core-util-is.
Preparing to unpack .../311-node-core-util-is_1.0.3-1_all.deb ...
Unpacking node-core-util-is (1.0.3-1) ...
Selecting previously unselected package node-safe-buffer.
Preparing to unpack .../312-node-safe-buffer_5.2.1+~cs2.1.2-2_all.deb ...
Unpacking node-safe-buffer (5.2.1+~cs2.1.2-2) ...
Selecting previously unselected package node-string-decoder.
Preparing to unpack .../313-node-string-decoder_1.3.0-5_all.deb ...
Unpacking node-string-decoder (1.3.0-5) ...
Selecting previously unselected package node-process-nextick-args.
Preparing to unpack .../314-node-process-nextick-args_2.0.1-2_all.deb ...
Unpacking node-process-nextick-args (2.0.1-2) ...
Selecting previously unselected package node-util-deprecate.
Preparing to unpack .../315-node-util-deprecate_1.0.2-3_all.deb ...
Unpacking node-util-deprecate (1.0.2-3) ...
Selecting previously unselected package node-isarray.
Preparing to unpack .../316-node-isarray_2.0.5-3_all.deb ...
Unpacking node-isarray (2.0.5-3) ...
Selecting previously unselected package node-readable-stream.
Preparing to unpack .../317-node-readable-stream_3.6.0+~cs3.0.0-1_all.deb ...
Unpacking node-readable-stream (3.6.0+~cs3.0.0-1) ...
Selecting previously unselected package node-are-we-there-yet.
Preparing to unpack .../318-node-are-we-there-yet_3.0.0+~1.1.0-1_all.deb ...
Unpacking node-are-we-there-yet (3.0.0+~1.1.0-1) ...
Selecting previously unselected package node-arrify.
Preparing to unpack .../319-node-arrify_2.0.1-2_all.deb ...
Unpacking node-arrify (2.0.1-2) ...
Selecting previously unselected package node-asap.
Preparing to unpack .../320-node-asap_2.0.6+~2.0.0-1_all.deb ...
Unpacking node-asap (2.0.6+~2.0.0-1) ...
Selecting previously unselected package node-asynckit.
Preparing to unpack .../321-node-asynckit_0.4.0-4_all.deb ...
Unpacking node-asynckit (0.4.0-4) ...
Selecting previously unselected package node-builtins.
Preparing to unpack .../322-node-builtins_4.0.0-1_all.deb ...
Unpacking node-builtins (4.0.0-1) ...
Selecting previously unselected package node-chownr.
Preparing to unpack .../323-node-chownr_2.0.0-1_all.deb ...
Unpacking node-chownr (2.0.0-1) ...
Selecting previously unselected package node-fs.realpath.
Preparing to unpack .../324-node-fs.realpath_1.0.0-2_all.deb ...
Unpacking node-fs.realpath (1.0.0-2) ...
Selecting previously unselected package node-wrappy.
Preparing to unpack .../325-node-wrappy_1.0.2-2_all.deb ...
Unpacking node-wrappy (1.0.2-2) ...
Selecting previously unselected package node-once.
Preparing to unpack .../326-node-once_1.4.0-4_all.deb ...
Unpacking node-once (1.4.0-4) ...
Selecting previously unselected package node-inflight.
Preparing to unpack .../327-node-inflight_1.0.6-2_all.deb ...
Unpacking node-inflight (1.0.6-2) ...
Selecting previously unselected package node-balanced-match.
Preparing to unpack .../328-node-balanced-match_2.0.0-1_all.deb ...
Unpacking node-balanced-match (2.0.0-1) ...
Selecting previously unselected package node-brace-expansion.
Preparing to unpack .../329-node-brace-expansion_2.0.1-1_all.deb ...
Unpacking node-brace-expansion (2.0.1-1) ...
Selecting previously unselected package node-minimatch.
Preparing to unpack .../330-node-minimatch_3.1.1+~3.0.5-1_all.deb ...
Unpacking node-minimatch (3.1.1+~3.0.5-1) ...
Selecting previously unselected package node-path-is-absolute.
Preparing to unpack .../331-node-path-is-absolute_2.0.0-2_all.deb ...
Unpacking node-path-is-absolute (2.0.0-2) ...
Selecting previously unselected package node-glob.
Preparing to unpack .../332-node-glob_7.2.1+~cs7.6.15-1_all.deb ...
Unpacking node-glob (7.2.1+~cs7.6.15-1) ...
Selecting previously unselected package node-graceful-fs.
Preparing to unpack .../333-node-graceful-fs_4.2.4+repack-1_all.deb ...
Unpacking node-graceful-fs (4.2.4+repack-1) ...
Selecting previously unselected package node-mkdirp.
Preparing to unpack .../334-node-mkdirp_1.0.4+~1.0.2-1_all.deb ...
Unpacking node-mkdirp (1.0.4+~1.0.2-1) ...
Selecting previously unselected package node-iferr.
Preparing to unpack .../335-node-iferr_1.0.2+~1.0.2-1_all.deb ...
Unpacking node-iferr (1.0.2+~1.0.2-1) ...
Selecting previously unselected package node-imurmurhash.
Preparing to unpack .../336-node-imurmurhash_0.1.4+dfsg+~0.1.1-1_all.deb ...
Unpacking node-imurmurhash (0.1.4+dfsg+~0.1.1-1) ...
Selecting previously unselected package node-fs-write-stream-atomic.
Preparing to unpack .../337-node-fs-write-stream-atomic_1.0.10-5_all.deb ...
Unpacking node-fs-write-stream-atomic (1.0.10-5) ...
Selecting previously unselected package node-rimraf.
Preparing to unpack .../338-node-rimraf_3.0.2-1_all.deb ...
Unpacking node-rimraf (3.0.2-1) ...
Selecting previously unselected package node-run-queue.
Preparing to unpack .../339-node-run-queue_2.0.0-2_all.deb ...
Unpacking node-run-queue (2.0.0-2) ...
Selecting previously unselected package node-copy-concurrently.
Preparing to unpack .../340-node-copy-concurrently_1.0.5-8_all.deb ...
Unpacking node-copy-concurrently (1.0.5-8) ...
Selecting previously unselected package node-move-concurrently.
Preparing to unpack .../341-node-move-concurrently_1.0.1-4_all.deb ...
Unpacking node-move-concurrently (1.0.1-4) ...
Selecting previously unselected package node-escape-string-regexp.
Preparing to unpack .../342-node-escape-string-regexp_4.0.0-2_all.deb ...
Unpacking node-escape-string-regexp (4.0.0-2) ...
Selecting previously unselected package node-indent-string.
Preparing to unpack .../343-node-indent-string_4.0.0-2_all.deb ...
Unpacking node-indent-string (4.0.0-2) ...
Selecting previously unselected package node-p-map.
Preparing to unpack .../344-node-p-map_4.0.0+~3.1.0+~3.0.1-1_all.deb ...
Unpacking node-p-map (4.0.0+~3.1.0+~3.0.1-1) ...
Selecting previously unselected package node-promise-inflight.
Preparing to unpack .../345-node-promise-inflight_1.0.1+~1.0.0-1_all.deb ...
Unpacking node-promise-inflight (1.0.1+~1.0.0-1) ...
Selecting previously unselected package node-ssri.
Preparing to unpack .../346-node-ssri_8.0.1-2_all.deb ...
Unpacking node-ssri (8.0.1-2) ...
Selecting previously unselected package node-unique-filename.
Preparing to unpack .../347-node-unique-filename_1.1.1+ds-1_all.deb ...
Unpacking node-unique-filename (1.1.1+ds-1) ...
Selecting previously unselected package node-cacache.
Preparing to unpack .../348-node-cacache_15.0.5+~cs13.9.21-3_all.deb ...
Unpacking node-cacache (15.0.5+~cs13.9.21-3) ...
Selecting previously unselected package node-clean-yaml-object.
Preparing to unpack .../349-node-clean-yaml-object_0.1.0-5_all.deb ...
Unpacking node-clean-yaml-object (0.1.0-5) ...
Selecting previously unselected package node-clone.
Preparing to unpack .../350-node-clone_2.1.2-3_all.deb ...
Unpacking node-clone (2.1.2-3) ...
Selecting previously unselected package node-color-name.
Preparing to unpack .../351-node-color-name_1.1.4+~1.1.1-2_all.deb ...
Unpacking node-color-name (1.1.4+~1.1.1-2) ...
Selecting previously unselected package node-color-convert.
Preparing to unpack .../352-node-color-convert_2.0.1-1_all.deb ...
Unpacking node-color-convert (2.0.1-1) ...
Selecting previously unselected package node-colors.
Preparing to unpack .../353-node-colors_1.4.0-3_all.deb ...
Unpacking node-colors (1.4.0-3) ...
Selecting previously unselected package node-strip-ansi.
Preparing to unpack .../354-node-strip-ansi_6.0.1-1_all.deb ...
Unpacking node-strip-ansi (6.0.1-1) ...
Selecting previously unselected package node-defaults.
Preparing to unpack .../355-node-defaults_1.0.3+~1.0.3-1_all.deb ...
Unpacking node-defaults (1.0.3+~1.0.3-1) ...
Selecting previously unselected package node-wcwidth.js.
Preparing to unpack .../356-node-wcwidth.js_1.0.2-1_all.deb ...
Unpacking node-wcwidth.js (1.0.2-1) ...
Selecting previously unselected package node-columnify.
Preparing to unpack .../357-node-columnify_1.5.4+~1.5.1-1_all.deb ...
Unpacking node-columnify (1.5.4+~1.5.1-1) ...
Selecting previously unselected package node-console-control-strings.
Preparing to unpack .../358-node-console-control-strings_1.1.0-2_all.deb ...
Unpacking node-console-control-strings (1.1.0-2) ...
Selecting previously unselected package node-growl.
Preparing to unpack .../359-node-growl_1.10.5-4_all.deb ...
Unpacking node-growl (1.10.5-4) ...
Selecting previously unselected package node-sprintf-js.
Preparing to unpack .../360-node-sprintf-js_1.1.2+ds1+~1.1.2-1_all.deb ...
Unpacking node-sprintf-js (1.1.2+ds1+~1.1.2-1) ...
Selecting previously unselected package node-argparse.
Preparing to unpack .../361-node-argparse_2.0.1-2_all.deb ...
Unpacking node-argparse (2.0.1-2) ...
Selecting previously unselected package node-esprima.
Preparing to unpack .../362-node-esprima_4.0.1+ds+~4.0.3-2_all.deb ...
Unpacking node-esprima (4.0.1+ds+~4.0.3-2) ...
Selecting previously unselected package node-js-yaml.
Preparing to unpack .../363-node-js-yaml_4.1.0+dfsg+~4.0.5-6_all.deb ...
Unpacking node-js-yaml (4.1.0+dfsg+~4.0.5-6) ...
Selecting previously unselected package node-lcov-parse.
Preparing to unpack .../364-node-lcov-parse_1.0.0+20170612git80d039574ed9-5_all.deb ...
Unpacking node-lcov-parse (1.0.0+20170612git80d039574ed9-5) ...
Selecting previously unselected package node-log-driver.
Preparing to unpack .../365-node-log-driver_1.2.7+git+20180219+bba1761737-7_all.deb ...
Unpacking node-log-driver (1.2.7+git+20180219+bba1761737-7) ...
Selecting previously unselected package node-is-plain-obj.
Preparing to unpack .../366-node-is-plain-obj_3.0.0-2_all.deb ...
Unpacking node-is-plain-obj (3.0.0-2) ...
Selecting previously unselected package node-is-buffer.
Preparing to unpack .../367-node-is-buffer_2.0.5-2_all.deb ...
Unpacking node-is-buffer (2.0.5-2) ...
Selecting previously unselected package node-kind-of.
Preparing to unpack .../368-node-kind-of_6.0.3+dfsg-2_all.deb ...
Unpacking node-kind-of (6.0.3+dfsg-2) ...
Selecting previously unselected package node-minimist.
Preparing to unpack .../369-node-minimist_1.2.5+~cs5.3.2-1_all.deb ...
Unpacking node-minimist (1.2.5+~cs5.3.2-1) ...
Selecting previously unselected package node-cssom.
Preparing to unpack .../370-node-cssom_0.4.4-3_all.deb ...
Unpacking node-cssom (0.4.4-3) ...
Selecting previously unselected package node-cssstyle.
Preparing to unpack .../371-node-cssstyle_2.3.0-2_all.deb ...
Unpacking node-cssstyle (2.3.0-2) ...
Selecting previously unselected package node-delayed-stream.
Preparing to unpack .../372-node-delayed-stream_1.0.0-5_all.deb ...
Unpacking node-delayed-stream (1.0.0-5) ...
Selecting previously unselected package node-combined-stream.
Preparing to unpack .../373-node-combined-stream_1.0.8+~1.0.3-1_all.deb ...
Unpacking node-combined-stream (1.0.8+~1.0.3-1) ...
Selecting previously unselected package node-mime.
Preparing to unpack .../374-node-mime_3.0.0+dfsg+~cs3.96.1-1_all.deb ...
Unpacking node-mime (3.0.0+dfsg+~cs3.96.1-1) ...
Selecting previously unselected package node-mime-types.
Preparing to unpack .../375-node-mime-types_2.1.33-1_all.deb ...
Unpacking node-mime-types (2.1.33-1) ...
Selecting previously unselected package node-form-data.
Preparing to unpack .../376-node-form-data_3.0.1-1_all.deb ...
Unpacking node-form-data (3.0.1-1) ...
Selecting previously unselected package node-events.
Preparing to unpack .../377-node-events_3.3.0+~3.0.0-2_all.deb ...
Unpacking node-events (3.3.0+~3.0.0-2) ...
Selecting previously unselected package node-https-proxy-agent.
Preparing to unpack .../378-node-https-proxy-agent_5.0.0+~cs8.0.0-3_all.deb ...
Unpacking node-https-proxy-agent (5.0.0+~cs8.0.0-3) ...
Selecting previously unselected package node-iconv-lite.
Preparing to unpack .../379-node-iconv-lite_0.6.3-2_all.deb ...
Unpacking node-iconv-lite (0.6.3-2) ...
Selecting previously unselected package node-lodash-packages.
Preparing to unpack .../380-node-lodash-packages_4.17.21+dfsg+~cs8.31.198.20210220-5_all.deb ...
Unpacking node-lodash-packages (4.17.21+dfsg+~cs8.31.198.20210220-5) ...
Selecting previously unselected package node-stealthy-require.
Preparing to unpack .../381-node-stealthy-require_1.1.1-5_all.deb ...
Unpacking node-stealthy-require (1.1.1-5) ...
Selecting previously unselected package node-punycode.
Preparing to unpack .../382-node-punycode_2.1.1-5_all.deb ...
Unpacking node-punycode (2.1.1-5) ...
Selecting previously unselected package node-psl.
Preparing to unpack .../383-node-psl_1.8.0+ds-6_all.deb ...
Unpacking node-psl (1.8.0+ds-6) ...
Selecting previously unselected package node-universalify.
Preparing to unpack .../384-node-universalify_2.0.0-3_all.deb ...
Unpacking node-universalify (2.0.0-3) ...
Selecting previously unselected package node-tough-cookie.
Preparing to unpack .../385-node-tough-cookie_4.0.0-2_all.deb ...
Unpacking node-tough-cookie (4.0.0-2) ...
Selecting previously unselected package node-webidl-conversions.
Preparing to unpack .../386-node-webidl-conversions_7.0.0~1.1.0+~cs15.1.20180823-2_all.deb ...
Unpacking node-webidl-conversions (7.0.0~1.1.0+~cs15.1.20180823-2) ...
Selecting previously unselected package node-commander.
Preparing to unpack .../387-node-commander_9.0.0-2_all.deb ...
Unpacking node-commander (9.0.0-2) ...
Selecting previously unselected package node-mute-stream.
Preparing to unpack .../388-node-mute-stream_0.0.8+~0.0.1-1_all.deb ...
Unpacking node-mute-stream (0.0.8+~0.0.1-1) ...
Selecting previously unselected package node-read.
Preparing to unpack .../389-node-read_1.0.7-3_all.deb ...
Unpacking node-read (1.0.7-3) ...
Selecting previously unselected package node-ws.
Preparing to unpack .../390-node-ws_8.5.0+~cs13.3.3-2_all.deb ...
Unpacking node-ws (8.5.0+~cs13.3.3-2) ...
Selecting previously unselected package node-jsdom.
Preparing to unpack .../391-node-jsdom_19.0.0+~cs90.11.27-1_all.deb ...
Unpacking node-jsdom (19.0.0+~cs90.11.27-1) ...
Selecting previously unselected package node-fetch.
Preparing to unpack .../392-node-fetch_2.6.7+~2.5.12-1_all.deb ...
Unpacking node-fetch (2.6.7+~2.5.12-1) ...
Selecting previously unselected package node-coveralls.
Preparing to unpack .../393-node-coveralls_3.1.1-1_all.deb ...
Unpacking node-coveralls (3.1.1-1) ...
Selecting previously unselected package node-mimic-response.
Preparing to unpack .../394-node-mimic-response_3.1.0-7_all.deb ...
Unpacking node-mimic-response (3.1.0-7) ...
Selecting previously unselected package node-decompress-response.
Preparing to unpack .../395-node-decompress-response_6.0.0-2_all.deb ...
Unpacking node-decompress-response (6.0.0-2) ...
Selecting previously unselected package node-diff.
Preparing to unpack .../396-node-diff_5.0.0~dfsg+~5.0.1-3_all.deb ...
Unpacking node-diff (5.0.0~dfsg+~5.0.1-3) ...
Selecting previously unselected package node-err-code.
Preparing to unpack .../397-node-err-code_2.0.3+dfsg-3_all.deb ...
Unpacking node-err-code (2.0.3+dfsg-3) ...
Selecting previously unselected package node-time-stamp.
Preparing to unpack .../398-node-time-stamp_2.2.0-1_all.deb ...
Unpacking node-time-stamp (2.2.0-1) ...
Selecting previously unselected package node-fancy-log.
Preparing to unpack .../399-node-fancy-log_1.3.3+~cs1.3.1-2_all.deb ...
Unpacking node-fancy-log (1.3.3+~cs1.3.1-2) ...
Selecting previously unselected package node-signal-exit.
Preparing to unpack .../400-node-signal-exit_3.0.6+~3.0.1-1_all.deb ...
Unpacking node-signal-exit (3.0.6+~3.0.1-1) ...
Selecting previously unselected package node-foreground-child.
Preparing to unpack .../401-node-foreground-child_2.0.0-3_all.deb ...
Unpacking node-foreground-child (2.0.0-3) ...
Selecting previously unselected package node-function-bind.
Preparing to unpack .../402-node-function-bind_1.1.1+repacked+~1.0.3-1_all.deb ...
Unpacking node-function-bind (1.1.1+repacked+~1.0.3-1) ...
Selecting previously unselected package node-has-unicode.
Preparing to unpack .../403-node-has-unicode_2.0.1-4_all.deb ...
Unpacking node-has-unicode (2.0.1-4) ...
Selecting previously unselected package node-ansi-styles.
Preparing to unpack .../404-node-ansi-styles_4.3.0+~4.2.0-1_all.deb ...
Unpacking node-ansi-styles (4.3.0+~4.2.0-1) ...
Selecting previously unselected package node-slice-ansi.
Preparing to unpack .../405-node-slice-ansi_5.0.0+~cs9.0.0-4_all.deb ...
Unpacking node-slice-ansi (5.0.0+~cs9.0.0-4) ...
Selecting previously unselected package node-string-width.
Preparing to unpack .../406-node-string-width_4.2.3+~cs13.2.3-1_all.deb ...
Unpacking node-string-width (4.2.3+~cs13.2.3-1) ...
Selecting previously unselected package node-wide-align.
Preparing to unpack .../407-node-wide-align_1.1.3-4_all.deb ...
Unpacking node-wide-align (1.1.3-4) ...
Selecting previously unselected package node-gauge.
Preparing to unpack .../408-node-gauge_4.0.2-1_all.deb ...
Unpacking node-gauge (4.0.2-1) ...
Selecting previously unselected package node-end-of-stream.
Preparing to unpack .../409-node-end-of-stream_1.4.4+~1.4.1-1_all.deb ...
Unpacking node-end-of-stream (1.4.4+~1.4.1-1) ...
Selecting previously unselected package node-pump.
Preparing to unpack .../410-node-pump_3.0.0-5_all.deb ...
Unpacking node-pump (3.0.0-5) ...
Selecting previously unselected package node-get-stream.
Preparing to unpack .../411-node-get-stream_6.0.1-1_all.deb ...
Unpacking node-get-stream (6.0.1-1) ...
Selecting previously unselected package node-lowercase-keys.
Preparing to unpack .../412-node-lowercase-keys_2.0.0-2_all.deb ...
Unpacking node-lowercase-keys (2.0.0-2) ...
Selecting previously unselected package node-json-buffer.
Preparing to unpack .../413-node-json-buffer_3.0.1-1_all.deb ...
Unpacking node-json-buffer (3.0.1-1) ...
Selecting previously unselected package node-p-cancelable.
Preparing to unpack .../414-node-p-cancelable_2.1.1-1_all.deb ...
Unpacking node-p-cancelable (2.1.1-1) ...
Selecting previously unselected package node-quick-lru.
Preparing to unpack .../415-node-quick-lru_5.1.1-1_all.deb ...
Unpacking node-quick-lru (5.1.1-1) ...
Selecting previously unselected package node-got.
Preparing to unpack .../416-node-got_11.8.3+~cs58.7.37-1_all.deb ...
Unpacking node-got (11.8.3+~cs58.7.37-1) ...
Selecting previously unselected package node-has-flag.
Preparing to unpack .../417-node-has-flag_4.0.0-2_all.deb ...
Unpacking node-has-flag (4.0.0-2) ...
Selecting previously unselected package node-hosted-git-info.
Preparing to unpack .../418-node-hosted-git-info_4.0.2-1_all.deb ...
Unpacking node-hosted-git-info (4.0.2-1) ...
Selecting previously unselected package node-ip.
Preparing to unpack .../419-node-ip_1.1.5+~1.1.0-1_all.deb ...
Unpacking node-ip (1.1.5+~1.1.0-1) ...
Selecting previously unselected package node-ip-regex.
Preparing to unpack .../420-node-ip-regex_4.3.0+~4.1.1-1_all.deb ...
Unpacking node-ip-regex (4.3.0+~4.1.1-1) ...
Selecting previously unselected package node-is-typedarray.
Preparing to unpack .../421-node-is-typedarray_1.0.0-4_all.deb ...
Unpacking node-is-typedarray (1.0.0-4) ...
Selecting previously unselected package node-isexe.
Preparing to unpack .../422-node-isexe_2.0.0+~2.0.1-4_all.deb ...
Unpacking node-isexe (2.0.0+~2.0.1-4) ...
Selecting previously unselected package node-json-parse-better-errors.
Preparing to unpack .../423-node-json-parse-better-errors_1.0.2+~cs3.3.1-1_all.deb ...
Unpacking node-json-parse-better-errors (1.0.2+~cs3.3.1-1) ...
Selecting previously unselected package node-encoding.
Preparing to unpack .../424-node-encoding_0.1.13-2_all.deb ...
Unpacking node-encoding (0.1.13-2) ...
Selecting previously unselected package node-jsonparse.
Preparing to unpack .../425-node-jsonparse_1.3.1-10_all.deb ...
Unpacking node-jsonparse (1.3.1-10) ...
Selecting previously unselected package node-minipass.
Preparing to unpack .../426-node-minipass_3.1.6+~cs8.7.18-1_all.deb ...
Unpacking node-minipass (3.1.6+~cs8.7.18-1) ...
Selecting previously unselected package node-npm-bundled.
Preparing to unpack .../427-node-npm-bundled_1.1.2-1_all.deb ...
Unpacking node-npm-bundled (1.1.2-1) ...
Selecting previously unselected package node-osenv.
Preparing to unpack .../428-node-osenv_0.1.5+~0.1.0-1_all.deb ...
Unpacking node-osenv (0.1.5+~0.1.0-1) ...
Selecting previously unselected package node-validate-npm-package-name.
Preparing to unpack .../429-node-validate-npm-package-name_3.0.0-4_all.deb ...
Unpacking node-validate-npm-package-name (3.0.0-4) ...
Selecting previously unselected package node-npm-package-arg.
Preparing to unpack .../430-node-npm-package-arg_8.1.5-1_all.deb ...
Unpacking node-npm-package-arg (8.1.5-1) ...
Selecting previously unselected package node-object-assign.
Preparing to unpack .../431-node-object-assign_4.1.1-6_all.deb ...
Unpacking node-object-assign (4.1.1-6) ...
Selecting previously unselected package xdg-utils.
Preparing to unpack .../432-xdg-utils_1.1.3-4.1ubuntu3~22.04.1_all.deb ...
Unpacking xdg-utils (1.1.3-4.1ubuntu3~22.04.1) ...
Selecting previously unselected package node-opener.
Preparing to unpack .../433-node-opener_1.5.2+~1.4.0-1_all.deb ...
Unpacking node-opener (1.5.2+~1.4.0-1) ...
Selecting previously unselected package node-retry.
Preparing to unpack .../434-node-retry_0.13.1+~0.12.1-1_all.deb ...
Unpacking node-retry (0.13.1+~0.12.1-1) ...
Selecting previously unselected package node-promise-retry.
Preparing to unpack .../435-node-promise-retry_2.0.1-2_all.deb ...
Unpacking node-promise-retry (2.0.1-2) ...
Selecting previously unselected package node-promzard.
Preparing to unpack .../436-node-promzard_0.3.0-2_all.deb ...
Unpacking node-promzard (0.3.0-2) ...
Selecting previously unselected package node-set-blocking.
Preparing to unpack .../437-node-set-blocking_2.0.0-2_all.deb ...
Unpacking node-set-blocking (2.0.0-2) ...
Selecting previously unselected package node-slash.
Preparing to unpack .../438-node-slash_3.0.0-2_all.deb ...
Unpacking node-slash (3.0.0-2) ...
Selecting previously unselected package libjs-source-map.
Preparing to unpack .../439-libjs-source-map_0.7.0++dfsg2+really.0.6.1-9_all.deb ...
Unpacking libjs-source-map (0.7.0++dfsg2+really.0.6.1-9) ...
Selecting previously unselected package node-source-map.
Preparing to unpack .../440-node-source-map_0.7.0++dfsg2+really.0.6.1-9_all.deb ...
Unpacking node-source-map (0.7.0++dfsg2+really.0.6.1-9) ...
Selecting previously unselected package node-source-map-support.
Preparing to unpack .../441-node-source-map-support_0.5.21+ds+~0.5.4-1_all.deb ...
Unpacking node-source-map-support (0.5.21+ds+~0.5.4-1) ...
Selecting previously unselected package node-spdx-license-ids.
Preparing to unpack .../442-node-spdx-license-ids_3.0.11-1_all.deb ...
Unpacking node-spdx-license-ids (3.0.11-1) ...
Selecting previously unselected package node-spdx-exceptions.
Preparing to unpack .../443-node-spdx-exceptions_2.3.0-2_all.deb ...
Unpacking node-spdx-exceptions (2.3.0-2) ...
Selecting previously unselected package node-spdx-expression-parse.
Preparing to unpack .../444-node-spdx-expression-parse_3.0.1+~3.0.1-1_all.deb ...
Unpacking node-spdx-expression-parse (3.0.1+~3.0.1-1) ...
Selecting previously unselected package node-spdx-correct.
Preparing to unpack .../445-node-spdx-correct_3.1.1-2_all.deb ...
Unpacking node-spdx-correct (3.1.1-2) ...
Selecting previously unselected package node-stack-utils.
Preparing to unpack .../446-node-stack-utils_2.0.5+~2.0.1-1_all.deb ...
Unpacking node-stack-utils (2.0.5+~2.0.1-1) ...
Selecting previously unselected package node-supports-color.
Preparing to unpack .../447-node-supports-color_8.1.1+~8.1.1-1_all.deb ...
Unpacking node-supports-color (8.1.1+~8.1.1-1) ...
Selecting previously unselected package node-tap-parser.
Preparing to unpack .../448-node-tap-parser_7.0.0+ds1-6_all.deb ...
Unpacking node-tap-parser (7.0.0+ds1-6) ...
Selecting previously unselected package node-tap-mocha-reporter.
Preparing to unpack .../449-node-tap-mocha-reporter_3.0.7+ds-2_all.deb ...
Unpacking node-tap-mocha-reporter (3.0.7+ds-2) ...
Selecting previously unselected package node-text-table.
Preparing to unpack .../450-node-text-table_0.2.0-4_all.deb ...
Unpacking node-text-table (0.2.0-4) ...
Selecting previously unselected package node-tmatch.
Preparing to unpack .../451-node-tmatch_5.0.0-4_all.deb ...
Unpacking node-tmatch (5.0.0-4) ...
Selecting previously unselected package node-typedarray-to-buffer.
Preparing to unpack .../452-node-typedarray-to-buffer_4.0.0-2_all.deb ...
Unpacking node-typedarray-to-buffer (4.0.0-2) ...
Selecting previously unselected package node-validate-npm-package-license.
Preparing to unpack .../453-node-validate-npm-package-license_3.0.4-2_all.deb ...
Unpacking node-validate-npm-package-license (3.0.4-2) ...
Selecting previously unselected package node-whatwg-fetch.
Preparing to unpack .../454-node-whatwg-fetch_3.6.2-5_all.deb ...
Unpacking node-whatwg-fetch (3.6.2-5) ...
Selecting previously unselected package node-write-file-atomic.
Preparing to unpack .../455-node-write-file-atomic_3.0.3+~3.0.2-1_all.deb ...
Unpacking node-write-file-atomic (3.0.3+~3.0.2-1) ...
Selecting previously unselected package nodejs-doc.
Preparing to unpack .../456-nodejs-doc_12.22.9~dfsg-1ubuntu3.6_all.deb ...
Unpacking nodejs-doc (12.22.9~dfsg-1ubuntu3.6) ...
Selecting previously unselected package tilix-common.
Preparing to unpack .../457-tilix-common_1.9.4-2build1_all.deb ...
Unpacking tilix-common (1.9.4-2build1) ...
Selecting previously unselected package tilix.
Preparing to unpack .../458-tilix_1.9.4-2build1_amd64.deb ...
Unpacking tilix (1.9.4-2build1) ...
Selecting previously unselected package libglvnd0:amd64.
Preparing to unpack .../459-libglvnd0_1.4.0-1_amd64.deb ...
Unpacking libglvnd0:amd64 (1.4.0-1) ...
Selecting previously unselected package libglx0:amd64.
Preparing to unpack .../460-libglx0_1.4.0-1_amd64.deb ...
Unpacking libglx0:amd64 (1.4.0-1) ...
Selecting previously unselected package libgl1:amd64.
Preparing to unpack .../461-libgl1_1.4.0-1_amd64.deb ...
Unpacking libgl1:amd64 (1.4.0-1) ...
Selecting previously unselected package x11-utils.
Preparing to unpack .../462-x11-utils_7.7+5build2_amd64.deb ...
Unpacking x11-utils (7.7+5build2) ...
Selecting previously unselected package x11-xserver-utils.
Preparing to unpack .../463-x11-xserver-utils_7.7+9build1_amd64.deb ...
Unpacking x11-xserver-utils (7.7+9build1) ...
Selecting previously unselected package libauthen-sasl-perl.
Preparing to unpack .../464-libauthen-sasl-perl_2.1600-1.1_all.deb ...
Unpacking libauthen-sasl-perl (2.1600-1.1) ...
Selecting previously unselected package node-abbrev.
Preparing to unpack .../465-node-abbrev_1.1.1+~1.1.2-1_all.deb ...
Unpacking node-abbrev (1.1.1+~1.1.2-1) ...
Selecting previously unselected package node-archy.
Preparing to unpack .../466-node-archy_1.0.0-4_all.deb ...
Unpacking node-archy (1.0.0-4) ...
Selecting previously unselected package node-chalk.
Preparing to unpack .../467-node-chalk_4.1.2-1_all.deb ...
Unpacking node-chalk (4.1.2-1) ...
Selecting previously unselected package node-cli-table.
Preparing to unpack .../468-node-cli-table_0.3.11+~cs0.13.3-1_all.deb ...
Unpacking node-cli-table (0.3.11+~cs0.13.3-1) ...
Selecting previously unselected package node-depd.
Preparing to unpack .../469-node-depd_2.0.0-2_all.deb ...
Unpacking node-depd (2.0.0-2) ...
Selecting previously unselected package node-nopt.
Preparing to unpack .../470-node-nopt_5.0.0-2_all.deb ...
Unpacking node-nopt (5.0.0-2) ...
Selecting previously unselected package node-npmlog.
Preparing to unpack .../471-node-npmlog_6.0.1+~4.1.4-1_all.deb ...
Unpacking node-npmlog (6.0.1+~4.1.4-1) ...
Selecting previously unselected package node-tar.
Preparing to unpack .../472-node-tar_6.1.11+ds1+~cs6.0.6-1_all.deb ...
Unpacking node-tar (6.1.11+ds1+~cs6.0.6-1) ...
Selecting previously unselected package node-which.
Preparing to unpack .../473-node-which_2.0.2+~cs1.3.2-2_all.deb ...
Unpacking node-which (2.0.2+~cs1.3.2-2) ...
Selecting previously unselected package node-gyp.
Preparing to unpack .../474-node-gyp_8.4.1-1_all.deb ...
Unpacking node-gyp (8.4.1-1) ...
Selecting previously unselected package node-ini.
Preparing to unpack .../475-node-ini_2.0.1-1_all.deb ...
Unpacking node-ini (2.0.1-1) ...
Selecting previously unselected package node-negotiator.
Preparing to unpack .../476-node-negotiator_0.6.2+~0.6.1-1_all.deb ...
Unpacking node-negotiator (0.6.2+~0.6.1-1) ...
Selecting previously unselected package node-resolve.
Preparing to unpack .../477-node-resolve_1.20.0+~cs5.27.9-1_all.deb ...
Unpacking node-resolve (1.20.0+~cs5.27.9-1) ...
Selecting previously unselected package node-normalize-package-data.
Preparing to unpack .../478-node-normalize-package-data_3.0.3+~2.4.1-1_all.deb ...
Unpacking node-normalize-package-data (3.0.3+~2.4.1-1) ...
Selecting previously unselected package node-read-package-json.
Preparing to unpack .../479-node-read-package-json_4.1.1-1_all.deb ...
Unpacking node-read-package-json (4.1.1-1) ...
Selecting previously unselected package node-tap.
Preparing to unpack .../480-node-tap_12.0.1+ds-4_all.deb ...
Unpacking node-tap (12.0.1+ds-4) ...
Selecting previously unselected package npm.
Preparing to unpack .../481-npm_8.5.1~ds-1_all.deb ...
Unpacking npm (8.5.1~ds-1) ...
Setting up libksba8:amd64 (1.6.0-2ubuntu0.2) ...
Setting up media-types (7.0.0) ...
Setting up node-delayed-stream (1.0.0-5) ...
Setting up libtext-iconv-perl (1.7-7build3) ...
Setting up javascript-common (11+nmu1) ...
Setting up libgraphite2-3:amd64 (1.3.14-1build2) ...
Setting up liblcms2-2:amd64 (2.12~rc1-2ubuntu0.1) ...
Setting up libpixman-1-0:amd64 (0.40.0-1ubuntu0.22.04.1) ...
Setting up node-fs.realpath (1.0.0-2) ...
Setting up gcc-11-base:amd64 (11.4.0-1ubuntu1~22.04.3) ...
Setting up node-diff (5.0.0~dfsg+~5.0.1-3) ...
Setting up libpciaccess0:amd64 (0.16-3) ...
Setting up systemd-sysv (249.11-0ubuntu3.21) ...
Setting up libxau6:amd64 (1:1.0.9-1build5) ...
Setting up lto-disabled-list (24) ...
Setting up libpsl5:amd64 (0.21.0-1.2build2) ...
Setting up node-abbrev (1.1.1+~1.1.2-1) ...
Setting up libjs-sprintf-js (1.1.2+ds1+~1.1.2-1) ...
Setting up node-yallist (4.0.0+~4.0.1-1) ...
Setting up libjs-inherits (2.0.4-4) ...
Setting up node-p-cancelable (2.1.1-1) ...
Setting up node-ansi-regex (5.0.1-1) ...
Setting up hicolor-icon-theme (0.17-2) ...
Setting up tilix-common (1.9.4-2build1) ...
Setting up libvte-2.91-common (0.68.0-1ubuntu0.1) ...
Setting up libdatrie1:amd64 (0.2.13-2) ...
Setting up node-slash (3.0.0-2) ...
Setting up xdg-user-dirs (0.17-2ubuntu4) ...
Setting up node-util-deprecate (1.0.2-3) ...
Setting up node-retry (0.13.1+~0.12.1-1) ...
Setting up node-arrify (2.0.1-2) ...
Setting up libglib2.0-0:amd64 (2.72.4-0ubuntu2.9) ...
Setting up manpages (5.10-1ubuntu1) ...
Setting up libglvnd0:amd64 (1.4.0-1) ...
Setting up node-ansistyles (0.1.3-5) ...
Setting up node-delegates (1.0.0-3) ...
Setting up node-depd (2.0.0-2) ...
Setting up node-isexe (2.0.0+~2.0.1-4) ...
Setting up libcbor0.8:amd64 (0.8.0-2ubuntu1) ...
Setting up libbrotli1:amd64 (1.0.9-2build6) ...
Setting up node-jsonparse (1.3.1-10) ...
Setting up libsqlite3-0:amd64 (3.37.2-2ubuntu0.5) ...
Setting up libsasl2-modules:amd64 (2.1.27+dfsg2-3ubuntu1.2) ...
Setting up libgdk-pixbuf2.0-common (2.42.8+dfsg-1ubuntu0.5) ...
Setting up node-escape-string-regexp (4.0.0-2) ...
Setting up binutils-common:amd64 (2.38-4ubuntu2.12) ...
Setting up libjs-source-map (0.7.0++dfsg2+really.0.6.1-9) ...
Setting up x11-common (1:7.7+23ubuntu2) ...
debconf: unable to initialize frontend: Dialog
debconf: (No usable dialog-like program is installed, so the dialog based frontend cannot be used. at /usr/share/perl5/Debconf/FrontEnd/Dialog.pm line 78.)
debconf: falling back to frontend: Readline
invoke-rc.d: could not determine current runlevel
invoke-rc.d: policy-rc.d denied execution of start.
Setting up libsensors-config (1:3.6.0-7ubuntu1) ...
Setting up node-negotiator (0.6.2+~0.6.1-1) ...
Setting up libnghttp2-14:amd64 (1.43.0-1ubuntu0.3) ...
Setting up libdeflate0:amd64 (1.10-2) ...
Setting up less (590-1ubuntu0.22.04.3) ...
Setting up perl-openssl-defaults:amd64 (5build2) ...
Setting up linux-libc-dev:amd64 (5.15.0-181.191) ...
Setting up libctf-nobfd0:amd64 (2.38-4ubuntu2.12) ...
Setting up node-color-name (1.1.4+~1.1.1-2) ...
Setting up libnss-systemd:amd64 (249.11-0ubuntu3.21) ...
First installation detected...
Checking NSS setup...
Setting up xkb-data (2.33-1) ...
Setting up libnpth0:amd64 (1.6-3build2) ...
Setting up libc-ares2:amd64 (1.18.1-1ubuntu0.22.04.3) ...
Setting up libassuan0:amd64 (2.5.5-1build1) ...
Setting up libgomp1:amd64 (12.3.0-1ubuntu1~22.04.3) ...
Setting up perl-modules-5.34 (5.34.0-3ubuntu1.5) ...
Setting up bzip2 (1.0.8-5build1) ...
Setting up libldap-common (2.5.20+dfsg-0ubuntu0.22.04.1) ...
Setting up libunwind8:amd64 (1.3.2-2build2.1) ...
Setting up libjbig0:amd64 (2.1-3.1ubuntu0.22.04.1) ...
Setting up node-indent-string (4.0.0-2) ...
Setting up libcolord2:amd64 (1.4.6-1) ...
Setting up libfakeroot:amd64 (1.28-1ubuntu1) ...
Setting up libasan6:amd64 (11.4.0-1ubuntu1~22.04.3) ...
Setting up node-function-bind (1.1.1+repacked+~1.0.3-1) ...
Setting up node-p-map (4.0.0+~3.1.0+~3.0.1-1) ...
Setting up node-iferr (1.0.2+~1.0.2-1) ...
Setting up node-chownr (2.0.0-1) ...
Setting up node-has-flag (4.0.0-2) ...
Setting up libsasl2-modules-db:amd64 (2.1.27+dfsg2-3ubuntu1.2) ...
Setting up fakeroot (1.28-1ubuntu1) ...
update-alternatives: using /usr/bin/fakeroot-sysv to provide /usr/bin/fakeroot (fakeroot) in auto mode
update-alternatives: warning: skip creation of /usr/share/man/man1/fakeroot.1.gz because associated file /usr/share/man/man1/fakeroot-sysv.1.gz (of link group fakeroot) doesn't exist
update-alternatives: warning: skip creation of /usr/share/man/man1/faked.1.gz because associated file /usr/share/man/man1/faked-sysv.1.gz (of link group fakeroot) doesn't exist
update-alternatives: warning: skip creation of /usr/share/man/es/man1/fakeroot.1.gz because associated file /usr/share/man/es/man1/fakeroot-sysv.1.gz (of link group fakeroot) doesn't exist
update-alternatives: warning: skip creation of /usr/share/man/es/man1/faked.1.gz because associated file /usr/share/man/es/man1/faked-sysv.1.gz (of link group fakeroot) doesn't exist
update-alternatives: warning: skip creation of /usr/share/man/fr/man1/fakeroot.1.gz because associated file /usr/share/man/fr/man1/fakeroot-sysv.1.gz (of link group fakeroot) doesn't exist
update-alternatives: warning: skip creation of /usr/share/man/fr/man1/faked.1.gz because associated file /usr/share/man/fr/man1/faked-sysv.1.gz (of link group fakeroot) doesn't exist
update-alternatives: warning: skip creation of /usr/share/man/sv/man1/fakeroot.1.gz because associated file /usr/share/man/sv/man1/fakeroot-sysv.1.gz (of link group fakeroot) doesn't exist
update-alternatives: warning: skip creation of /usr/share/man/sv/man1/faked.1.gz because associated file /usr/share/man/sv/man1/faked-sysv.1.gz (of link group fakeroot) doesn't exist
Setting up libdconf1:amd64 (0.40.0-3ubuntu0.1) ...
Setting up node-lodash-packages (4.17.21+dfsg+~cs8.31.198.20210220-5) ...
Setting up libjs-psl (1.8.0+ds-6) ...
Setting up node-asap (2.0.6+~2.0.0-1) ...
Setting up node-inherits (2.0.4-4) ...
Setting up node-path-is-absolute (2.0.0-2) ...
Setting up node-universalify (2.0.0-3) ...
Setting up node-ini (2.0.1-1) ...
Setting up libfontenc1:amd64 (1:1.1.4-1build3) ...
Setting up node-safe-buffer (5.2.1+~cs2.1.2-2) ...
Setting up node-promise-inflight (1.0.1+~1.0.0-1) ...
Setting up libglib2.0-data (2.72.4-0ubuntu2.9) ...
Setting up libtirpc-dev:amd64 (1.3.2-2ubuntu0.1) ...
Setting up libuv1:amd64 (1.43.0-1ubuntu0.1) ...
Setting up rpcsvc-proto (1.4.2-0ubuntu6) ...
Setting up node-json-parse-better-errors (1.0.2+~cs3.3.1-1) ...
Setting up node-sprintf-js (1.1.2+ds1+~1.1.2-1) ...
Setting up node-tmatch (5.0.0-4) ...
Setting up node-err-code (2.0.3+dfsg-3) ...
Setting up libx11-data (2:1.7.5-1ubuntu0.3) ...
Setting up make (4.3-4.1build1) ...
Setting up libepoxy0:amd64 (1.5.10-1) ...
Setting up libmpfr6:amd64 (4.1.0-3build3) ...
Setting up gnupg-l10n (2.2.27-3ubuntu2.5) ...
Setting up librtmp1:amd64 (2.4+20151223.gitfa8646d.1-2build4) ...
Setting up node-balanced-match (2.0.0-1) ...
Setting up node-brace-expansion (2.0.1-1) ...
Setting up libavahi-common-data:amd64 (0.8-5ubuntu5.5) ...
Setting up node-spdx-exceptions (2.3.0-2) ...
Setting up libdbus-1-3:amd64 (1.12.20-2ubuntu4.1) ...
Setting up dbus (1.12.20-2ubuntu4.1) ...
Setting up xz-utils (5.2.5-2ubuntu1.1) ...
update-alternatives: using /usr/bin/xz to provide /usr/bin/lzma (lzma) in auto mode
update-alternatives: warning: skip creation of /usr/share/man/man1/lzma.1.gz because associated file /usr/share/man/man1/xz.1.gz (of link group lzma) doesn't exist
update-alternatives: warning: skip creation of /usr/share/man/man1/unlzma.1.gz because associated file /usr/share/man/man1/unxz.1.gz (of link group lzma) doesn't exist
update-alternatives: warning: skip creation of /usr/share/man/man1/lzcat.1.gz because associated file /usr/share/man/man1/xzcat.1.gz (of link group lzma) doesn't exist
update-alternatives: warning: skip creation of /usr/share/man/man1/lzmore.1.gz because associated file /usr/share/man/man1/xzmore.1.gz (of link group lzma) doesn't exist
update-alternatives: warning: skip creation of /usr/share/man/man1/lzless.1.gz because associated file /usr/share/man/man1/xzless.1.gz (of link group lzma) doesn't exist
update-alternatives: warning: skip creation of /usr/share/man/man1/lzdiff.1.gz because associated file /usr/share/man/man1/xzdiff.1.gz (of link group lzma) doesn't exist
update-alternatives: warning: skip creation of /usr/share/man/man1/lzcmp.1.gz because associated file /usr/share/man/man1/xzcmp.1.gz (of link group lzma) doesn't exist
update-alternatives: warning: skip creation of /usr/share/man/man1/lzgrep.1.gz because associated file /usr/share/man/man1/xzgrep.1.gz (of link group lzma) doesn't exist
update-alternatives: warning: skip creation of /usr/share/man/man1/lzegrep.1.gz because associated file /usr/share/man/man1/xzegrep.1.gz (of link group lzma) doesn't exist
update-alternatives: warning: skip creation of /usr/share/man/man1/lzfgrep.1.gz because associated file /usr/share/man/man1/xzfgrep.1.gz (of link group lzma) doesn't exist
Setting up libfribidi0:amd64 (1.0.8-2ubuntu3.1) ...
Setting up libquadmath0:amd64 (12.3.0-1ubuntu1~22.04.3) ...
Setting up node-set-blocking (2.0.0-2) ...
Setting up libssl-dev:amd64 (3.0.2-0ubuntu1.25) ...
Setting up libpng16-16:amd64 (1.6.37-3ubuntu0.5) ...
Setting up libmpc3:amd64 (1.2.1-2build1) ...
Setting up systemd-timesyncd (249.11-0ubuntu3.21) ...
Created symlink /etc/systemd/system/dbus-org.freedesktop.timesync1.service → /lib/systemd/system/systemd-timesyncd.service.
Created symlink /etc/systemd/system/sysinit.target.wants/systemd-timesyncd.service → /lib/systemd/system/systemd-timesyncd.service.
Setting up libatomic1:amd64 (12.3.0-1ubuntu1~22.04.3) ...
Setting up node-npm-bundled (1.1.2-1) ...
Setting up patch (2.7.6-7build2) ...
Setting up fonts-dejavu-core (2.37-2build1) ...
Setting up node-signal-exit (3.0.6+~3.0.1-1) ...
Setting up ucf (3.0043) ...
debconf: unable to initialize frontend: Dialog
debconf: (No usable dialog-like program is installed, so the dialog based frontend cannot be used. at /usr/share/perl5/Debconf/FrontEnd/Dialog.pm line 78.)
debconf: falling back to frontend: Readline
Setting up libsensors5:amd64 (1:3.6.0-7ubuntu1) ...
Setting up libjpeg-turbo8:amd64 (2.1.2-0ubuntu1) ...
Setting up node-source-map (0.7.0++dfsg2+really.0.6.1-9) ...
Setting up node-wrappy (1.0.2-2) ...
Setting up libglapi-mesa:amd64 (23.2.1-1ubuntu3.1~22.04.4) ...
Setting up node-text-table (0.2.0-4) ...
Setting up libsasl2-2:amd64 (2.1.27+dfsg2-3ubuntu1.2) ...
Setting up libssh-4:amd64 (0.9.6-2ubuntu0.22.04.7) ...
Setting up node-asynckit (0.4.0-4) ...
Setting up node-ip (1.1.5+~1.1.0-1) ...
Setting up node-quick-lru (5.1.1-1) ...
Setting up libwebp7:amd64 (1.2.2-2ubuntu0.22.04.2) ...
Setting up libubsan1:amd64 (12.3.0-1ubuntu1~22.04.3) ...
Setting up libatk1.0-data (2.36.0-3build1) ...
Setting up node-mute-stream (0.0.8+~0.0.1-1) ...
Setting up node-mimic-response (3.1.0-7) ...
Setting up node-commander (9.0.0-2) ...
Setting up node-whatwg-fetch (3.6.2-5) ...
Setting up libjs-typedarray-to-buffer (4.0.0-2) ...
Setting up libmd0:amd64 (1.0.4-1build1) ...
Setting up libjs-highlight.js (9.18.5+dfsg1-1) ...
Setting up dmsetup (2:1.02.175-2.1ubuntu5) ...
Setting up libnsl-dev:amd64 (1.3.0-2build2) ...
Setting up libxshmfence1:amd64 (1.3-1build4) ...
Setting up libcrypt-dev:amd64 (1:4.4.27-1) ...
Setting up node-clean-yaml-object (0.1.0-5) ...
Setting up libmpdec3:amd64 (2.5.1-2build2) ...
Setting up libpam-systemd:amd64 (249.11-0ubuntu3.21) ...
debconf: unable to initialize frontend: Dialog
debconf: (No usable dialog-like program is installed, so the dialog based frontend cannot be used. at /usr/share/perl5/Debconf/FrontEnd/Dialog.pm line 78.)
debconf: falling back to frontend: Readline
Setting up node-ip-regex (4.3.0+~4.1.1-1) ...
Setting up node-stealthy-require (1.1.1-5) ...
Setting up git-man (1:2.34.1-1ubuntu1.17) ...
Setting up libthai-data (0.1.29-1build1) ...
Setting up libgirepository-1.0-1:amd64 (1.72.0-1) ...
Setting up node-spdx-license-ids (3.0.11-1) ...
Setting up node-string-decoder (1.3.0-5) ...
Setting up netbase (6.3) ...
Setting up node-time-stamp (2.2.0-1) ...
Setting up libjs-events (3.3.0+~3.0.0-2) ...
Setting up libatk1.0-0:amd64 (2.36.0-3build1) ...
Setting up node-core-util-is (1.0.3-1) ...
Setting up libwayland-egl1:amd64 (1.20.0-1ubuntu0.1) ...
Setting up node-minimatch (3.1.1+~3.0.5-1) ...
Setting up libbinutils:amd64 (2.38-4ubuntu2.12) ...
Setting up node-imurmurhash (0.1.4+dfsg+~0.1.1-1) ...
Setting up libfido2-1:amd64 (1.10.0-1) ...
Setting up libisl23:amd64 (0.24-2build1) ...
Setting up node-foreground-child (2.0.0-3) ...
Setting up libc-dev-bin (2.35-0ubuntu3.13) ...
Setting up node-read (1.0.7-3) ...
Setting up openssl (3.0.2-0ubuntu1.25) ...
Setting up libbsd0:amd64 (0.11.5-1) ...
Setting up libdrm-common (2.4.113-2~ubuntu0.22.04.1) ...
Setting up libelf1:amd64 (0.186-1ubuntu0.1) ...
Setting up readline-common (8.1.2-1) ...
Setting up publicsuffix (20211207.1025-1) ...
Setting up node-is-buffer (2.0.5-2) ...
Setting up xdg-utils (1.1.3-4.1ubuntu3~22.04.1) ...
update-alternatives: using /usr/bin/xdg-open to provide /usr/bin/open (open) in auto mode
update-alternatives: warning: skip creation of /usr/share/man/man1/open.1.gz because associated file /usr/share/man/man1/xdg-open.1.gz (of link group open) doesn't exist
Setting up node-color-convert (2.0.1-1) ...
Setting up libcc1-0:amd64 (12.3.0-1ubuntu1~22.04.3) ...
Setting up liblocale-gettext-perl (1.07-4build3) ...
Setting up node-webidl-conversions (7.0.0~1.1.0+~cs15.1.20180823-2) ...
Setting up liblsan0:amd64 (12.3.0-1ubuntu1~22.04.3) ...
Setting up libitm1:amd64 (12.3.0-1ubuntu1~22.04.3) ...
Setting up node-isarray (2.0.5-3) ...
Setting up node-osenv (0.1.5+~0.1.0-1) ...
Setting up node-is-plain-obj (3.0.0-2) ...
Setting up libgdbm6:amd64 (1.23-1) ...
Setting up libicu70:amd64 (70.1-2) ...
Setting up libjs-is-typedarray (1.0.0-4) ...
Setting up node-lowercase-keys (2.0.0-2) ...
Setting up node-decompress-response (6.0.0-2) ...
Setting up libtsan0:amd64 (11.4.0-1ubuntu1~22.04.3) ...
Setting up libxkbcommon0:amd64 (1.4.0-1) ...
Setting up node-process-nextick-args (2.0.1-2) ...
Setting up node-has-unicode (2.0.1-4) ...
Setting up libwayland-client0:amd64 (1.20.0-1ubuntu0.1) ...
Setting up libctf0:amd64 (2.38-4ubuntu2.12) ...
Setting up libjpeg8:amd64 (8c-2ubuntu10) ...
Setting up pinentry-curses (1.1.1-1build2) ...
Setting up libuv1-dev:amd64 (1.43.0-1ubuntu0.1) ...
Setting up cpp-11 (11.4.0-1ubuntu1~22.04.3) ...
Setting up node-readable-stream (3.6.0+~cs3.0.0-1) ...
Setting up manpages-dev (5.10-1ubuntu1) ...
Setting up libice6:amd64 (2:1.0.10-1build2) ...
Setting up session-migration (0.3.6) ...
Created symlink /etc/systemd/user/graphical-session-pre.target.wants/session-migration.service → /usr/lib/systemd/user/session-migration.service.
Setting up libxdmcp6:amd64 (1:1.1.3-0ubuntu5) ...
Setting up node-lru-cache (6.0.0+~5.1.1-1) ...
Setting up node-promise-retry (2.0.1-2) ...
Setting up libxcb1:amd64 (1.14-3ubuntu3) ...
Setting up node-supports-color (8.1.1+~8.1.1-1) ...
Setting up libxcb-xfixes0:amd64 (1.14-3ubuntu3) ...
Setting up node-once (1.4.0-4) ...
Setting up libxcb-render0:amd64 (1.14-3ubuntu3) ...
Setting up fontconfig-config (2.13.1-4.2ubuntu5) ...
Setting up libxcb-glx0:amd64 (1.14-3ubuntu3) ...
Setting up node-resolve (1.20.0+~cs5.27.9-1) ...
Setting up libedit2:amd64 (3.1-20210910-1build1) ...
Setting up libreadline8:amd64 (8.1.2-1) ...
Setting up node-are-we-there-yet (3.0.0+~1.1.0-1) ...
Setting up libxcb-shape0:amd64 (1.14-3ubuntu3) ...
Setting up libavahi-common3:amd64 (0.8-5ubuntu5.5) ...
Setting up node-kind-of (6.0.3+dfsg-2) ...
Setting up libxcb-shm0:amd64 (1.14-3ubuntu3) ...
Setting up node-minimist (1.2.5+~cs5.3.2-1) ...
Setting up libldap-2.5-0:amd64 (2.5.20+dfsg-0ubuntu0.22.04.1) ...
Setting up node-fancy-log (1.3.3+~cs1.3.1-2) ...
Setting up libnode72:amd64 (12.22.9~dfsg-1ubuntu3.6) ...
Setting up libxcb-present0:amd64 (1.14-3ubuntu3) ...
Setting up node-promzard (0.3.0-2) ...
Setting up libpython3.10-stdlib:amd64 (3.10.12-1~22.04.15) ...
Setting up libthai0:amd64 (0.1.29-1build1) ...
Setting up ca-certificates (20240203~22.04.1) ...
debconf: unable to initialize frontend: Dialog
debconf: (No usable dialog-like program is installed, so the dialog based frontend cannot be used. at /usr/share/perl5/Debconf/FrontEnd/Dialog.pm line 78.)
debconf: falling back to frontend: Readline
Updating certificates in /etc/ssl/certs...
146 added, 0 removed; done.
Setting up dbus-user-session (1.12.20-2ubuntu4.1) ...
Setting up node-iconv-lite (0.6.3-2) ...
Setting up libfreetype6:amd64 (2.11.1+dfsg-1ubuntu0.3) ...
Setting up node-ansi-styles (4.3.0+~4.2.0-1) ...
Setting up libxcb-sync1:amd64 (1.14-3ubuntu3) ...
Setting up libgdbm-compat4:amd64 (1.23-1) ...
Setting up node-spdx-expression-parse (3.0.1+~3.0.1-1) ...
Setting up gir1.2-glib-2.0:amd64 (1.72.0-1) ...
Setting up nodejs-doc (12.22.9~dfsg-1ubuntu3.6) ...
Setting up libxcb-dri2-0:amd64 (1.14-3ubuntu3) ...
Setting up node-is-typedarray (1.0.0-4) ...
Setting up libgcc-11-dev:amd64 (11.4.0-1ubuntu1~22.04.3) ...
Setting up libdrm2:amd64 (2.4.113-2~ubuntu0.22.04.1) ...
Setting up node-inflight (1.0.6-2) ...
Setting up libwayland-cursor0:amd64 (1.20.0-1ubuntu0.1) ...
Setting up libxcb-randr0:amd64 (1.14-3ubuntu3) ...
Setting up cpp (4:11.2.0-1ubuntu1) ...
Setting up node-hosted-git-info (4.0.2-1) ...
Setting up gpgconf (2.2.27-3ubuntu2.5) ...
Setting up libc6-dev:amd64 (2.35-0ubuntu3.13) ...
Setting up libx11-6:amd64 (2:1.7.5-1ubuntu0.3) ...
Setting up libharfbuzz0b:amd64 (2.7.4-1ubuntu3.2) ...
Setting up libtiff5:amd64 (4.3.0-6ubuntu0.13) ...
Setting up libfontconfig1:amd64 (2.13.1-4.2ubuntu5) ...
Setting up libxkbfile1:amd64 (1:1.1.0-1build3) ...
Setting up node-encoding (0.1.13-2) ...
Setting up libxcomposite1:amd64 (1:0.4.5-1build2) ...
Setting up libsm6:amd64 (2:1.2.3-1build2) ...
Setting up libxml2:amd64 (2.9.13+dfsg-1ubuntu0.11) ...
Setting up libavahi-client3:amd64 (0.8-5ubuntu5.5) ...
Setting up libxmuu1:amd64 (2:1.1.3-3) ...
Setting up gpg (2.2.27-3ubuntu2.5) ...
Setting up node-slice-ansi (5.0.0+~cs9.0.0-4) ...
Setting up libpython3-stdlib:amd64 (3.10.6-1~22.04.1) ...
Setting up gnupg-utils (2.2.27-3ubuntu2.5) ...
Setting up binutils-x86-64-linux-gnu (2.38-4ubuntu2.12) ...
Setting up libdrm-amdgpu1:amd64 (2.4.113-2~ubuntu0.22.04.1) ...
Setting up libxcb-dri3-0:amd64 (1.14-3ubuntu3) ...
Setting up libx11-xcb1:amd64 (2:1.7.5-1ubuntu0.3) ...
Setting up fontconfig (2.13.1-4.2ubuntu5) ...
Regenerating fonts cache... done.
Setting up libperl5.34:amd64 (5.34.0-3ubuntu1.5) ...
Setting up libdrm-nouveau2:amd64 (2.4.113-2~ubuntu0.22.04.1) ...
Setting up libxdamage1:amd64 (1:1.1.5-2build2) ...
Setting up gpg-agent (2.2.27-3ubuntu2.5) ...
Created symlink /etc/systemd/user/sockets.target.wants/gpg-agent-browser.socket → /usr/lib/systemd/user/gpg-agent-browser.socket.
Created symlink /etc/systemd/user/sockets.target.wants/gpg-agent-extra.socket → /usr/lib/systemd/user/gpg-agent-extra.socket.
Created symlink /etc/systemd/user/sockets.target.wants/gpg-agent-ssh.socket → /usr/lib/systemd/user/gpg-agent-ssh.socket.
Created symlink /etc/systemd/user/sockets.target.wants/gpg-agent.socket → /usr/lib/systemd/user/gpg-agent.socket.
Setting up node-end-of-stream (1.4.4+~1.4.1-1) ...
Setting up python3.10 (3.10.12-1~22.04.15) ...
Setting up libxpm4:amd64 (1:3.5.12-1ubuntu0.22.04.2) ...
Setting up node-pump (3.0.0-5) ...
Setting up libxrender1:amd64 (1:0.9.10-1build4) ...
Setting up libnode-dev (12.22.9~dfsg-1ubuntu3.6) ...
Setting up libdrm-radeon1:amd64 (2.4.113-2~ubuntu0.22.04.1) ...
Setting up openssh-client (1:8.9p1-3ubuntu0.15) ...
update-alternatives: using /usr/bin/ssh to provide /usr/bin/rsh (rsh) in auto mode
update-alternatives: warning: skip creation of /usr/share/man/man1/rsh.1.gz because associated file /usr/share/man/man1/ssh.1.gz (of link group rsh) doesn't exist
update-alternatives: using /usr/bin/slogin to provide /usr/bin/rlogin (rlogin) in auto mode
update-alternatives: warning: skip creation of /usr/share/man/man1/rlogin.1.gz because associated file /usr/share/man/man1/slogin.1.gz (of link group rlogin) doesn't exist
update-alternatives: using /usr/bin/scp to provide /usr/bin/rcp (rcp) in auto mode
update-alternatives: warning: skip creation of /usr/share/man/man1/rcp.1.gz because associated file /usr/share/man/man1/scp.1.gz (of link group rcp) doesn't exist
Setting up gpgsm (2.2.27-3ubuntu2.5) ...
Setting up libpango-1.0-0:amd64 (1.50.6+ds-2ubuntu1) ...
Setting up libdrm-intel1:amd64 (2.4.113-2~ubuntu0.22.04.1) ...
Setting up libxext6:amd64 (2:1.3.4-1build1) ...
Setting up libcurl3-gnutls:amd64 (7.81.0-1ubuntu1.24) ...
Setting up dconf-service (0.40.0-3ubuntu0.1) ...
Setting up python3 (3.10.6-1~22.04.1) ...
running python rtupdate hooks for python3.10...
running python post-rtupdate hooks for python3.10...
Setting up binutils (2.38-4ubuntu2.12) ...
Setting up nodejs (12.22.9~dfsg-1ubuntu3.6) ...
update-alternatives: using /usr/bin/nodejs to provide /usr/bin/js (js) in auto mode
update-alternatives: warning: skip creation of /usr/share/man/man1/js.1.gz because associated file /usr/share/man/man1/nodejs.1.gz (of link group js) doesn't exist
Setting up node-abab (2.0.5-2) ...
Setting up libcairo2:amd64 (1.16.0-5ubuntu2.1) ...
Setting up node-argparse (2.0.1-2) ...
Setting up libxxf86vm1:amd64 (1:1.1.4-1build3) ...
Setting up node-clone (2.1.2-3) ...
Setting up node-mime (3.0.0+dfsg+~cs3.96.1-1) ...
Setting up dirmngr (2.2.27-3ubuntu2.5) ...
Created symlink /etc/systemd/user/sockets.target.wants/dirmngr.socket → /usr/lib/systemd/user/dirmngr.socket.
Setting up node-source-map-support (0.5.21+ds+~0.5.4-1) ...
Setting up node-spdx-correct (3.1.1-2) ...
Setting up perl (5.34.0-3ubuntu1.5) ...
Setting up node-combined-stream (1.0.8+~1.0.3-1) ...
Setting up node-unique-filename (1.1.1+ds-1) ...
Setting up libllvm11:amd64 (1:11.1.0-6) ...
Setting up node-mime-types (2.1.33-1) ...
Setting up node-glob (7.2.1+~cs7.6.15-1) ...
Setting up libdata-dump-perl (1.25-1) ...
Setting up libxfixes3:amd64 (1:6.0.0-1) ...
Setting up libipc-system-simple-perl (1.30-1) ...
Setting up libxml-xpathengine-perl (0.14-1) ...
Setting up python3-gi (3.42.1-0ubuntu1) ...
Setting up node-get-stream (6.0.1-1) ...
Setting up shared-mime-info (2.1-2) ...
Setting up node-lcov-parse (1.0.0+20170612git80d039574ed9-5) ...
Setting up libxinerama1:amd64 (2:1.1.4-3) ...
Setting up node-cssom (0.4.4-3) ...
Setting up libgd3:amd64 (2.3.0-2ubuntu2.3) ...
Setting up node-form-data (3.0.1-1) ...
Setting up node-strip-ansi (6.0.1-1) ...
Setting up libxv1:amd64 (2:1.0.11-1build2) ...
Setting up libio-html-perl (1.004-2) ...
Setting up libxrandr2:amd64 (2:1.5.2-1build1) ...
Setting up node-chalk (4.1.2-1) ...
Setting up node-which (2.0.2+~cs1.3.2-2) ...
Setting up libxt6:amd64 (1:1.2.1-1) ...
Setting up node-typedarray-to-buffer (4.0.0-2) ...
Setting up libdpkg-perl (1.21.1ubuntu2.6) ...
Setting up node-punycode (2.1.1-5) ...
Setting up libtimedate-perl (2.3300-2) ...
Setting up libstdc++-11-dev:amd64 (11.4.0-1ubuntu1~22.04.3) ...
Setting up gpg-wks-server (2.2.27-3ubuntu2.5) ...
Setting up libcups2:amd64 (2.4.1op1-1ubuntu4.21) ...
Setting up node-defaults (1.0.3+~1.0.3-1) ...
Setting up gcc-11 (11.4.0-1ubuntu1~22.04.3) ...
Setting up node-graceful-fs (4.2.4+repack-1) ...
Setting up xauth (1:1.1-1build2) ...
Setting up node-minipass (3.1.6+~cs8.7.18-1) ...
Setting up libllvm15:amd64 (1:15.0.7-0ubuntu0.22.04.3) ...
Setting up node-aproba (2.0.0-2) ...
Setting up node-esprima (4.0.1+ds+~4.0.3-2) ...
Setting up libgdk-pixbuf-2.0-0:amd64 (2.42.8+dfsg-1ubuntu0.5) ...
Setting up libcairo-gobject2:amd64 (1.16.0-5ubuntu2.1) ...
Setting up node-mkdirp (1.0.4+~1.0.2-1) ...
Setting up node-run-queue (2.0.0-2) ...
Setting up node-opener (1.5.2+~1.4.0-1) ...
Setting up node-archy (1.0.0-4) ...
Setting up libpangoft2-1.0-0:amd64 (1.50.6+ds-2ubuntu1) ...
Setting up node-js-yaml (4.1.0+dfsg+~4.0.5-6) ...
Setting up node-nopt (5.0.0-2) ...
Setting up liburi-perl (5.10-1) ...
Setting up libx11-protocol-perl (0.56-7.1) ...
Setting up libpangocairo-1.0-0:amd64 (1.50.6+ds-2ubuntu1) ...
Setting up node-ms (2.1.3+~cs0.7.31-2) ...
Setting up libc-devtools (2.35-0ubuntu3.13) ...
Setting up node-rimraf (3.0.2-1) ...
Setting up node-semver (7.3.5+~7.3.8-1) ...
Setting up node-fs-write-stream-atomic (1.0.10-5) ...
Setting up libnet-ssleay-perl:amd64 (1.92-1build2) ...
Setting up python3-pkg-resources (59.6.0-1.2ubuntu0.22.04.3) ...
Setting up node-builtins (4.0.0-1) ...
Setting up node-validate-npm-package-license (3.0.4-2) ...
Setting up libgl1-amber-dri:amd64 (21.3.9-0ubuntu1~22.04.2) ...
Setting up node-colors (1.4.0-3) ...
Setting up node-log-driver (1.2.7+git+20180219+bba1761737-7) ...
Setting up gtk-update-icon-cache (3.24.33-1ubuntu2.2) ...
Setting up node-ssri (8.0.1-2) ...
Setting up libhttp-date-perl (6.05-1) ...
Setting up node-object-assign (4.1.1-6) ...
Setting up python3-dbus (1.2.18-3build1) ...
Setting up libxft2:amd64 (2.3.4-1) ...
Setting up libxmu6:amd64 (2:1.1.3-3) ...
Setting up libfile-basedir-perl (0.09-1) ...
Setting up libtie-ixhash-perl (1.23-2.1) ...
Setting up libphobos2-ldc-shared98:amd64 (1:1.28.0-1ubuntu1) ...
Setting up libfile-listing-perl (6.14-1) ...
Setting up libxi6:amd64 (2:1.8-1build1) ...
Setting up gpg-wks-client (2.2.27-3ubuntu2.5) ...
Setting up dconf-gsettings-backend:amd64 (0.40.0-3ubuntu0.1) ...
Setting up libfont-afm-perl (1.20-3) ...
Setting up node-write-file-atomic (3.0.3+~3.0.2-1) ...
Setting up node-psl (1.8.0+ds-6) ...
Setting up g++-11 (11.4.0-1ubuntu1~22.04.3) ...
Setting up libfile-fcntllock-perl (0.22-3build7) ...
Setting up node-copy-concurrently (1.0.5-8) ...
Setting up libclone-perl (0.45-1build3) ...
Setting up libalgorithm-diff-perl (1.201-1) ...
Setting up libio-stringy-perl (2.111-3) ...
Setting up libxtst6:amd64 (2:1.2.3-1build4) ...
Setting up libhtml-tagset-perl (3.20-4) ...
Setting up libauthen-sasl-perl (2.1600-1.1) ...
Setting up libxcursor1:amd64 (1:1.2.0-2build4) ...
Setting up liblwp-mediatypes-perl (6.04-1) ...
Setting up libgl1-mesa-dri:amd64 (23.2.1-1ubuntu3.1~22.04.4) ...
Setting up libtry-tiny-perl (0.31-1) ...
Setting up libxxf86dga1:amd64 (2:1.1.5-0ubuntu3) ...
Setting up node-stack-utils (2.0.5+~2.0.1-1) ...
Setting up node-move-concurrently (1.0.1-4) ...
Setting up libnet-http-perl (6.22-1) ...
Setting up node-json-buffer (3.0.1-1) ...
Setting up libencode-locale-perl (1.05-1.1) ...
Setting up node-console-control-strings (1.1.0-2) ...
Setting up node-debug (4.3.2+~cs4.1.7-1) ...
Setting up libxaw7:amd64 (2:1.0.14-1) ...
Setting up libatspi2.0-0:amd64 (2.44.0-3) ...
Setting up node-events (3.3.0+~3.0.0-2) ...
Setting up node-agent-base (6.0.2+~cs5.4.2-1) ...
Setting up x11-xserver-utils (7.7+9build1) ...
Setting up gcc (4:11.2.0-1ubuntu1) ...
Setting up dpkg-dev (1.21.1ubuntu2.6) ...
Setting up node-validate-npm-package-name (3.0.0-4) ...
Setting up librsvg2-2:amd64 (2.52.5+dfsg-3ubuntu0.2) ...
Setting up liberror-perl (0.17029-1) ...
Setting up node-wcwidth.js (1.0.2-1) ...
Setting up node-cssstyle (2.3.0-2) ...
Setting up libatk-bridge2.0-0:amd64 (2.38.0-3) ...
Setting up node-normalize-package-data (3.0.3+~2.4.1-1) ...
Setting up libnotify4:amd64 (0.7.9-3ubuntu5.22.04.1) ...
Setting up node-got (11.8.3+~cs58.7.37-1) ...
Setting up git (1:2.34.1-1ubuntu1.17) ...
Setting up librsvg2-common:amd64 (2.52.5+dfsg-3ubuntu0.2) ...
Setting up libfile-desktopentry-perl (0.22-2) ...
Setting up libnotify-bin (0.7.9-3ubuntu5.22.04.1) ...
Setting up node-tap-parser (7.0.0+ds1-6) ...
Setting up libwww-robotrules-perl (6.02-1) ...
Setting up g++ (4:11.2.0-1ubuntu1) ...
update-alternatives: using /usr/bin/g++ to provide /usr/bin/c++ (c++) in auto mode
update-alternatives: warning: skip creation of /usr/share/man/man1/c++.1.gz because associated file /usr/share/man/man1/g++.1.gz (of link group c++) doesn't exist
Setting up node-tar (6.1.11+ds1+~cs6.0.6-1) ...
Setting up libgdk-pixbuf2.0-bin (2.42.8+dfsg-1ubuntu0.5) ...
Setting up libhtml-parser-perl:amd64 (3.76-1build2) ...
Setting up gnupg (2.2.27-3ubuntu2.5) ...
Setting up node-tough-cookie (4.0.0-2) ...
Setting up build-essential (12.9ubuntu3) ...
Setting up node-npm-package-arg (8.1.5-1) ...
Setting up libalgorithm-diff-xs-perl (0.04-6build3) ...
Setting up libio-socket-ssl-perl (2.074-2) ...
Setting up libgtk-3-common (3.24.33-1ubuntu2.2) ...
Setting up node-https-proxy-agent (5.0.0+~cs8.0.0-3) ...
Setting up libalgorithm-merge-perl (0.08-3) ...
Setting up node-string-width (4.2.3+~cs13.2.3-1) ...
Setting up libhttp-message-perl (6.36-1) ...
Setting up libhtml-form-perl (6.07-1) ...
Setting up gyp (0.1+20210831gitd6c5dd5-5) ...
Setting up networkd-dispatcher (2.1-2ubuntu0.22.04.2) ...
Created symlink /etc/systemd/system/multi-user.target.wants/networkd-dispatcher.service → /lib/systemd/system/networkd-dispatcher.service.
Setting up gsettings-desktop-schemas (42.0-1ubuntu1) ...
Setting up libfile-mimeinfo-perl (0.31-1) ...
Setting up libhttp-negotiate-perl (6.01-1) ...
Setting up node-cacache (15.0.5+~cs13.9.21-3) ...
Setting up libglx-mesa0:amd64 (23.2.1-1ubuntu3.1~22.04.4) ...
Setting up libglx0:amd64 (1.4.0-1) ...
Setting up node-columnify (1.5.4+~1.5.1-1) ...
Setting up libhttp-cookies-perl (6.10-1) ...
Setting up node-read-package-json (4.1.1-1) ...
Setting up libhtml-tree-perl (5.07-2) ...
Setting up node-growl (1.10.5-4) ...
Setting up libhtml-format-perl (2.12-1.1) ...
Setting up node-tap-mocha-reporter (3.0.7+ds-2) ...
Setting up libgl1:amd64 (1.4.0-1) ...
Setting up libnet-smtp-ssl-perl (1.04-1) ...
Setting up libmailtools-perl (2.21-1) ...
Setting up node-ws (8.5.0+~cs13.3.3-2) ...
Setting up node-cli-table (0.3.11+~cs0.13.3-1) ...
Setting up node-jsdom (19.0.0+~cs90.11.27-1) ...
Setting up libhttp-daemon-perl (6.13-1ubuntu0.2) ...
Setting up at-spi2-core (2.44.0-3) ...
Setting up x11-utils (7.7+5build2) ...
Setting up node-wide-align (1.1.3-4) ...
Setting up node-tap (12.0.1+ds-4) ...
Setting up node-fetch (2.6.7+~2.5.12-1) ...
Setting up node-gauge (4.0.2-1) ...
Setting up node-npmlog (6.0.1+~4.1.4-1) ...
Setting up node-coveralls (3.1.1-1) ...
Setting up node-gyp (8.4.1-1) ...
Setting up npm (8.5.1~ds-1) ...
Setting up adwaita-icon-theme (41.0-1ubuntu1) ...
update-alternatives: using /usr/share/icons/Adwaita/cursor.theme to provide /usr/share/icons/default/index.theme (x-cursor-theme) in auto mode
Setting up liblwp-protocol-https-perl (6.10-1) ...
Setting up libwww-perl (6.61-1ubuntu0.1) ...
Setting up libgtk-3-0:amd64 (3.24.33-1ubuntu2.2) ...
Setting up libgtk-3-bin (3.24.33-1ubuntu2.2) ...
Setting up libvte-2.91-0:amd64 (0.68.0-1ubuntu0.1) ...
Setting up humanity-icon-theme (0.6.16) ...
Setting up libvted-3-0:amd64 (3.10.0-1ubuntu1) ...
Setting up libgtkd-3-0:amd64 (3.10.0-1ubuntu1) ...
Setting up tilix (1.9.4-2build1) ...
update-alternatives: using /usr/bin/tilix.wrapper to provide /usr/bin/x-terminal-emulator (x-terminal-emulator) in auto mode
update-alternatives: warning: skip creation of /usr/share/man/man1/x-terminal-emulator.1.gz because associated file /usr/share/man/man1/tilix.1.gz (of link group x-terminal-emulator) doesn't exist
Setting up libxml-parser-perl:amd64 (2.46-3ubuntu0.1) ...
Setting up ubuntu-mono (20.10-0ubuntu2) ...
Setting up libxml-twig-perl (1:3.52-1) ...
Setting up libnet-dbus-perl (1.2.0-1build3) ...
Processing triggers for libc-bin (2.35-0ubuntu3.13) ...
Processing triggers for ca-certificates (20240203~22.04.1) ...
Updating certificates in /etc/ssl/certs...
0 added, 0 removed; done.
Running hooks in /etc/ca-certificates/update.d...
done.
Processing triggers for libgdk-pixbuf-2.0-0:amd64 (2.42.8+dfsg-1ubuntu0.5) ...

$ node -v && npm -v
v12.22.9
8.5.1

$ npm install -g n && n stable && node -v

added 1 package, and audited 2 packages in 1s

found 0 vulnerabilities

$ apt-get install -y curl wget
Reading package lists...
Building dependency tree...
Reading state information...
The following additional packages will be installed:
  libcurl4
The following NEW packages will be installed:
  curl libcurl4 wget
0 upgraded, 3 newly installed, 0 to remove and 4 not upgraded.
Need to get 823 kB of archives.
After this operation, 2214 kB of additional disk space will be used.
Get:1 http://archive.ubuntu.com/ubuntu jammy-updates/main amd64 wget amd64 1.21.2-2ubuntu1.1 [339 kB]
Get:2 http://archive.ubuntu.com/ubuntu jammy-updates/main amd64 libcurl4 amd64 7.81.0-1ubuntu1.24 [291 kB]
Get:3 http://archive.ubuntu.com/ubuntu jammy-updates/main amd64 curl amd64 7.81.0-1ubuntu1.24 [194 kB]
Fetched 823 kB in 0s (2590 kB/s)
Selecting previously unselected package wget.
(Reading database ... (Reading database ... 5%(Reading database ... 10%(Reading database ... 15%(Reading database ... 20%(Reading database ... 25%(Reading database ... 30%(Reading database ... 35%(Reading database ... 40%(Reading database ... 45%(Reading database ... 50%(Reading database ... 55%(Reading database ... 60%(Reading database ... 65%(Reading database ... 70%(Reading database ... 75%(Reading database ... 80%(Reading database ... 85%(Reading database ... 90%(Reading database ... 95%(Reading database ... 100%(Reading database ... 40996 files and directories currently installed.)
Preparing to unpack .../wget_1.21.2-2ubuntu1.1_amd64.deb ...
Unpacking wget (1.21.2-2ubuntu1.1) ...
Selecting previously unselected package libcurl4:amd64.
Preparing to unpack .../libcurl4_7.81.0-1ubuntu1.24_amd64.deb ...
Unpacking libcurl4:amd64 (7.81.0-1ubuntu1.24) ...
Selecting previously unselected package curl.
Preparing to unpack .../curl_7.81.0-1ubuntu1.24_amd64.deb ...
Unpacking curl (7.81.0-1ubuntu1.24) ...
Setting up wget (1.21.2-2ubuntu1.1) ...
Setting up libcurl4:amd64 (7.81.0-1ubuntu1.24) ...
Setting up curl (7.81.0-1ubuntu1.24) ...
Processing triggers for libc-bin (2.35-0ubuntu3.13) ...

$ curl -fsSL https://deb.nodesource.com/setup_20.x | bash - && apt-get install -y nodejs
[38;5;79m2026-06-15 20:15:23 - Installing pre-requisites[0m
Hit:1 http://archive.ubuntu.com/ubuntu jammy InRelease
Hit:2 http://security.ubuntu.com/ubuntu jammy-security InRelease
Hit:3 http://archive.ubuntu.com/ubuntu jammy-updates InRelease
Hit:4 http://archive.ubuntu.com/ubuntu jammy-backports InRelease
Reading package lists...
Building dependency tree...
Reading state information...
4 packages can be upgraded. Run 'apt list --upgradable' to see them.
Reading package lists...
Building dependency tree...
Reading state information...
ca-certificates is already the newest version (20240203~22.04.1).
ca-certificates set to manually installed.
curl is already the newest version (7.81.0-1ubuntu1.24).
gnupg is already the newest version (2.2.27-3ubuntu2.5).
gnupg set to manually installed.
The following NEW packages will be installed:
  apt-transport-https
0 upgraded, 1 newly installed, 0 to remove and 4 not upgraded.
Need to get 1510 B of archives.
After this operation, 170 kB of additional disk space will be used.
Get:1 http://archive.ubuntu.com/ubuntu jammy-updates/universe amd64 apt-transport-https all 2.4.14 [1510 B]
Fetched 1510 B in 0s (20.9 kB/s)
Selecting previously unselected package apt-transport-https.
(Reading database ... (Reading database ... 5%(Reading database ... 10%(Reading database ... 15%(Reading database ... 20%(Reading database ... 25%(Reading database ... 30%(Reading database ... 35%(Reading database ... 40%(Reading database ... 45%(Reading database ... 50%(Reading database ... 55%(Reading database ... 60%(Reading database ... 65%(Reading database ... 70%(Reading database ... 75%(Reading database ... 80%(Reading database ... 85%(Reading database ... 90%(Reading database ... 95%(Reading database ... 100%(Reading database ... 41020 files and directories currently installed.)
Preparing to unpack .../apt-transport-https_2.4.14_all.deb ...
Unpacking apt-transport-https (2.4.14) ...
Setting up apt-transport-https (2.4.14) ...
Hit:1 http://archive.ubuntu.com/ubuntu jammy InRelease
Hit:2 http://security.ubuntu.com/ubuntu jammy-security InRelease
Hit:3 http://archive.ubuntu.com/ubuntu jammy-updates InRelease
Hit:4 http://archive.ubuntu.com/ubuntu jammy-backports InRelease
Get:5 https://deb.nodesource.com/node_20.x nodistro InRelease [12.1 kB]
Get:6 https://deb.nodesource.com/node_20.x nodistro/main amd64 Packages [14.7 kB]
Fetched 26.8 kB in 1s (34.7 kB/s)
Reading package lists...
Building dependency tree...
Reading state information...
5 packages can be upgraded. Run 'apt list --upgradable' to see them.
[1;34m2026-06-15 20:15:33 - Repository configured successfully.[0m
[38;5;79m2026-06-15 20:15:33 - To install Node.js, run: apt install nodejs -y[0m
[38;5;79m2026-06-15 20:15:33 - You can use N|solid Runtime as a node.js alternative[0m
[1;32m2026-06-15 20:15:33 - To install N|solid Runtime, run: apt install nsolid -y 
[0m
Reading package lists...
Building dependency tree...
Reading state information...
The following packages were automatically installed and are no longer required:
  adwaita-icon-theme at-spi2-core binutils binutils-common
  binutils-x86-64-linux-gnu build-essential bzip2 cpp cpp-11 dbus
  dbus-user-session dconf-gsettings-backend dconf-service dmsetup dpkg-dev
  fakeroot fontconfig fontconfig-config fonts-dejavu-core g++ g++-11 gcc
  gcc-11 gcc-11-base gir1.2-glib-2.0 git git-man gsettings-desktop-schemas
  gtk-update-icon-cache gyp hicolor-icon-theme humanity-icon-theme
  javascript-common less libalgorithm-diff-perl libalgorithm-diff-xs-perl
  libalgorithm-merge-perl libapparmor1 libargon2-1 libasan6 libatk-bridge2.0-0
  libatk1.0-0 libatk1.0-data libatomic1 libatspi2.0-0 libauthen-sasl-perl
  libavahi-client3 libavahi-common-data libavahi-common3 libbinutils libbsd0
  libc-ares2 libc-dev-bin libc-devtools libc6-dev libcairo-gobject2 libcairo2
  libcbor0.8 libcc1-0 libclone-perl libcolord2 libcrypt-dev libcryptsetup12
  libctf-nobfd0 libctf0 libcups2 libcurl3-gnutls libdata-dump-perl libdatrie1
  libdbus-1-3 libdconf1 libdeflate0 libdevmapper1.02.1 libdpkg-perl
  libdrm-amdgpu1 libdrm-common libdrm-intel1 libdrm-nouveau2 libdrm-radeon1
  libdrm2 libedit2 libelf1 libencode-locale-perl libepoxy0 liberror-perl
  libfakeroot libfido2-1 libfile-basedir-perl libfile-desktopentry-perl
  libfile-fcntllock-perl libfile-listing-perl libfile-mimeinfo-perl
  libfont-afm-perl libfontconfig1 libfontenc1 libfreetype6 libfribidi0
  libgcc-11-dev libgd3 libgdbm-compat4 libgdbm6 libgdk-pixbuf-2.0-0
  libgdk-pixbuf2.0-bin libgdk-pixbuf2.0-common libgirepository-1.0-1 libgl1
  libgl1-amber-dri libgl1-mesa-dri libglapi-mesa libglib2.0-0 libglib2.0-data
  libglvnd0 libglx-mesa0 libglx0 libgomp1 libgraphite2-3 libgtk-3-0
  libgtk-3-bin libgtk-3-common libgtkd-3-0 libharfbuzz0b libhtml-form-perl
  libhtml-format-perl libhtml-parser-perl libhtml-tagset-perl
  libhtml-tree-perl libhttp-cookies-perl libhttp-daemon-perl libhttp-date-perl
  libhttp-message-perl libhttp-negotiate-perl libice6 libicu70 libio-html-perl
  libio-socket-ssl-perl libio-stringy-perl libip4tc2 libipc-system-simple-perl
  libisl23 libitm1 libjbig0 libjpeg-turbo8 libjpeg8 libjs-events
  libjs-highlight.js libjs-inherits libjs-is-typedarray libjs-psl
  libjs-source-map libjs-sprintf-js libjs-typedarray-to-buffer libjson-c5
  libkmod2 liblcms2-2 libllvm11 libllvm15 liblocale-gettext-perl liblsan0
  liblwp-mediatypes-perl liblwp-protocol-https-perl libmailtools-perl libmd0
  libmpc3 libmpfr6 libnet-dbus-perl libnet-http-perl libnet-smtp-ssl-perl
  libnet-ssleay-perl libnode-dev libnode72 libnotify-bin libnotify4 libnsl-dev
  libnss-systemd libpam-systemd libpango-1.0-0 libpangocairo-1.0-0
  libpangoft2-1.0-0 libpciaccess0 libperl5.34 libphobos2-ldc-shared98
  libpixman-1-0 libpng16-16 libquadmath0 librsvg2-2 librsvg2-common
  libsensors-config libsensors5 libsm6 libssl-dev libstdc++-11-dev
  libtext-iconv-perl libthai-data libthai0 libtie-ixhash-perl libtiff5
  libtimedate-perl libtirpc-dev libtry-tiny-perl libtsan0 libubsan1 libunwind8
  liburi-perl libuv1 libuv1-dev libvte-2.91-0 libvte-2.91-common libvted-3-0
  libwayland-client0 libwayland-cursor0 libwayland-egl1 libwebp7 libwww-perl
  libwww-robotrules-perl libx11-6 libx11-data libx11-protocol-perl libx11-xcb1
  libxau6 libxaw7 libxcb-dri2-0 libxcb-dri3-0 libxcb-glx0 libxcb-present0
  libxcb-randr0 libxcb-render0 libxcb-shape0 libxcb-shm0 libxcb-sync1
  libxcb-xfixes0 libxcb1 libxcomposite1 libxcursor1 libxdamage1 libxdmcp6
  libxext6 libxfixes3 libxft2 libxi6 libxinerama1 libxkbcommon0 libxkbfile1
  libxml-parser-perl libxml-twig-perl libxml-xpathengine-perl libxml2 libxmu6
  libxmuu1 libxpm4 libxrandr2 libxrender1 libxshmfence1 libxt6 libxtst6 libxv1
  libxxf86dga1 libxxf86vm1 linux-libc-dev lto-disabled-list make manpages
  manpages-dev netbase networkd-dispatcher node-abab node-abbrev
  node-agent-base node-ansi-regex node-ansi-styles node-ansistyles node-aproba
  node-archy node-are-we-there-yet node-argparse node-arrify node-asap
  node-asynckit node-balanced-match node-brace-expansion node-builtins
  node-chalk node-chownr node-clean-yaml-object node-cli-table node-clone
  node-color-convert node-color-name node-colors node-columnify
  node-combined-stream node-commander node-console-control-strings
  node-core-util-is node-cssom node-cssstyle node-debug
  node-decompress-response node-defaults node-delayed-stream node-delegates
  node-depd node-diff node-encoding node-end-of-stream node-err-code
  node-escape-string-regexp node-events node-fancy-log node-foreground-child
  node-fs-write-stream-atomic node-fs.realpath node-function-bind node-gauge
  node-get-stream node-glob node-got node-graceful-fs node-growl node-has-flag
  node-has-unicode node-hosted-git-info node-https-proxy-agent node-iconv-lite
  node-iferr node-imurmurhash node-indent-string node-inflight node-inherits
  node-ini node-ip node-ip-regex node-is-buffer node-is-plain-obj
  node-is-typedarray node-isarray node-isexe node-json-buffer
  node-json-parse-better-errors node-jsonparse node-kind-of node-lcov-parse
  node-lodash-packages node-log-driver node-lowercase-keys node-lru-cache
  node-mimic-response node-minimatch node-minimist node-minipass node-ms
  node-mute-stream node-negotiator node-normalize-package-data
  node-npm-bundled node-npm-package-arg node-npmlog node-object-assign
  node-once node-osenv node-p-cancelable node-p-map node-path-is-absolute
  node-process-nextick-args node-promise-inflight node-promise-retry
  node-promzard node-psl node-pump node-punycode node-quick-lru node-read
  node-read-package-json node-readable-stream node-resolve node-retry
  node-rimraf node-run-queue node-safe-buffer node-semver node-set-blocking
  node-signal-exit node-slash node-slice-ansi node-source-map
  node-source-map-support node-spdx-correct node-spdx-exceptions
  node-spdx-expression-parse node-spdx-license-ids node-sprintf-js node-ssri
  node-stack-utils node-stealthy-require node-string-decoder node-string-width
  node-strip-ansi node-supports-color node-text-table node-time-stamp
  node-tmatch node-tough-cookie node-typedarray-to-buffer node-unique-filename
  node-universalify node-util-deprecate node-validate-npm-package-license
  node-validate-npm-package-name node-wcwidth.js node-webidl-conversions
  node-whatwg-fetch node-wide-align node-wrappy node-write-file-atomic
  node-yallist openssh-client patch perl perl-modules-5.34
  perl-openssl-defaults python3-dbus python3-gi python3-pkg-resources
  rpcsvc-proto session-migration shared-mime-info systemd systemd-sysv
  systemd-timesyncd tilix tilix-common ubuntu-mono ucf x11-common x11-utils
  x11-xserver-utils xauth xdg-user-dirs xdg-utils xkb-data xz-utils
Use 'apt autoremove' to remove them.
The following packages will be REMOVED:
  node-cacache node-copy-concurrently node-coveralls node-esprima node-fetch
  node-form-data node-gyp node-js-yaml node-jsdom node-mime node-mime-types
  node-mkdirp node-move-concurrently node-nopt node-opener node-tap
  node-tap-mocha-reporter node-tap-parser node-tar node-which node-ws
  nodejs-doc npm
The following packages will be upgraded:
  nodejs
1 upgraded, 0 newly installed, 23 to remove and 4 not upgraded.
Need to get 32.2 MB of archives.
After this operation, 176 MB of additional disk space will be used.
Get:1 https://deb.nodesource.com/node_20.x nodistro/main amd64 nodejs amd64 20.20.2-1nodesource1 [32.2 MB]
Fetched 32.2 MB in 4s (9136 kB/s)
(Reading database ... (Reading database ... 5%(Reading database ... 10%(Reading database ... 15%(Reading database ... 20%(Reading database ... 25%(Reading database ... 30%(Reading database ... 35%(Reading database ... 40%(Reading database ... 45%(Reading database ... 50%(Reading database ... 55%(Reading database ... 60%(Reading database ... 65%(Reading database ... 70%(Reading database ... 75%(Reading database ... 80%(Reading database ... 85%(Reading database ... 90%(Reading database ... 95%(Reading database ... 100%(Reading database ... 41024 files and directories currently installed.)
Removing npm (8.5.1~ds-1) ...
Removing node-cacache (15.0.5+~cs13.9.21-3) ...
Removing node-move-concurrently (1.0.1-4) ...
Removing node-copy-concurrently (1.0.5-8) ...
Removing node-coveralls (3.1.1-1) ...
Removing node-tap (12.0.1+ds-4) ...
Removing node-tap-mocha-reporter (3.0.7+ds-2) ...
Removing node-tap-parser (7.0.0+ds1-6) ...
Removing node-js-yaml (4.1.0+dfsg+~4.0.5-6) ...
Removing node-esprima (4.0.1+ds+~4.0.3-2) ...
Removing node-fetch (2.6.7+~2.5.12-1) ...
Removing node-jsdom (19.0.0+~cs90.11.27-1) ...
Removing node-form-data (3.0.1-1) ...
Removing node-gyp (8.4.1-1) ...
Removing node-mime-types (2.1.33-1) ...
Removing node-mime (3.0.0+dfsg+~cs3.96.1-1) ...
Removing node-tar (6.1.11+ds1+~cs6.0.6-1) ...
Removing node-mkdirp (1.0.4+~1.0.2-1) ...
Removing node-nopt (5.0.0-2) ...
Removing node-opener (1.5.2+~1.4.0-1) ...
Removing node-which (2.0.2+~cs1.3.2-2) ...
Removing node-ws (8.5.0+~cs13.3.3-2) ...
Removing nodejs-doc (12.22.9~dfsg-1ubuntu3.6) ...
(Reading database ... (Reading database ... 5%(Reading database ... 10%(Reading database ... 15%(Reading database ... 20%(Reading database ... 25%(Reading database ... 30%(Reading database ... 35%(Reading database ... 40%(Reading database ... 45%(Reading database ... 50%(Reading database ... 55%(Reading database ... 60%(Reading database ... 65%(Reading database ... 70%(Reading database ... 75%(Reading database ... 80%(Reading database ... 85%(Reading database ... 90%(Reading database ... 95%(Reading database ... 100%(Reading database ... 38786 files and directories currently installed.)
Preparing to unpack .../nodejs_20.20.2-1nodesource1_amd64.deb ...
Unpacking nodejs (20.20.2-1nodesource1) over (12.22.9~dfsg-1ubuntu3.6) ...
dpkg: error processing archive /var/cache/apt/archives/nodejs_20.20.2-1nodesource1_amd64.deb (--unpack):
 trying to overwrite '/usr/include/node/common.gypi', which is also in package libnode-dev 12.22.9~dfsg-1ubuntu3.6
dpkg-deb: error: paste subprocess was killed by signal (Broken pipe)
Errors were encountered while processing:
 /var/cache/apt/archives/nodejs_20.20.2-1nodesource1_amd64.deb

$ apt-get remove -y libnode-dev && apt-get install -y nodejs
Reading package lists...
Building dependency tree...
Reading state information...
The following packages were automatically installed and are no longer required:
  adwaita-icon-theme at-spi2-core binutils binutils-common
  binutils-x86-64-linux-gnu build-essential bzip2 cpp cpp-11 dbus
  dbus-user-session dconf-gsettings-backend dconf-service dmsetup dpkg-dev
  fakeroot fontconfig fontconfig-config fonts-dejavu-core g++ g++-11 gcc
  gcc-11 gcc-11-base gir1.2-glib-2.0 git git-man gsettings-desktop-schemas
  gtk-update-icon-cache gyp hicolor-icon-theme humanity-icon-theme
  javascript-common less libalgorithm-diff-perl libalgorithm-diff-xs-perl
  libalgorithm-merge-perl libapparmor1 libargon2-1 libasan6 libatk-bridge2.0-0
  libatk1.0-0 libatk1.0-data libatomic1 libatspi2.0-0 libauthen-sasl-perl
  libavahi-client3 libavahi-common-data libavahi-common3 libbinutils libbsd0
  libc-dev-bin libc-devtools libc6-dev libcairo-gobject2 libcairo2 libcbor0.8
  libcc1-0 libclone-perl libcolord2 libcrypt-dev libcryptsetup12 libctf-nobfd0
  libctf0 libcups2 libcurl3-gnutls libdata-dump-perl libdatrie1 libdbus-1-3
  libdconf1 libdeflate0 libdevmapper1.02.1 libdpkg-perl libdrm-amdgpu1
  libdrm-common libdrm-intel1 libdrm-nouveau2 libdrm-radeon1 libdrm2 libedit2
  libelf1 libencode-locale-perl libepoxy0 liberror-perl libexpat1 libfakeroot
  libfido2-1 libfile-basedir-perl libfile-desktopentry-perl
  libfile-fcntllock-perl libfile-listing-perl libfile-mimeinfo-perl
  libfont-afm-perl libfontconfig1 libfontenc1 libfreetype6 libfribidi0
  libgcc-11-dev libgd3 libgdbm-compat4 libgdbm6 libgdk-pixbuf-2.0-0
  libgdk-pixbuf2.0-bin libgdk-pixbuf2.0-common libgirepository-1.0-1 libgl1
  libgl1-amber-dri libgl1-mesa-dri libglapi-mesa libglib2.0-0 libglib2.0-data
  libglvnd0 libglx-mesa0 libglx0 libgomp1 libgraphite2-3 libgtk-3-0
  libgtk-3-bin libgtk-3-common libgtkd-3-0 libharfbuzz0b libhtml-form-perl
  libhtml-format-perl libhtml-parser-perl libhtml-tagset-perl
  libhtml-tree-perl libhttp-cookies-perl libhttp-daemon-perl libhttp-date-perl
  libhttp-message-perl libhttp-negotiate-perl libice6 libio-html-perl
  libio-socket-ssl-perl libio-stringy-perl libip4tc2 libipc-system-simple-perl
  libisl23 libitm1 libjbig0 libjpeg-turbo8 libjpeg8 libjs-events
  libjs-highlight.js libjs-inherits libjs-is-typedarray libjs-psl
  libjs-source-map libjs-sprintf-js libjs-typedarray-to-buffer libjson-c5
  libkmod2 liblcms2-2 libllvm11 libllvm15 liblocale-gettext-perl liblsan0
  liblwp-mediatypes-perl liblwp-protocol-https-perl libmailtools-perl libmd0
  libmpc3 libmpdec3 libmpfr6 libnet-dbus-perl libnet-http-perl
  libnet-smtp-ssl-perl libnet-ssleay-perl libnotify-bin libnotify4 libnsl-dev
  libnss-systemd libpam-systemd libpango-1.0-0 libpangocairo-1.0-0
  libpangoft2-1.0-0 libpciaccess0 libperl5.34 libphobos2-ldc-shared98
  libpixman-1-0 libpng16-16 libpython3-stdlib libpython3.10-minimal
  libpython3.10-stdlib libquadmath0 librsvg2-2 librsvg2-common
  libsensors-config libsensors5 libsm6 libssl-dev libstdc++-11-dev
  libtext-iconv-perl libthai-data libthai0 libtie-ixhash-perl libtiff5
  libtimedate-perl libtirpc-dev libtry-tiny-perl libtsan0 libubsan1 libunwind8
  liburi-perl libuv1-dev libvte-2.91-0 libvte-2.91-common libvted-3-0
  libwayland-client0 libwayland-cursor0 libwayland-egl1 libwebp7 libwww-perl
  libwww-robotrules-perl libx11-6 libx11-data libx11-protocol-perl libx11-xcb1
  libxau6 libxaw7 libxcb-dri2-0 libxcb-dri3-0 libxcb-glx0 libxcb-present0
  libxcb-randr0 libxcb-render0 libxcb-shape0 libxcb-shm0 libxcb-sync1
  libxcb-xfixes0 libxcb1 libxcomposite1 libxcursor1 libxdamage1 libxdmcp6
  libxext6 libxfixes3 libxft2 libxi6 libxinerama1 libxkbcommon0 libxkbfile1
  libxml-parser-perl libxml-twig-perl libxml-xpathengine-perl libxml2 libxmu6
  libxmuu1 libxpm4 libxrandr2 libxrender1 libxshmfence1 libxt6 libxtst6 libxv1
  libxxf86dga1 libxxf86vm1 linux-libc-dev lto-disabled-list make manpages
  manpages-dev media-types netbase networkd-dispatcher node-abab node-abbrev
  node-agent-base node-ansi-regex node-ansi-styles node-ansistyles node-aproba
  node-archy node-are-we-there-yet node-argparse node-arrify node-asap
  node-asynckit node-balanced-match node-brace-expansion node-builtins
  node-chalk node-chownr node-clean-yaml-object node-cli-table node-clone
  node-color-convert node-color-name node-colors node-columnify
  node-combined-stream node-commander node-console-control-strings
  node-core-util-is node-cssom node-cssstyle node-debug
  node-decompress-response node-defaults node-delayed-stream node-delegates
  node-depd node-diff node-encoding node-end-of-stream node-err-code
  node-escape-string-regexp node-events node-fancy-log node-foreground-child
  node-fs-write-stream-atomic node-fs.realpath node-function-bind node-gauge
  node-get-stream node-glob node-got node-graceful-fs node-growl node-has-flag
  node-has-unicode node-hosted-git-info node-https-proxy-agent node-iconv-lite
  node-iferr node-imurmurhash node-indent-string node-inflight node-inherits
  node-ini node-ip node-ip-regex node-is-buffer node-is-plain-obj
  node-is-typedarray node-isarray node-isexe node-json-buffer
  node-json-parse-better-errors node-jsonparse node-kind-of node-lcov-parse
  node-lodash-packages node-log-driver node-lowercase-keys node-lru-cache
  node-mimic-response node-minimatch node-minimist node-minipass node-ms
  node-mute-stream node-negotiator node-normalize-package-data
  node-npm-bundled node-npm-package-arg node-npmlog node-object-assign
  node-once node-osenv node-p-cancelable node-p-map node-path-is-absolute
  node-process-nextick-args node-promise-inflight node-promise-retry
  node-promzard node-psl node-pump node-punycode node-quick-lru node-read
  node-read-package-json node-readable-stream node-resolve node-retry
  node-rimraf node-run-queue node-safe-buffer node-semver node-set-blocking
  node-signal-exit node-slash node-slice-ansi node-source-map
  node-source-map-support node-spdx-correct node-spdx-exceptions
  node-spdx-expression-parse node-spdx-license-ids node-sprintf-js node-ssri
  node-stack-utils node-stealthy-require node-string-decoder node-string-width
  node-strip-ansi node-supports-color node-text-table node-time-stamp
  node-tmatch node-tough-cookie node-typedarray-to-buffer node-unique-filename
  node-universalify node-util-deprecate node-validate-npm-package-license
  node-validate-npm-package-name node-wcwidth.js node-webidl-conversions
  node-whatwg-fetch node-wide-align node-wrappy node-write-file-atomic
  node-yallist openssh-client patch perl perl-modules-5.34
  perl-openssl-defaults python3 python3-dbus python3-gi python3-minimal
  python3-pkg-resources python3.10 python3.10-minimal rpcsvc-proto
  session-migration shared-mime-info systemd systemd-sysv systemd-timesyncd
  tilix tilix-common ubuntu-mono ucf x11-common x11-utils x11-xserver-utils
  xauth xdg-user-dirs xdg-utils xkb-data xz-utils
Use 'apt autoremove' to remove them.
The following packages will be REMOVED:
  libnode-dev
0 upgraded, 0 newly installed, 1 to remove and 5 not upgraded.
After this operation, 6146 kB disk space will be freed.
(Reading database ... (Reading database ... 5%(Reading database ... 10%(Reading database ... 15%(Reading database ... 20%(Reading database ... 25%(Reading database ... 30%(Reading database ... 35%(Reading database ... 40%(Reading database ... 45%(Reading database ... 50%(Reading database ... 55%(Reading database ... 60%(Reading database ... 65%(Reading database ... 70%(Reading database ... 75%(Reading database ... 80%(Reading database ... 85%(Reading database ... 90%(Reading database ... 95%(Reading database ... 100%(Reading database ... 38786 files and directories currently installed.)
Removing libnode-dev (12.22.9~dfsg-1ubuntu3.6) ...
Reading package lists...
Building dependency tree...
Reading state information...
The following packages were automatically installed and are no longer required:
  adwaita-icon-theme at-spi2-core binutils binutils-common
  binutils-x86-64-linux-gnu build-essential bzip2 cpp cpp-11 dbus
  dbus-user-session dconf-gsettings-backend dconf-service dmsetup dpkg-dev
  fakeroot fontconfig fontconfig-config fonts-dejavu-core g++ g++-11 gcc
  gcc-11 gcc-11-base gir1.2-glib-2.0 git git-man gsettings-desktop-schemas
  gtk-update-icon-cache gyp hicolor-icon-theme humanity-icon-theme
  javascript-common less libalgorithm-diff-perl libalgorithm-diff-xs-perl
  libalgorithm-merge-perl libapparmor1 libargon2-1 libasan6 libatk-bridge2.0-0
  libatk1.0-0 libatk1.0-data libatomic1 libatspi2.0-0 libauthen-sasl-perl
  libavahi-client3 libavahi-common-data libavahi-common3 libbinutils libbsd0
  libc-ares2 libc-dev-bin libc-devtools libc6-dev libcairo-gobject2 libcairo2
  libcbor0.8 libcc1-0 libclone-perl libcolord2 libcrypt-dev libcryptsetup12
  libctf-nobfd0 libctf0 libcups2 libcurl3-gnutls libdata-dump-perl libdatrie1
  libdbus-1-3 libdconf1 libdeflate0 libdevmapper1.02.1 libdpkg-perl
  libdrm-amdgpu1 libdrm-common libdrm-intel1 libdrm-nouveau2 libdrm-radeon1
  libdrm2 libedit2 libelf1 libencode-locale-perl libepoxy0 liberror-perl
  libfakeroot libfido2-1 libfile-basedir-perl libfile-desktopentry-perl
  libfile-fcntllock-perl libfile-listing-perl libfile-mimeinfo-perl
  libfont-afm-perl libfontconfig1 libfontenc1 libfreetype6 libfribidi0
  libgcc-11-dev libgd3 libgdbm-compat4 libgdbm6 libgdk-pixbuf-2.0-0
  libgdk-pixbuf2.0-bin libgdk-pixbuf2.0-common libgirepository-1.0-1 libgl1
  libgl1-amber-dri libgl1-mesa-dri libglapi-mesa libglib2.0-0 libglib2.0-data
  libglvnd0 libglx-mesa0 libglx0 libgomp1 libgraphite2-3 libgtk-3-0
  libgtk-3-bin libgtk-3-common libgtkd-3-0 libharfbuzz0b libhtml-form-perl
  libhtml-format-perl libhtml-parser-perl libhtml-tagset-perl
  libhtml-tree-perl libhttp-cookies-perl libhttp-daemon-perl libhttp-date-perl
  libhttp-message-perl libhttp-negotiate-perl libice6 libicu70 libio-html-perl
  libio-socket-ssl-perl libio-stringy-perl libip4tc2 libipc-system-simple-perl
  libisl23 libitm1 libjbig0 libjpeg-turbo8 libjpeg8 libjs-events
  libjs-highlight.js libjs-inherits libjs-is-typedarray libjs-psl
  libjs-source-map libjs-sprintf-js libjs-typedarray-to-buffer libjson-c5
  libkmod2 liblcms2-2 libllvm11 libllvm15 liblocale-gettext-perl liblsan0
  liblwp-mediatypes-perl liblwp-protocol-https-perl libmailtools-perl libmd0
  libmpc3 libmpfr6 libnet-dbus-perl libnet-http-perl libnet-smtp-ssl-perl
  libnet-ssleay-perl libnode72 libnotify-bin libnotify4 libnsl-dev
  libnss-systemd libpam-systemd libpango-1.0-0 libpangocairo-1.0-0
  libpangoft2-1.0-0 libpciaccess0 libperl5.34 libphobos2-ldc-shared98
  libpixman-1-0 libpng16-16 libquadmath0 librsvg2-2 librsvg2-common
  libsensors-config libsensors5 libsm6 libssl-dev libstdc++-11-dev
  libtext-iconv-perl libthai-data libthai0 libtie-ixhash-perl libtiff5
  libtimedate-perl libtirpc-dev libtry-tiny-perl libtsan0 libubsan1 libunwind8
  liburi-perl libuv1 libuv1-dev libvte-2.91-0 libvte-2.91-common libvted-3-0
  libwayland-client0 libwayland-cursor0 libwayland-egl1 libwebp7 libwww-perl
  libwww-robotrules-perl libx11-6 libx11-data libx11-protocol-perl libx11-xcb1
  libxau6 libxaw7 libxcb-dri2-0 libxcb-dri3-0 libxcb-glx0 libxcb-present0
  libxcb-randr0 libxcb-render0 libxcb-shape0 libxcb-shm0 libxcb-sync1
  libxcb-xfixes0 libxcb1 libxcomposite1 libxcursor1 libxdamage1 libxdmcp6
  libxext6 libxfixes3 libxft2 libxi6 libxinerama1 libxkbcommon0 libxkbfile1
  libxml-parser-perl libxml-twig-perl libxml-xpathengine-perl libxml2 libxmu6
  libxmuu1 libxpm4 libxrandr2 libxrender1 libxshmfence1 libxt6 libxtst6 libxv1
  libxxf86dga1 libxxf86vm1 linux-libc-dev lto-disabled-list make manpages
  manpages-dev netbase networkd-dispatcher node-abab node-abbrev
  node-agent-base node-ansi-regex node-ansi-styles node-ansistyles node-aproba
  node-archy node-are-we-there-yet node-argparse node-arrify node-asap
  node-asynckit node-balanced-match node-brace-expansion node-builtins
  node-chalk node-chownr node-clean-yaml-object node-cli-table node-clone
  node-color-convert node-color-name node-colors node-columnify
  node-combined-stream node-commander node-console-control-strings
  node-core-util-is node-cssom node-cssstyle node-debug
  node-decompress-response node-defaults node-delayed-stream node-delegates
  node-depd node-diff node-encoding node-end-of-stream node-err-code
  node-escape-string-regexp node-events node-fancy-log node-foreground-child
  node-fs-write-stream-atomic node-fs.realpath node-function-bind node-gauge
  node-get-stream node-glob node-got node-graceful-fs node-growl node-has-flag
  node-has-unicode node-hosted-git-info node-https-proxy-agent node-iconv-lite
  node-iferr node-imurmurhash node-indent-string node-inflight node-inherits
  node-ini node-ip node-ip-regex node-is-buffer node-is-plain-obj
  node-is-typedarray node-isarray node-isexe node-json-buffer
  node-json-parse-better-errors node-jsonparse node-kind-of node-lcov-parse
  node-lodash-packages node-log-driver node-lowercase-keys node-lru-cache
  node-mimic-response node-minimatch node-minimist node-minipass node-ms
  node-mute-stream node-negotiator node-normalize-package-data
  node-npm-bundled node-npm-package-arg node-npmlog node-object-assign
  node-once node-osenv node-p-cancelable node-p-map node-path-is-absolute
  node-process-nextick-args node-promise-inflight node-promise-retry
  node-promzard node-psl node-pump node-punycode node-quick-lru node-read
  node-read-package-json node-readable-stream node-resolve node-retry
  node-rimraf node-run-queue node-safe-buffer node-semver node-set-blocking
  node-signal-exit node-slash node-slice-ansi node-source-map
  node-source-map-support node-spdx-correct node-spdx-exceptions
  node-spdx-expression-parse node-spdx-license-ids node-sprintf-js node-ssri
  node-stack-utils node-stealthy-require node-string-decoder node-string-width
  node-strip-ansi node-supports-color node-text-table node-time-stamp
  node-tmatch node-tough-cookie node-typedarray-to-buffer node-unique-filename
  node-universalify node-util-deprecate node-validate-npm-package-license
  node-validate-npm-package-name node-wcwidth.js node-webidl-conversions
  node-whatwg-fetch node-wide-align node-wrappy node-write-file-atomic
  node-yallist openssh-client patch perl perl-modules-5.34
  perl-openssl-defaults python3-dbus python3-gi python3-pkg-resources
  rpcsvc-proto session-migration shared-mime-info systemd systemd-sysv
  systemd-timesyncd tilix tilix-common ubuntu-mono ucf x11-common x11-utils
  x11-xserver-utils xauth xdg-user-dirs xdg-utils xkb-data xz-utils
Use 'apt autoremove' to remove them.
The following packages will be upgraded:
  nodejs
1 upgraded, 0 newly installed, 0 to remove and 4 not upgraded.
Need to get 32.2 MB of archives.
After this operation, 195 MB of additional disk space will be used.
Get:1 https://deb.nodesource.com/node_20.x nodistro/main amd64 nodejs amd64 20.20.2-1nodesource1 [32.2 MB]
Fetched 32.2 MB in 3s (10.0 MB/s)
(Reading database ... (Reading database ... 5%(Reading database ... 10%(Reading database ... 15%(Reading database ... 20%(Reading database ... 25%(Reading database ... 30%(Reading database ... 35%(Reading database ... 40%(Reading database ... 45%(Reading database ... 50%(Reading database ... 55%(Reading database ... 60%(Reading database ... 65%(Reading database ... 70%(Reading database ... 75%(Reading database ... 80%(Reading database ... 85%(Reading database ... 90%(Reading database ... 95%(Reading database ... 100%(Reading database ... 37738 files and directories currently installed.)
Preparing to unpack .../nodejs_20.20.2-1nodesource1_amd64.deb ...
Unpacking nodejs (20.20.2-1nodesource1) over (12.22.9~dfsg-1ubuntu3.6) ...
Setting up nodejs (20.20.2-1nodesource1) ...

$ node -v && npm -v
v20.20.2
10.8.2

$ npm init vite@latest my-app -- --template react

> npx
> create-vite my-app --template react

│
◇  Scaffolding project in /my-app...
│
└  Done. Now run:

  cd my-app
  npm install
  npm run dev

$ npx create-react-router@latest my-router-app

         create-react-router v7.17.0

      ◼  Shell is not interactive. Using default options. This is equivalent to running with the --yes flag.
      ◼  Directory: Using my-router-app as project directory

      ◼  Using default template See https://github.com/remix-run/react-router-templates for more
[?25l ██████  Template copying...
[2K[1A[2K[G .. ..                       Template copying...
[2K[1A[2K[G. .. .                       Template copying...
[2K[1A[2K[G.. ..                        Template copying...
[2K[1A[2K[G .. ..                       Template copying...
[2K[1A[2K[G. .. .                       Template copying...
[2K[1A[2K[G.. ..                        Template copying...
[2K[1A[2K[G .. ..                       Template copying...
[2K[1A[2K[G. .. .                       Template copying...
[2K[1A[2K[G.. ..                        Template copying...
[2K[1A[2K[G .. ..                       Template copying...
[2K[1A[2K[G. .. .                       Template copying...
[2K[1A[2K[G.. ..                        Template copying...
[2K[1A[2K[G .. ..                       Template copying...
[2K[1A[2K[G. .. .                       Template copying...
[2K[1A[2K[G.. ..                        Template copying...
[2K[1A[2K[G .. ..                       Template copying...
[2K[1A[2K[G. .. .                       Template copying...
[2K[1A[2K[G.. ..                        Template copying...
[2K[1A[2K[G .. ..                       Template copying...
[2K[1A[2K[G. .. .                       Template copying...
[2K[1A[2K[G.. ..                        Template copying...
[2K[1A[2K[G .. ..                       Template copying...
[2K[1A[2K[G. .. .                       Template copying...
[2K[1A[2K[G.. ..                        Template copying...
[2K[1A[2K[G .. ..                       Template copying...
[2K[1A[2K[G. .. .                       Template copying...
[2K[1A[2K[G.. ..                        Template copying...
[2K[1A[2K[G .. ..                       Template copying...
[2K[1A[2K[G. .. .                       Template copying...
[2K[1A[2K[G.. ..                        Template copying...
[2K[1A[2K[G .. ..                       Template copying...
[2K[1A[2K[G. .. .                       Template copying...
[2K[1A[2K[G.. ..                        Template copying...
[2K[1A[2K[G .. ..                       Template copying...
[2K[1A[2K[G. .. .                       Template copying...
[2K[1A[2K[G      ✔  Template copied

[?25l ██████  Dependencies installing with npm...
[2K[1A[2K[G .. ..                       Dependencies installing with npm...
[2K[1A[2K[G. .. .                       Dependencies installing with npm...
[2K[1A[2K[G.. ..                        Dependencies installing with npm...
[2K[1A[2K[G .. ..                       Dependencies installing with npm...
[2K[1A[2K[G. .. .                       Dependencies installing with npm...
[2K[1A[2K[G.. ..                        Dependencies installing with npm...
[2K[1A[2K[G .. ..                       Dependencies installing with npm...
[2K[1A[2K[G. .. .                       Dependencies installing with npm...
[2K[1A[2K[G.. ..                        Dependencies installing with npm...
[2K[1A[2K[G .. ..                       Dependencies installing with npm...
[2K[1A[2K[G. .. .                       Dependencies installing with npm...
[2K[1A[2K[G.. ..                        Dependencies installing with npm...
[2K[1A[2K[G .. ..                       Dependencies installing with npm...
[2K[1A[2K[G. .. .                       Dependencies installing with npm...
[2K[1A[2K[G.. ..                        Dependencies installing with npm...
[2K[1A[2K[G .. ..                       Dependencies installing with npm...
[2K[1A[2K[G. .. .                       Dependencies installing with npm...
[2K[1A[2K[G.. ..                        Dependencies installing with npm...
[2K[1A[2K[G .. ..                       Dependencies installing with npm...
[2K[1A[2K[G. .. .                       Dependencies installing with npm...
[2K[1A[2K[G.. ..                        Dependencies installing with npm...
[2K[1A[2K[G .. ..                       Dependencies installing with npm...
[2K[1A[2K[G. .. .                       Dependencies installing with npm...
[2K[1A[2K[G.. ..                        Dependencies installing with npm...
[2K[1A[2K[G .. ..                       Dependencies installing with npm...
[2K[1A[2K[G. .. .                       Dependencies installing with npm...
[2K[1A[2K[G.. ..                        Dependencies installing with npm...
[2K[1A[2K[G .. ..                       Dependencies installing with npm...
[2K[1A[2K[G. .. .                       Dependencies installing with npm...
[2K[1A[2K[G.. ..                        Dependencies installing with npm...
[2K[1A[2K[G .. ..                       Dependencies installing with npm...
[2K[1A[2K[G. .. .                       Dependencies installing with npm...
[2K[1A[2K[G.. ..                        Dependencies installing with npm...
[2K[1A[2K[G .. ..                       Dependencies installing with npm...
[2K[1A[2K[G. .. .                       Dependencies installing with npm...
[2K[1A[2K[G.. ..                        Dependencies installing with npm...
[2K[1A[2K[G .. ..                       Dependencies installing with npm...
[2K[1A[2K[G. .. .                       Dependencies installing with npm...
[2K[1A[2K[G.. ..                        Dependencies installing with npm...
[2K[1A[2K[G .. ..                       Dependencies installing with npm...
[2K[1A[2K[G. .. .                       Dependencies installing with npm...
[2K[1A[2K[G.. ..                        Dependencies installing with npm...
[2K[1A[2K[G .. ..                       Dependencies installing with npm...
[2K[1A[2K[G. .. .                       Dependencies installing with npm...
[2K[1A[2K[G.. ..                        Dependencies installing with npm...
[2K[1A[2K[G .. ..                       Dependencies installing with npm...
[2K[1A[2K[G. .. .                       Dependencies installing with npm...
[2K[1A[2K[G.. ..                        Dependencies installing with npm...
[2K[1A[2K[G .. ..                       Dependencies installing with npm...
[2K[1A[2K[G. .. .                       Dependencies installing with npm...
[2K[1A[2K[G.. ..                        Dependencies installing with npm...
[2K[1A[2K[G .. ..                       Dependencies installing with npm...
[2K[1A[2K[G. .. .                       Dependencies installing with npm...
[2K[1A[2K[G.. ..                        Dependencies installing with npm...
[2K[1A[2K[G .. ..                       Dependencies installing with npm...
[2K[1A[2K[G. .. .                       Dependencies installing with npm...
[2K[1A[2K[G.. ..                        Dependencies installing with npm...
[2K[1A[2K[G .. ..                       Dependencies installing with npm...
[2K[1A[2K[G. .. .                       Dependencies installing with npm...
[2K[1A[2K[G.. ..                        Dependencies installing with npm...
[2K[1A[2K[G .. ..                       Dependencies installing with npm...
[2K[1A[2K[G. .. .                       Dependencies installing with npm...
[2K[1A[2K[G.. ..                        Dependencies installing with npm...
[2K[1A[2K[G .. ..                       Dependencies installing with npm...
[2K[1A[2K[G. .. .                       Dependencies installing with npm...
[2K[1A[2K[G.. ..                        Dependencies installing with npm...
[2K[1A[2K[G .. ..                       Dependencies installing with npm...
[2K[1A[2K[G. .. .                       Dependencies installing with npm...
[2K[1A[2K[G.. ..                        Dependencies installing with npm...
[2K[1A[2K[G .. ..                       Dependencies installing with npm...
[2K[1A[2K[G. .. .                       Dependencies installing with npm...
[2K[1A[2K[G.. ..                        Dependencies installing with npm...
[2K[1A[2K[G .. ..                       Dependencies installing with npm...
[2K[1A[2K[G. .. .                       Dependencies installing with npm...
[2K[1A[2K[G.. ..                        Dependencies installing with npm...
[2K[1A[2K[G .. ..                       Dependencies installing with npm...
[2K[1A[2K[G. .. .                       Dependencies installing with npm...
[2K[1A[2K[G.. ..                        Dependencies installing with npm...
[2K[1A[2K[G .. ..                       Dependencies installing with npm...
[2K[1A[2K[G. .. .                       Dependencies installing with npm...
[2K[1A[2K[G.. ..                        Dependencies installing with npm...
[2K[1A[2K[G .. ..                       Dependencies installing with npm...
[2K[1A[2K[G. .. .                       Dependencies installing with npm...
[2K[1A[2K[G.. ..                        Dependencies installing with npm...
[2K[1A[2K[G .. ..                       Dependencies installing with npm...
[2K[1A[2K[G. .. .                       Dependencies installing with npm...
[2K[1A[2K[G.. ..                        Dependencies installing with npm...
[2K[1A[2K[G .. ..                       Dependencies installing with npm...
[2K[1A[2K[G. .. .                       Dependencies installing with npm...
[2K[1A[2K[G.. ..                        Dependencies installing with npm...
[2K[1A[2K[G .. ..                       Dependencies installing with npm...
[2K[1A[2K[G. .. .                       Dependencies installing with npm...
[2K[1A[2K[G.. ..                        Dependencies installing with npm...
[2K[1A[2K[G .. ..                       Dependencies installing with npm...
[2K[1A[2K[G. .. .                       Dependencies installing with npm...
[2K[1A[2K[G.. ..                        Dependencies installing with npm...
[2K[1A[2K[G .. ..                       Dependencies installing with npm...
[2K[1A[2K[G. .. .                       Dependencies installing with npm...
[2K[1A[2K[G.. ..                        Dependencies installing with npm...
[2K[1A[2K[G .. ..                       Dependencies installing with npm...
[2K[1A[2K[G. .. .                       Dependencies installing with npm...
[2K[1A[2K[G.. ..                        Dependencies installing with npm...
[2K[1A[2K[G .. ..                       Dependencies installing with npm...
[2K[1A[2K[G. .. .                       Dependencies installing with npm...
[2K[1A[2K[G.. ..                        Dependencies installing with npm...
[2K[1A[2K[G .. ..                       Dependencies installing with npm...
[2K[1A[2K[G. .. .                       Dependencies installing with npm...
[2K[1A[2K[G.. ..                        Dependencies installing with npm...
[2K[1A[2K[G .. ..                       Dependencies installing with npm...
[2K[1A[2K[G. .. .                       Dependencies installing with npm...
[2K[1A[2K[G.. ..                        Dependencies installing with npm...
[2K[1A[2K[G .. ..                       Dependencies installing with npm...
[2K[1A[2K[G. .. .                       Dependencies installing with npm...
[2K[1A[2K[G.. ..                        Dependencies installing with npm...
[2K[1A[2K[G .. ..                       Dependencies installing with npm...
[2K[1A[2K[G. .. .                       Dependencies installing with npm...
[2K[1A[2K[G.. ..                        Dependencies installing with npm...
[2K[1A[2K[G .. ..                       Dependencies installing with npm...
[2K[1A[2K[G. .. .                       Dependencies installing with npm...
[2K[1A[2K[G.. ..                        Dependencies installing with npm...
[2K[1A[2K[G .. ..                       Dependencies installing with npm...
[2K[1A[2K[G. .. .                       Dependencies installing with npm...
[2K[1A[2K[G.. ..                        Dependencies installing with npm...
[2K[1A[2K[G .. ..                       Dependencies installing with npm...
[2K[1A[2K[G. .. .                       Dependencies installing with npm...
[2K[1A[2K[G.. ..                        Dependencies installing with npm...
[2K[1A[2K[G .. ..                       Dependencies installing with npm...
[2K[1A[2K[G. .. .                       Dependencies installing with npm...
[2K[1A[2K[G.. ..                        Dependencies installing with npm...
[2K[1A[2K[G .. ..                       Dependencies installing with npm...
[2K[1A[2K[G. .. .                       Dependencies installing with npm...
[2K[1A[2K[G.. ..                        Dependencies installing with npm...
[2K[1A[2K[G .. ..                       Dependencies installing with npm...
[2K[1A[2K[G. .. .                       Dependencies installing with npm...
[2K[1A[2K[G.. ..                        Dependencies installing with npm...
[2K[1A[2K[G .. ..                       Dependencies installing with npm...
[2K[1A[2K[G. .. .                       Dependencies installing with npm...
[2K[1A[2K[G.. ..                        Dependencies installing with npm...
[2K[1A[2K[G .. ..                       Dependencies installing with npm...
[2K[1A[2K[G. .. .                       Dependencies installing with npm...
[2K[1A[2K[G.. ..                        Dependencies installing with npm...
[2K[1A[2K[G .. ..                       Dependencies installing with npm...
[2K[1A[2K[G. .. .                       Dependencies installing with npm...
[2K[1A[2K[G.. ..                        Dependencies installing with npm...
[2K[1A[2K[G .. ..                       Dependencies installing with npm...
[2K[1A[2K[G. .. .                       Dependencies installing with npm...
[2K[1A[2K[G.. ..                        Dependencies installing with npm...
[2K[1A[2K[G .. ..                       Dependencies installing with npm...
[2K[1A[2K[G. .. .                       Dependencies installing with npm...
[2K[1A[2K[G.. ..                        Dependencies installing with npm...
[2K[1A[2K[G .. ..                       Dependencies installing with npm...
[2K[1A[2K[G. .. .                       Dependencies installing with npm...
[2K[1A[2K[G.. ..                        Dependencies installing with npm...
[2K[1A[2K[G .. ..                       Dependencies installing with npm...
[2K[1A[2K[G. .. .                       Dependencies installing with npm...
[2K[1A[2K[G.. ..                        Dependencies installing with npm...
[2K[1A[2K[G .. ..                       Dependencies installing with npm...
[2K[1A[2K[G. .. .                       Dependencies installing with npm...
[2K[1A[2K[G.. ..                        Dependencies installing with npm...
[2K[1A[2K[G .. ..                       Dependencies installing with npm...
[2K[1A[2K[G. .. .                       Dependencies installing with npm...
[2K[1A[2K[G.. ..                        Dependencies installing with npm...
[2K[1A[2K[G .. ..                       Dependencies installing with npm...
[2K[1A[2K[G. .. .                       Dependencies installing with npm...
[2K[1A[2K[G.. ..                        Dependencies installing with npm...
[2K[1A[2K[G .. ..                       Dependencies installing with npm...
[2K[1A[2K[G. .. .                       Dependencies installing with npm...
[2K[1A[2K[G.. ..                        Dependencies installing with npm...
[2K[1A[2K[G .. ..                       Dependencies installing with npm...
[2K[1A[2K[G. .. .                       Dependencies installing with npm...
[2K[1A[2K[G.. ..                        Dependencies installing with npm...
[2K[1A[2K[G .. ..                       Dependencies installing with npm...
[2K[1A[2K[G. .. .                       Dependencies installing with npm...
[2K[1A[2K[G.. ..                        Dependencies installing with npm...
[2K[1A[2K[G .. ..                       Dependencies installing with npm...
[2K[1A[2K[G. .. .                       Dependencies installing with npm...
[2K[1A[2K[G.. ..                        Dependencies installing with npm...
[2K[1A[2K[G .. ..                       Dependencies installing with npm...
[2K[1A[2K[G. .. .                       Dependencies installing with npm...
[2K[1A[2K[G.. ..                        Dependencies installing with npm...
[2K[1A[2K[G .. ..                       Dependencies installing with npm...
[2K[1A[2K[G. .. .                       Dependencies installing with npm...
[2K[1A[2K[G.. ..                        Dependencies installing with npm...
[2K[1A[2K[G .. ..                       Dependencies installing with npm...
[2K[1A[2K[G. .. .                       Dependencies installing with npm...
[2K[1A[2K[G.. ..                        Dependencies installing with npm...
[2K[1A[2K[G .. ..                       Dependencies installing with npm...
[2K[1A[2K[G. .. .                       Dependencies installing with npm...
[2K[1A[2K[G.. ..                        Dependencies installing with npm...
[2K[1A[2K[G .. ..                       Dependencies installing with npm...
[2K[1A[2K[G. .. .                       Dependencies installing with npm...
[2K[1A[2K[G.. ..                        Dependencies installing with npm...
[2K[1A[2K[G .. ..                       Dependencies installing with npm...
[2K[1A[2K[G. .. .                       Dependencies installing with npm...
[2K[1A[2K[G.. ..                        Dependencies installing with npm...
[2K[1A[2K[G .. ..                       Dependencies installing with npm...
[2K[1A[2K[G. .. .                       Dependencies installing with npm...
[2K[1A[2K[G.. ..                        Dependencies installing with npm...
[2K[1A[2K[G .. ..                       Dependencies installing with npm...
[2K[1A[2K[G. .. .                       Dependencies installing with npm...
[2K[1A[2K[G.. ..                        Dependencies installing with npm...
[2K[1A[2K[G .. ..                       Dependencies installing with npm...
[2K[1A[2K[G. .. .                       Dependencies installing with npm...
[2K[1A[2K[G.. ..                        Dependencies installing with npm...
[2K[1A[2K[G .. ..                       Dependencies installing with npm...
[2K[1A[2K[G. .. .                       Dependencies installing with npm...
[2K[1A[2K[G.. ..                        Dependencies installing with npm...
[2K[1A[2K[G .. ..                       Dependencies installing with npm...
[2K[1A[2K[G. .. .                       Dependencies installing with npm...
[2K[1A[2K[G.. ..                        Dependencies installing with npm...
[2K[1A[2K[G .. ..                       Dependencies installing with npm...
[2K[1A[2K[G. .. .                       Dependencies installing with npm...
[2K[1A[2K[G.. ..                        Dependencies installing with npm...
[2K[1A[2K[G .. ..                       Dependencies installing with npm...
[2K[1A[2K[G. .. .                       Dependencies installing with npm...
[2K[1A[2K[G.. ..                        Dependencies installing with npm...
[2K[1A[2K[G .. ..                       Dependencies installing with npm...
[2K[1A[2K[G. .. .                       Dependencies installing with npm...
[2K[1A[2K[G.. ..                        Dependencies installing with npm...
[2K[1A[2K[G .. ..                       Dependencies installing with npm...
[2K[1A[2K[G. .. .                       Dependencies installing with npm...
[2K[1A[2K[G.. ..                        Dependencies installing with npm...
[2K[1A[2K[G .. ..                       Dependencies installing with npm...
[2K[1A[2K[G. .. .                       Dependencies installing with npm...
[2K[1A[2K[G.. ..                        Dependencies installing with npm...
[2K[1A[2K[G .. ..                       Dependencies installing with npm...
[2K[1A[2K[G. .. .                       Dependencies installing with npm...
[2K[1A[2K[G.. ..                        Dependencies installing with npm...
[2K[1A[2K[G .. ..                       Dependencies installing with npm...
[2K[1A[2K[G. .. .                       Dependencies installing with npm...
[2K[1A[2K[G.. ..                        Dependencies installing with npm...
[2K[1A[2K[G .. ..                       Dependencies installing with npm...
[2K[1A[2K[G. .. .                       Dependencies installing with npm...
[2K[1A[2K[G.. ..                        Dependencies installing with npm...
[2K[1A[2K[G .. ..                       Dependencies installing with npm...
[2K[1A[2K[G. .. .                       Dependencies installing with npm...
[2K[1A[2K[G.. ..                        Dependencies installing with npm...
[2K[1A[2K[G .. ..                       Dependencies installing with npm...
[2K[1A[2K[G. .. .                       Dependencies installing with npm...
[2K[1A[2K[G.. ..                        Dependencies installing with npm...
[2K[1A[2K[G .. ..                       Dependencies installing with npm...
[2K[1A[2K[G. .. .                       Dependencies installing with npm...
[2K[1A[2K[G.. ..                        Dependencies installing with npm...
[2K[1A[2K[G .. ..                       Dependencies installing with npm...
[2K[1A[2K[G. .. .                       Dependencies installing with npm...
[2K[1A[2K[G.. ..                        Dependencies installing with npm...
[2K[1A[2K[G .. ..                       Dependencies installing with npm...
[2K[1A[2K[G. .. .                       Dependencies installing with npm...
[2K[1A[2K[G.. ..                        Dependencies installing with npm...
[2K[1A[2K[G .. ..                       Dependencies installing with npm...
[2K[1A[2K[G. .. .                       Dependencies installing with npm...
[2K[1A[2K[G.. ..                        Dependencies installing with npm...
[2K[1A[2K[G .. ..                       Dependencies installing with npm...
[2K[1A[2K[G. .. .                       Dependencies installing with npm...
[2K[1A[2K[G.. ..                        Dependencies installing with npm...
[2K[1A[2K[G .. ..                       Dependencies installing with npm...
[2K[1A[2K[G. .. .                       Dependencies installing with npm...
[2K[1A[2K[G.. ..                        Dependencies installing with npm...
[2K[1A[2K[G .. ..                       Dependencies installing with npm...
[2K[1A[2K[G. .. .                       Dependencies installing with npm...
[2K[1A[2K[G.. ..                        Dependencies installing with npm...
[2K[1A[2K[G .. ..                       Dependencies installing with npm...
[2K[1A[2K[G. .. .                       Dependencies installing with npm...
[2K[1A[2K[G.. ..                        Dependencies installing with npm...
[2K[1A[2K[G .. ..                       Dependencies installing with npm...
[2K[1A[2K[G. .. .                       Dependencies installing with npm...
[2K[1A[2K[G.. ..                        Dependencies installing with npm...
[2K[1A[2K[G .. ..                       Dependencies installing with npm...
[2K[1A[2K[G. .. .                       Dependencies installing with npm...
[2K[1A[2K[G.. ..                        Dependencies installing with npm...
[2K[1A[2K[G .. ..                       Dependencies installing with npm...
[2K[1A[2K[G. .. .                       Dependencies installing with npm...
[2K[1A[2K[G.. ..                        Dependencies installing with npm...
[2K[1A[2K[G .. ..                       Dependencies installing with npm...
[2K[1A[2K[G. .. .                       Dependencies installing with npm...
[2K[1A[2K[G.. ..                        Dependencies installing with npm...
[2K[1A[2K[G .. ..                       Dependencies installing with npm...
[2K[1A[2K[G. .. .                       Dependencies installing with npm...
[2K[1A[2K[G.. ..                        Dependencies installing with npm...
[2K[1A[2K[G .. ..                       Dependencies installing with npm...
[2K[1A[2K[G. .. .                       Dependencies installing with npm...
[2K[1A[2K[G.. ..                        Dependencies installing with npm...
[2K[1A[2K[G .. ..                       Dependencies installing with npm...
[2K[1A[2K[G. .. .                       Dependencies installing with npm...
[2K[1A[2K[G.. ..                        Dependencies installing with npm...
[2K[1A[2K[G .. ..                       Dependencies installing with npm...
[2K[1A[2K[G. .. .                       Dependencies installing with npm...
[2K[1A[2K[G.. ..                        Dependencies installing with npm...
[2K[1A[2K[G .. ..                       Dependencies installing with npm...
[2K[1A[2K[G. .. .                       Dependencies installing with npm...
[2K[1A[2K[G.. ..                        Dependencies installing with npm...
[2K[1A[2K[G .. ..                       Dependencies installing with npm...
[2K[1A[2K[G. .. .                       Dependencies installing with npm...
[2K[1A[2K[G.. ..                        Dependencies installing with npm...
[2K[1A[2K[G .. ..                       Dependencies installing with npm...
[2K[1A[2K[G. .. .                       Dependencies installing with npm...
[2K[1A[2K[G.. ..                        Dependencies installing with npm...
[2K[1A[2K[G .. ..                       Dependencies installing with npm...
[2K[1A[2K[G. .. .                       Dependencies installing with npm...
[2K[1A[2K[G.. ..                        Dependencies installing with npm...
[2K[1A[2K[G .. ..                       Dependencies installing with npm...
[2K[1A[2K[G. .. .                       Dependencies installing with npm...
[2K[1A[2K[G.. ..                        Dependencies installing with npm...
[2K[1A[2K[G .. ..                       Dependencies installing with npm...
[2K[1A[2K[G. .. .                       Dependencies installing with npm...
[2K[1A[2K[G.. ..                        Dependencies installing with npm...
[2K[1A[2K[G .. ..                       Dependencies installing with npm...
[2K[1A[2K[G. .. .                       Dependencies installing with npm...
[2K[1A[2K[G.. ..                        Dependencies installing with npm...
[2K[1A[2K[G .. ..                       Dependencies installing with npm...
[2K[1A[2K[G. .. .                       Dependencies installing with npm...
[2K[1A[2K[G.. ..                        Dependencies installing with npm...
[2K[1A[2K[G .. ..                       Dependencies installing with npm...
[2K[1A[2K[G. .. .                       Dependencies installing with npm...
[2K[1A[2K[G.. ..                        Dependencies installing with npm...
[2K[1A[2K[G .. ..                       Dependencies installing with npm...
[2K[1A[2K[G. .. .                       Dependencies installing with npm...
[2K[1A[2K[G.. ..                        Dependencies installing with npm...
[2K[1A[2K[G .. ..                       Dependencies installing with npm...
[2K[1A[2K[G. .. .                       Dependencies installing with npm...
[2K[1A[2K[G.. ..                        Dependencies installing with npm...
[2K[1A[2K[G .. ..                       Dependencies installing with npm...
[2K[1A[2K[G. .. .                       Dependencies installing with npm...
[2K[1A[2K[G.. ..                        Dependencies installing with npm...
[2K[1A[2K[G .. ..                       Dependencies installing with npm...
[2K[1A[2K[G. .. .                       Dependencies installing with npm...
[2K[1A[2K[G.. ..                        Dependencies installing with npm...
[2K[1A[2K[G .. ..                       Dependencies installing with npm...
[2K[1A[2K[G. .. .                       Dependencies installing with npm...
[2K[1A[2K[G.. ..                        Dependencies installing with npm...
[2K[1A[2K[G .. ..                       Dependencies installing with npm...
[2K[1A[2K[G. .. .                       Dependencies installing with npm...
[2K[1A[2K[G.. ..                        Dependencies installing with npm...
[2K[1A[2K[G .. ..                       Dependencies installing with npm...
[2K[1A[2K[G. .. .                       Dependencies installing with npm...
[2K[1A[2K[G.. ..                        Dependencies installing with npm...
[2K[1A[2K[G .. ..                       Dependencies installing with npm...
[2K[1A[2K[G. .. .                       Dependencies installing with npm...
[2K[1A[2K[G.. ..                        Dependencies installing with npm...
[2K[1A[2K[G .. ..                       Dependencies installing with npm...
[2K[1A[2K[G. .. .                       Dependencies installing with npm...
[2K[1A[2K[G.. ..                        Dependencies installing with npm...
[2K[1A[2K[G .. ..                       Dependencies installing with npm...
[2K[1A[2K[G. .. .                       Dependencies installing with npm...
[2K[1A[2K[G.. ..                        Dependencies installing with npm...
[2K[1A[2K[G .. ..                       Dependencies installing with npm...
[2K[1A[2K[G. .. .                       Dependencies installing with npm...
[2K[1A[2K[G.. ..                        Dependencies installing with npm...
[2K[1A[2K[G .. ..                       Dependencies installing with npm...
[2K[1A[2K[G. .. .                       Dependencies installing with npm...
[2K[1A[2K[G.. ..                        Dependencies installing with npm...
[2K[1A[2K[G .. ..                       Dependencies installing with npm...
[2K[1A[2K[G. .. .                       Dependencies installing with npm...
[2K[1A[2K[G.. ..                        Dependencies installing with npm...
[2K[1A[2K[G .. ..                       Dependencies installing with npm...
[2K[1A[2K[G. .. .                       Dependencies installing with npm...
[2K[1A[2K[G.. ..                        Dependencies installing with npm...
[2K[1A[2K[G .. ..                       Dependencies installing with npm...
[2K[1A[2K[G. .. .                       Dependencies installing with npm...
[2K[1A[2K[G.. ..                        Dependencies installing with npm...
[2K[1A[2K[G .. ..                       Dependencies installing with npm...
[2K[1A[2K[G. .. .                       Dependencies installing with npm...
[2K[1A[2K[G.. ..                        Dependencies installing with npm...
[2K[1A[2K[G .. ..                       Dependencies installing with npm...
[2K[1A[2K[G. .. .                       Dependencies installing with npm...
[2K[1A[2K[G.. ..                        Dependencies installing with npm...
[2K[1A[2K[G .. ..                       Dependencies installing with npm...
[2K[1A[2K[G. .. .                       Dependencies installing with npm...
[2K[1A[2K[G.. ..                        Dependencies installing with npm...
[2K[1A[2K[G .. ..                       Dependencies installing with npm...
[2K[1A[2K[G. .. .                       Dependencies installing with npm...
[2K[1A[2K[G.. ..                        Dependencies installing with npm...
[2K[1A[2K[G .. ..                       Dependencies installing with npm...
[2K[1A[2K[G. .. .                       Dependencies installing with npm...
[2K[1A[2K[G.. ..                        Dependencies installing with npm...
[2K[1A[2K[G .. ..                       Dependencies installing with npm...
[2K[1A[2K[G. .. .                       Dependencies installing with npm...
[2K[1A[2K[G.. ..                        Dependencies installing with npm...
[2K[1A[2K[G .. ..                       Dependencies installing with npm...
[2K[1A[2K[G. .. .                       Dependencies installing with npm...
[2K[1A[2K[G.. ..                        Dependencies installing with npm...
[2K[1A[2K[G .. ..                       Dependencies installing with npm...
[2K[1A[2K[G. .. .                       Dependencies installing with npm...
[2K[1A[2K[G.. ..                        Dependencies installing with npm...
[2K[1A[2K[G .. ..                       Dependencies installing with npm...
[2K[1A[2K[G. .. .                       Dependencies installing with npm...
[2K[1A[2K[G.. ..                        Dependencies installing with npm...
[2K[1A[2K[G .. ..                       Dependencies installing with npm...
[2K[1A[2K[G. .. .                       Dependencies installing with npm...
[2K[1A[2K[G.. ..                        Dependencies installing with npm...
[2K[1A[2K[G .. ..                       Dependencies installing with npm...
[2K[1A[2K[G. .. .                       Dependencies installing with npm...
[2K[1A[2K[G.. ..                        Dependencies installing with npm...
[2K[1A[2K[G .. ..                       Dependencies installing with npm...
[2K[1A[2K[G. .. .                       Dependencies installing with npm...
[2K[1A[2K[G.. ..                        Dependencies installing with npm...
[2K[1A[2K[G .. ..                       Dependencies installing with npm...
[2K[1A[2K[G. .. .                       Dependencies installing with npm...
[2K[1A[2K[G.. ..                        Dependencies installing with npm...
[2K[1A[2K[G .. ..                       Dependencies installing with npm...
[2K[1A[2K[G. .. .                       Dependencies installing with npm...
[2K[1A[2K[G.. ..                        Dependencies installing with npm...
[2K[1A[2K[G .. ..                       Dependencies installing with npm...
[2K[1A[2K[G. .. .                       Dependencies installing with npm...
[2K[1A[2K[G.. ..                        Dependencies installing with npm...
[2K[1A[2K[G .. ..                       Dependencies installing with npm...
[2K[1A[2K[G. .. .                       Dependencies installing with npm...
[2K[1A[2K[G.. ..                        Dependencies installing with npm...
[2K[1A[2K[G .. ..                       Dependencies installing with npm...
[2K[1A[2K[G. .. .                       Dependencies installing with npm...
[2K[1A[2K[G.. ..                        Dependencies installing with npm...
[2K[1A[2K[G .. ..                       Dependencies installing with npm...
[2K[1A[2K[G. .. .                       Dependencies installing with npm...
[2K[1A[2K[G.. ..                        Dependencies installing with npm...
[2K[1A[2K[G .. ..                       Dependencies installing with npm...
[2K[1A[2K[G. .. .                       Dependencies installing with npm...
[2K[1A[2K[G.. ..                        Dependencies installing with npm...
[2K[1A[2K[G .. ..                       Dependencies installing with npm...
[2K[1A[2K[G. .. .                       Dependencies installing with npm...
[2K[1A[2K[G.. ..                        Dependencies installing with npm...
[2K[1A[2K[G .. ..                       Dependencies installing with npm...
[2K[1A[2K[G. .. .                       Dependencies installing with npm...
[2K[1A[2K[G.. ..                        Dependencies installing with npm...
[2K[1A[2K[G .. ..                       Dependencies installing with npm...
[2K[1A[2K[G. .. .                       Dependencies installing with npm...
[2K[1A[2K[G.. ..                        Dependencies installing with npm...
[2K[1A[2K[G .. ..                       Dependencies installing with npm...
[2K[1A[2K[G. .. .                       Dependencies installing with npm...
[2K[1A[2K[G.. ..                        Dependencies installing with npm...
[2K[1A[2K[G .. ..                       Dependencies installing with npm...
[2K[1A[2K[G. .. .                       Dependencies installing with npm...
[2K[1A[2K[G.. ..                        Dependencies installing with npm...
[2K[1A[2K[G .. ..                       Dependencies installing with npm...
[2K[1A[2K[G. .. .                       Dependencies installing with npm...
[2K[1A[2K[G.. ..                        Dependencies installing with npm...
[2K[1A[2K[G .. ..                       Dependencies installing with npm...
[2K[1A[2K[G. .. .                       Dependencies installing with npm...
[2K[1A[2K[G.. ..                        Dependencies installing with npm...
[2K[1A[2K[G .. ..                       Dependencies installing with npm...
[2K[1A[2K[G. .. .                       Dependencies installing with npm...
[2K[1A[2K[G.. ..                        Dependencies installing with npm...
[2K[1A[2K[G .. ..                       Dependencies installing with npm...
[2K[1A[2K[G. .. .                       Dependencies installing with npm...
[2K[1A[2K[G.. ..                        Dependencies installing with npm...
[2K[1A[2K[G .. ..                       Dependencies installing with npm...
[2K[1A[2K[G. .. .                       Dependencies installing with npm...
[2K[1A[2K[G.. ..                        Dependencies installing with npm...
[2K[1A[2K[G .. ..                       Dependencies installing with npm...
[2K[1A[2K[G. .. .                       Dependencies installing with npm...
[2K[1A[2K[G.. ..                        Dependencies installing with npm...
[2K[1A[2K[G .. ..                       Dependencies installing with npm...
[2K[1A[2K[G. .. .                       Dependencies installing with npm...
[2K[1A[2K[G.. ..                        Dependencies installing with npm...
[2K[1A[2K[G .. ..                       Dependencies installing with npm...
[2K[1A[2K[G. .. .                       Dependencies installing with npm...
[2K[1A[2K[G.. ..                        Dependencies installing with npm...
[2K[1A[2K[G .. ..                       Dependencies installing with npm...
[2K[1A[2K[G. .. .                       Dependencies installing with npm...
[2K[1A[2K[G.. ..                        Dependencies installing with npm...
[2K[1A[2K[G .. ..                       Dependencies installing with npm...
[2K[1A[2K[G. .. .                       Dependencies installing with npm...
[2K[1A[2K[G.. ..                        Dependencies installing with npm...
[2K[1A[2K[G .. ..                       Dependencies installing with npm...
[2K[1A[2K[G. .. .                       Dependencies installing with npm...
[2K[1A[2K[G.. ..                        Dependencies installing with npm...
[2K[1A[2K[G .. ..                       Dependencies installing with npm...
[2K[1A[2K[G. .. .                       Dependencies installing with npm...
[2K[1A[2K[G.. ..                        Dependencies installing with npm...
[2K[1A[2K[G .. ..                       Dependencies installing with npm...
[2K[1A[2K[G. .. .                       Dependencies installing with npm...
[2K[1A[2K[G.. ..                        Dependencies installing with npm...
[2K[1A[2K[G .. ..                       Dependencies installing with npm...
[2K[1A[2K[G. .. .                       Dependencies installing with npm...
[2K[1A[2K[G.. ..                        Dependencies installing with npm...
[2K[1A[2K[G .. ..                       Dependencies installing with npm...
[2K[1A[2K[G. .. .                       Dependencies installing with npm...
[2K[1A[2K[G.. ..                        Dependencies installing with npm...
[2K[1A[2K[G .. ..                       Dependencies installing with npm...
[2K[1A[2K[G. .. .                       Dependencies installing with npm...
[2K[1A[2K[G.. ..                        Dependencies installing with npm...
[2K[1A[2K[G .. ..                       Dependencies installing with npm...
[2K[1A[2K[G. .. .                       Dependencies installing with npm...
[2K[1A[2K[G.. ..                        Dependencies installing with npm...
[2K[1A[2K[G .. ..                       Dependencies installing with npm...
[2K[1A[2K[G. .. .                       Dependencies installing with npm...
[2K[1A[2K[G.. ..                        Dependencies installing with npm...
[2K[1A[2K[G .. ..                       Dependencies installing with npm...
[2K[1A[2K[G. .. .                       Dependencies installing with npm...
[2K[1A[2K[G.. ..                        Dependencies installing with npm...
[2K[1A[2K[G .. ..                       Dependencies installing with npm...
[2K[1A[2K[G. .. .                       Dependencies installing with npm...
[2K[1A[2K[G.. ..                        Dependencies installing with npm...
[2K[1A[2K[G .. ..                       Dependencies installing with npm...
[2K[1A[2K[G. .. .                       Dependencies installing with npm...
[2K[1A[2K[G.. ..                        Dependencies installing with npm...
[2K[1A[2K[G .. ..                       Dependencies installing with npm...
[2K[1A[2K[G. .. .                       Dependencies installing with npm...
[2K[1A[2K[G.. ..                        Dependencies installing with npm...
[2K[1A[2K[G .. ..                       Dependencies installing with npm...
[2K[1A[2K[G. .. .                       Dependencies installing with npm...
[2K[1A[2K[G.. ..                        Dependencies installing with npm...
[2K[1A[2K[G .. ..                       Dependencies installing with npm...
[2K[1A[2K[G. .. .                       Dependencies installing with npm...
[2K[1A[2K[G.. ..                        Dependencies installing with npm...
[2K[1A[2K[G .. ..                       Dependencies installing with npm...
[2K[1A[2K[G. .. .                       Dependencies installing with npm...
[2K[1A[2K[G.. ..                        Dependencies installing with npm...
[2K[1A[2K[G .. ..                       Dependencies installing with npm...
[2K[1A[2K[G. .. .                       Dependencies installing with npm...
[2K[1A[2K[G.. ..                        Dependencies installing with npm...
[2K[1A[2K[G .. ..                       Dependencies installing with npm...
[2K[1A[2K[G. .. .                       Dependencies installing with npm...
[2K[1A[2K[G.. ..                        Dependencies installing with npm...
[2K[1A[2K[G .. ..                       Dependencies installing with npm...
[2K[1A[2K[G. .. .                       Dependencies installing with npm...
[2K[1A[2K[G.. ..                        Dependencies installing with npm...
[2K[1A[2K[G .. ..                       Dependencies installing with npm...
[2K[1A[2K[G. .. .                       Dependencies installing with npm...
[2K[1A[2K[G.. ..                        Dependencies installing with npm...
[2K[1A[2K[G .. ..                       Dependencies installing with npm...
[2K[1A[2K[G. .. .                       Dependencies installing with npm...
[2K[1A[2K[G.. ..                        Dependencies installing with npm...
[2K[1A[2K[G .. ..                       Dependencies installing with npm...
[2K[1A[2K[G. .. .                       Dependencies installing with npm...
[2K[1A[2K[G.. ..                        Dependencies installing with npm...
[2K[1A[2K[G .. ..                       Dependencies installing with npm...
[2K[1A[2K[G. .. .                       Dependencies installing with npm...
[2K[1A[2K[G.. ..                        Dependencies installing with npm...
[2K[1A[2K[G .. ..                       Dependencies installing with npm...
[2K[1A[2K[G. .. .                       Dependencies installing with npm...
[2K[1A[2K[G.. ..                        Dependencies installing with npm...
[2K[1A[2K[G .. ..                       Dependencies installing with npm...
[2K[1A[2K[G. .. .                       Dependencies installing with npm...
[2K[1A[2K[G.. ..                        Dependencies installing with npm...
[2K[1A[2K[G .. ..                       Dependencies installing with npm...
[2K[1A[2K[G. .. .                       Dependencies installing with npm...
[2K[1A[2K[G.. ..                        Dependencies installing with npm...
[2K[1A[2K[G .. ..                       Dependencies installing with npm...
[2K[1A[2K[G. .. .                       Dependencies installing with npm...
[2K[1A[2K[G.. ..                        Dependencies installing with npm...
[2K[1A[2K[G .. ..                       Dependencies installing with npm...
[2K[1A[2K[G. .. .                       Dependencies installing with npm...
[2K[1A[2K[G.. ..                        Dependencies installing with npm...
[2K[1A[2K[G .. ..                       Dependencies installing with npm...
[2K[1A[2K[G. .. .                       Dependencies installing with npm...
[2K[1A[2K[G.. ..                        Dependencies installing with npm...
[2K[1A[2K[G .. ..                       Dependencies installing with npm...
[2K[1A[2K[G. .. .                       Dependencies installing with npm...
[2K[1A[2K[G.. ..                        Dependencies installing with npm...
[2K[1A[2K[G .. ..                       Dependencies installing with npm...
[2K[1A[2K[G. .. .                       Dependencies installing with npm...
[2K[1A[2K[G.. ..                        Dependencies installing with npm...
[2K[1A[2K[G .. ..                       Dependencies installing with npm...
[2K[1A[2K[G. .. .                       Dependencies installing with npm...
[2K[1A[2K[G.. ..                        Dependencies installing with npm...
[2K[1A[2K[G .. ..                       Dependencies installing with npm...
[2K[1A[2K[G. .. .                       Dependencies installing with npm...
[2K[1A[2K[G.. ..                        Dependencies installing with npm...
[2K[1A[2K[G .. ..                       Dependencies installing with npm...
[2K[1A[2K[G. .. .                       Dependencies installing with npm...
[2K[1A[2K[G.. ..                        Dependencies installing with npm...
[2K[1A[2K[G .. ..                       Dependencies installing with npm...
[2K[1A[2K[G. .. .                       Dependencies installing with npm...
[2K[1A[2K[G.. ..                        Dependencies installing with npm...
[2K[1A[2K[G .. ..                       Dependencies installing with npm...
[2K[1A[2K[G. .. .                       Dependencies installing with npm...
[2K[1A[2K[G.. ..                        Dependencies installing with npm...
[2K[1A[2K[G .. ..                       Dependencies installing with npm...
[2K[1A[2K[G. .. .                       Dependencies installing with npm...
[2K[1A[2K[G.. ..                        Dependencies installing with npm...
[2K[1A[2K[G .. ..                       Dependencies installing with npm...
[2K[1A[2K[G. .. .                       Dependencies installing with npm...
[2K[1A[2K[G.. ..                        Dependencies installing with npm...
[2K[1A[2K[G .. ..                       Dependencies installing with npm...
[2K[1A[2K[G. .. .                       Dependencies installing with npm...
[2K[1A[2K[G.. ..                        Dependencies installing with npm...
[2K[1A[2K[G .. ..                       Dependencies installing with npm...
[2K[1A[2K[G. .. .                       Dependencies installing with npm...
[2K[1A[2K[G.. ..                        Dependencies installing with npm...
[2K[1A[2K[G .. ..                       Dependencies installing with npm...
[2K[1A[2K[G. .. .                       Dependencies installing with npm...
[2K[1A[2K[G.. ..                        Dependencies installing with npm...
[2K[1A[2K[G .. ..                       Dependencies installing with npm...
[2K[1A[2K[G. .. .                       Dependencies installing with npm...
[2K[1A[2K[G.. ..                        Dependencies installing with npm...
[2K[1A[2K[G .. ..                       Dependencies installing with npm...
[2K[1A[2K[G. .. .                       Dependencies installing with npm...
[2K[1A[2K[G.. ..                        Dependencies installing with npm...
[2K[1A[2K[G .. ..                       Dependencies installing with npm...
[2K[1A[2K[G. .. .                       Dependencies installing with npm...
[2K[1A[2K[G.. ..                        Dependencies installing with npm...
[2K[1A[2K[G .. ..                       Dependencies installing with npm...
[2K[1A[2K[G. .. .                       Dependencies installing with npm...
[2K[1A[2K[G.. ..                        Dependencies installing with npm...
[2K[1A[2K[G .. ..                       Dependencies installing with npm...
[2K[1A[2K[G. .. .                       Dependencies installing with npm...
[2K[1A[2K[G.. ..                        Dependencies installing with npm...
[2K[1A[2K[G .. ..                       Dependencies installing with npm...
[2K[1A[2K[G. .. .                       Dependencies installing with npm...
[2K[1A[2K[G.. ..                        Dependencies installing with npm...
[2K[1A[2K[G .. ..                       Dependencies installing with npm...
[2K[1A[2K[G. .. .                       Dependencies installing with npm...
[2K[1A[2K[G.. ..                        Dependencies installing with npm...
[2K[1A[2K[G .. ..                       Dependencies installing with npm...
[2K[1A[2K[G. .. .                       Dependencies installing with npm...
[2K[1A[2K[G.. ..                        Dependencies installing with npm...
[2K[1A[2K[G .. ..                       Dependencies installing with npm...
[2K[1A[2K[G. .. .                       Dependencies installing with npm...
[2K[1A[2K[G.. ..                        Dependencies installing with npm...
[2K[1A[2K[G .. ..                       Dependencies installing with npm...
[2K[1A[2K[G. .. .                       Dependencies installing with npm...
[2K[1A[2K[G.. ..                        Dependencies installing with npm...
[2K[1A[2K[G .. ..                       Dependencies installing with npm...
[2K[1A[2K[G. .. .                       Dependencies installing with npm...
[2K[1A[2K[G.. ..                        Dependencies installing with npm...
[2K[1A[2K[G .. ..                       Dependencies installing with npm...
[2K[1A[2K[G. .. .                       Dependencies installing with npm...
[2K[1A[2K[G.. ..                        Dependencies installing with npm...
[2K[1A[2K[G .. ..                       Dependencies installing with npm...
[2K[1A[2K[G. .. .                       Dependencies installing with npm...
[2K[1A[2K[G.. ..                        Dependencies installing with npm...
[2K[1A[2K[G .. ..                       Dependencies installing with npm...
[2K[1A[2K[G. .. .                       Dependencies installing with npm...
[2K[1A[2K[G.. ..                        Dependencies installing with npm...
[2K[1A[2K[G .. ..                       Dependencies installing with npm...
[2K[1A[2K[G. .. .                       Dependencies installing with npm...
[2K[1A[2K[G.. ..                        Dependencies installing with npm...
[2K[1A[2K[G .. ..                       Dependencies installing with npm...
[2K[1A[2K[G. .. .                       Dependencies installing with npm...
[2K[1A[2K[G.. ..                        Dependencies installing with npm...
[2K[1A[2K[G .. ..                       Dependencies installing with npm...
[2K[1A[2K[G. .. .                       Dependencies installing with npm...
[2K[1A[2K[G.. ..                        Dependencies installing with npm...
[2K[1A[2K[G .. ..                       Dependencies installing with npm...
[2K[1A[2K[G. .. .                       Dependencies installing with npm...
[2K[1A[2K[G.. ..                        Dependencies installing with npm...
[2K[1A[2K[G .. ..                       Dependencies installing with npm...
[2K[1A[2K[G. .. .                       Dependencies installing with npm...
[2K[1A[2K[G.. ..                        Dependencies installing with npm...
[2K[1A[2K[G .. ..                       Dependencies installing with npm...
[2K[1A[2K[G. .. .                       Dependencies installing with npm...
[2K[1A[2K[G.. ..                        Dependencies installing with npm...
[2K[1A[2K[G .. ..                       Dependencies installing with npm...
[2K[1A[2K[G. .. .                       Dependencies installing with npm...
[2K[1A[2K[G.. ..                        Dependencies installing with npm...
[2K[1A[2K[G .. ..                       Dependencies installing with npm...
[2K[1A[2K[G. .. .                       Dependencies installing with npm...
[2K[1A[2K[G.. ..                        Dependencies installing with npm...
[2K[1A[2K[G .. ..                       Dependencies installing with npm...
[2K[1A[2K[G. .. .                       Dependencies installing with npm...
[2K[1A[2K[G.. ..                        Dependencies installing with npm...
[2K[1A[2K[G .. ..                       Dependencies installing with npm...
[2K[1A[2K[G. .. .                       Dependencies installing with npm...
[2K[1A[2K[G.. ..                        Dependencies installing with npm...
[2K[1A[2K[G .. ..                       Dependencies installing with npm...
[2K[1A[2K[G. .. .                       Dependencies installing with npm...
[2K[1A[2K[G.. ..                        Dependencies installing with npm...
[2K[1A[2K[G .. ..                       Dependencies installing with npm...
[2K[1A[2K[G. .. .                       Dependencies installing with npm...
[2K[1A[2K[G.. ..                        Dependencies installing with npm...
[2K[1A[2K[G .. ..                       Dependencies installing with npm...
[2K[1A[2K[G. .. .                       Dependencies installing with npm...
[2K[1A[2K[G.. ..                        Dependencies installing with npm...
[2K[1A[2K[G .. ..                       Dependencies installing with npm...
[2K[1A[2K[G. .. .                       Dependencies installing with npm...
[2K[1A[2K[G.. ..                        Dependencies installing with npm...
[2K[1A[2K[G .. ..                       Dependencies installing with npm...
[2K[1A[2K[G. .. .                       Dependencies installing with npm...
[2K[1A[2K[G.. ..                        Dependencies installing with npm...
[2K[1A[2K[G .. ..                       Dependencies installing with npm...
[2K[1A[2K[G. .. .                       Dependencies installing with npm...
[2K[1A[2K[G.. ..                        Dependencies installing with npm...
[2K[1A[2K[G .. ..                       Dependencies installing with npm...
[2K[1A[2K[G. .. .                       Dependencies installing with npm...
[2K[1A[2K[G.. ..                        Dependencies installing with npm...
[2K[1A[2K[G .. ..                       Dependencies installing with npm...
[2K[1A[2K[G. .. .                       Dependencies installing with npm...
[2K[1A[2K[G.. ..                        Dependencies installing with npm...
[2K[1A[2K[G .. ..                       Dependencies installing with npm...
[2K[1A[2K[G. .. .                       Dependencies installing with npm...
[2K[1A[2K[G.. ..                        Dependencies installing with npm...
[2K[1A[2K[G .. ..                       Dependencies installing with npm...
[2K[1A[2K[G. .. .                       Dependencies installing with npm...
[2K[1A[2K[G.. ..                        Dependencies installing with npm...
[2K[1A[2K[G .. ..                       Dependencies installing with npm...
[2K[1A[2K[G. .. .                       Dependencies installing with npm...
[2K[1A[2K[G.. ..                        Dependencies installing with npm...
[2K[1A[2K[G .. ..                       Dependencies installing with npm...
[2K[1A[2K[G. .. .                       Dependencies installing with npm...
[2K[1A[2K[G.. ..                        Dependencies installing with npm...
[2K[1A[2K[G .. ..                       Dependencies installing with npm...
[2K[1A[2K[G. .. .                       Dependencies installing with npm...
[2K[1A[2K[G.. ..                        Dependencies installing with npm...
[2K[1A[2K[G .. ..                       Dependencies installing with npm...
[2K[1A[2K[G. .. .                       Dependencies installing with npm...
[2K[1A[2K[G.. ..                        Dependencies installing with npm...
[2K[1A[2K[G .. ..                       Dependencies installing with npm...
[2K[1A[2K[G. .. .                       Dependencies installing with npm...
[2K[1A[2K[G.. ..                        Dependencies installing with npm...
[2K[1A[2K[G .. ..                       Dependencies installing with npm...
[2K[1A[2K[G. .. .                       Dependencies installing with npm...
[2K[1A[2K[G.. ..                        Dependencies installing with npm...
[2K[1A[2K[G .. ..                       Dependencies installing with npm...
[2K[1A[2K[G. .. .                       Dependencies installing with npm...
[2K[1A[2K[G.. ..                        Dependencies installing with npm...
[2K[1A[2K[G .. ..                       Dependencies installing with npm...
[2K[1A[2K[G. .. .                       Dependencies installing with npm...
[2K[1A[2K[G.. ..                        Dependencies installing with npm...
[2K[1A[2K[G .. ..                       Dependencies installing with npm...
[2K[1A[2K[G. .. .                       Dependencies installing with npm...
[2K[1A[2K[G.. ..                        Dependencies installing with npm...
[2K[1A[2K[G .. ..                       Dependencies installing with npm...
[2K[1A[2K[G. .. .                       Dependencies installing with npm...
[2K[1A[2K[G.. ..                        Dependencies installing with npm...
[2K[1A[2K[G .. ..                       Dependencies installing with npm...
[2K[1A[2K[G. .. .                       Dependencies installing with npm...
[2K[1A[2K[G.. ..                        Dependencies installing with npm...
[2K[1A[2K[G .. ..                       Dependencies installing with npm...
[2K[1A[2K[G. .. .                       Dependencies installing with npm...
[2K[1A[2K[G.. ..                        Dependencies installing with npm...
[2K[1A[2K[G .. ..                       Dependencies installing with npm...
[2K[1A[2K[G. .. .                       Dependencies installing with npm...
[2K[1A[2K[G.. ..                        Dependencies installing with npm...
[2K[1A[2K[G .. ..                       Dependencies installing with npm...
[2K[1A[2K[G. .. .                       Dependencies installing with npm...
[2K[1A[2K[G.. ..                        Dependencies installing with npm...
[2K[1A[2K[G .. ..                       Dependencies installing with npm...
[2K[1A[2K[G. .. .                       Dependencies installing with npm...
[2K[1A[2K[G.. ..                        Dependencies installing with npm...
[2K[1A[2K[G .. ..                       Dependencies installing with npm...
[2K[1A[2K[G. .. .                       Dependencies installing with npm...
[2K[1A[2K[G.. ..                        Dependencies installing with npm...
[2K[1A[2K[G .. ..                       Dependencies installing with npm...
[2K[1A[2K[G. .. .                       Dependencies installing with npm...
[2K[1A[2K[G.. ..                        Dependencies installing with npm...
[2K[1A[2K[G .. ..                       Dependencies installing with npm...
[2K[1A[2K[G. .. .                       Dependencies installing with npm...
[2K[1A[2K[G.. ..                        Dependencies installing with npm...
[2K[1A[2K[G .. ..                       Dependencies installing with npm...
[2K[1A[2K[G. .. .                       Dependencies installing with npm...
[2K[1A[2K[G.. ..                        Dependencies installing with npm...
[2K[1A[2K[G .. ..                       Dependencies installing with npm...
[2K[1A[2K[G. .. .                       Dependencies installing with npm...
[2K[1A[2K[G.. ..                        Dependencies installing with npm...
[2K[1A[2K[G .. ..                       Dependencies installing with npm...
[2K[1A[2K[G. .. .                       Dependencies installing with npm...
[2K[1A[2K[G.. ..                        Dependencies installing with npm...
[2K[1A[2K[G .. ..                       Dependencies installing with npm...
[2K[1A[2K[G. .. .                       Dependencies installing with npm...
[2K[1A[2K[G.. ..                        Dependencies installing with npm...
[2K[1A[2K[G .. ..                       Dependencies installing with npm...
[2K[1A[2K[G. .. .                       Dependencies installing with npm...
[2K[1A[2K[G.. ..                        Dependencies installing with npm...
[2K[1A[2K[G .. ..                       Dependencies installing with npm...
[2K[1A[2K[G. .. .                       Dependencies installing with npm...
[2K[1A[2K[G.. ..                        Dependencies installing with npm...
[2K[1A[2K[G .. ..                       Dependencies installing with npm...
[2K[1A[2K[G. .. .                       Dependencies installing with npm...
[2K[1A[2K[G.. ..                        Dependencies installing with npm...
[2K[1A[2K[G .. ..                       Dependencies installing with npm...
[2K[1A[2K[G. .. .                       Dependencies installing with npm...
[2K[1A[2K[G.. ..                        Dependencies installing with npm...
[2K[1A[2K[G .. ..                       Dependencies installing with npm...
[2K[1A[2K[G. .. .                       Dependencies installing with npm...
[2K[1A[2K[G.. ..                        Dependencies installing with npm...
[2K[1A[2K[G .. ..                       Dependencies installing with npm...
[2K[1A[2K[G. .. .                       Dependencies installing with npm...
[2K[1A[2K[G.. ..                        Dependencies installing with npm...
[2K[1A[2K[G .. ..                       Dependencies installing with npm...
[2K[1A[2K[G. .. .                       Dependencies installing with npm...
[2K[1A[2K[G.. ..                        Dependencies installing with npm...
[2K[1A[2K[G .. ..                       Dependencies installing with npm...
[2K[1A[2K[G. .. .                       Dependencies installing with npm...
[2K[1A[2K[G.. ..                        Dependencies installing with npm...
[2K[1A[2K[G .. ..                       Dependencies installing with npm...
[2K[1A[2K[G. .. .                       Dependencies installing with npm...
[2K[1A[2K[G.. ..                        Dependencies installing with npm...
[2K[1A[2K[G .. ..                       Dependencies installing with npm...
[2K[1A[2K[G. .. .                       Dependencies installing with npm...
[2K[1A[2K[G.. ..                        Dependencies installing with npm...
[2K[1A[2K[G .. ..                       Dependencies installing with npm...
[2K[1A[2K[G. .. .                       Dependencies installing with npm...
[2K[1A[2K[G.. ..                        Dependencies installing with npm...
[2K[1A[2K[G .. ..                       Dependencies installing with npm...
[2K[1A[2K[G. .. .                       Dependencies installing with npm...
[2K[1A[2K[G.. ..                        Dependencies installing with npm...
[2K[1A[2K[G .. ..                       Dependencies installing with npm...
[2K[1A[2K[G. .. .                       Dependencies installing with npm...
[2K[1A[2K[G.. ..                        Dependencies installing with npm...
[2K[1A[2K[G .. ..                       Dependencies installing with npm...
[2K[1A[2K[G. .. .                       Dependencies installing with npm...
[2K[1A[2K[G.. ..                        Dependencies installing with npm...
[2K[1A[2K[G .. ..                       Dependencies installing with npm...
[2K[1A[2K[G. .. .                       Dependencies installing with npm...
[2K[1A[2K[G.. ..                        Dependencies installing with npm...
[2K[1A[2K[G .. ..                       Dependencies installing with npm...
[2K[1A[2K[G. .. .                       Dependencies installing with npm...
[2K[1A[2K[G.. ..                        Dependencies installing with npm...
[2K[1A[2K[G .. ..                       Dependencies installing with npm...
[2K[1A[2K[G. .. .                       Dependencies installing with npm...
[2K[1A[2K[G.. ..                        Dependencies installing with npm...
[2K[1A[2K[G .. ..                       Dependencies installing with npm...
[2K[1A[2K[G. .. .                       Dependencies installing with npm...
[2K[1A[2K[G.. ..                        Dependencies installing with npm...
[2K[1A[2K[G .. ..                       Dependencies installing with npm...
[2K[1A[2K[G. .. .                       Dependencies installing with npm...
[2K[1A[2K[G.. ..                        Dependencies installing with npm...
[2K[1A[2K[G .. ..                       Dependencies installing with npm...
[2K[1A[2K[G. .. .                       Dependencies installing with npm...
[2K[1A[2K[G.. ..                        Dependencies installing with npm...
[2K[1A[2K[G .. ..                       Dependencies installing with npm...
[2K[1A[2K[G. .. .                       Dependencies installing with npm...
[2K[1A[2K[G.. ..                        Dependencies installing with npm...
[2K[1A[2K[G .. ..                       Dependencies installing with npm...
[2K[1A[2K[G. .. .                       Dependencies installing with npm...
[2K[1A[2K[G.. ..                        Dependencies installing with npm...
[2K[1A[2K[G .. ..                       Dependencies installing with npm...
[2K[1A[2K[G. .. .                       Dependencies installing with npm...
[2K[1A[2K[G.. ..                        Dependencies installing with npm...
[2K[1A[2K[G .. ..                       Dependencies installing with npm...
[2K[1A[2K[G. .. .                       Dependencies installing with npm...
[2K[1A[2K[G.. ..                        Dependencies installing with npm...
[2K[1A[2K[G .. ..                       Dependencies installing with npm...
[2K[1A[2K[G. .. .                       Dependencies installing with npm...
[2K[1A[2K[G.. ..                        Dependencies installing with npm...
[2K[1A[2K[G .. ..                       Dependencies installing with npm...
[2K[1A[2K[G. .. .                       Dependencies installing with npm...
[2K[1A[2K[G.. ..                        Dependencies installing with npm...
[2K[1A[2K[G .. ..                       Dependencies installing with npm...
[2K[1A[2K[G. .. .                       Dependencies installing with npm...
[2K[1A[2K[G.. ..                        Dependencies installing with npm...
[2K[1A[2K[G .. ..                       Dependencies installing with npm...
[2K[1A[2K[G. .. .                       Dependencies installing with npm...
[2K[1A[2K[G.. ..                        Dependencies installing with npm...
[2K[1A[2K[G .. ..                       Dependencies installing with npm...
[2K[1A[2K[G. .. .                       Dependencies installing with npm...
[2K[1A[2K[G.. ..                        Dependencies installing with npm...
[2K[1A[2K[G .. ..                       Dependencies installing with npm...
[2K[1A[2K[G. .. .                       Dependencies installing with npm...
[2K[1A[2K[G.. ..                        Dependencies installing with npm...
[2K[1A[2K[G .. ..                       Dependencies installing with npm...
[2K[1A[2K[G. .. .                       Dependencies installing with npm...
[2K[1A[2K[G.. ..                        Dependencies installing with npm...
[2K[1A[2K[G .. ..                       Dependencies installing with npm...
[2K[1A[2K[G. .. .                       Dependencies installing with npm...
[2K[1A[2K[G.. ..                        Dependencies installing with npm...
[2K[1A[2K[G .. ..                       Dependencies installing with npm...
[2K[1A[2K[G. .. .                       Dependencies installing with npm...
[2K[1A[2K[G.. ..                        Dependencies installing with npm...
[2K[1A[2K[G .. ..                       Dependencies installing with npm...
[2K[1A[2K[G. .. .                       Dependencies installing with npm...
[2K[1A[2K[G.. ..                        Dependencies installing with npm...
[2K[1A[2K[G .. ..                       Dependencies installing with npm...
[2K[1A[2K[G. .. .                       Dependencies installing with npm...
[2K[1A[2K[G.. ..                        Dependencies installing with npm...
[2K[1A[2K[G .. ..                       Dependencies installing with npm...
[2K[1A[2K[G. .. .                       Dependencies installing with npm...
[2K[1A[2K[G.. ..                        Dependencies installing with npm...
[2K[1A[2K[G .. ..                       Dependencies installing with npm...
[2K[1A[2K[G. .. .                       Dependencies installing with npm...
[2K[1A[2K[G.. ..                        Dependencies installing with npm...
[2K[1A[2K[G .. ..                       Dependencies installing with npm...
[2K[1A[2K[G. .. .                       Dependencies installing with npm...
[2K[1A[2K[G.. ..                        Dependencies installing with npm...
[2K[1A[2K[G .. ..                       Dependencies installing with npm...
[2K[1A[2K[G. .. .                       Dependencies installing with npm...
[2K[1A[2K[G.. ..                        Dependencies installing with npm...
[2K[1A[2K[G .. ..                       Dependencies installing with npm...
[2K[1A[2K[G. .. .                       Dependencies installing with npm...
[2K[1A[2K[G.. ..                        Dependencies installing with npm...
[2K[1A[2K[G .. ..                       Dependencies installing with npm...
[2K[1A[2K[G. .. .                       Dependencies installing with npm...
[2K[1A[2K[G.. ..                        Dependencies installing with npm...
[2K[1A[2K[G .. ..                       Dependencies installing with npm...
[2K[1A[2K[G. .. .                       Dependencies installing with npm...
[2K[1A[2K[G.. ..                        Dependencies installing with npm...
[2K[1A[2K[G .. ..                       Dependencies installing with npm...
[2K[1A[2K[G. .. .                       Dependencies installing with npm...
[2K[1A[2K[G.. ..                        Dependencies installing with npm...
[2K[1A[2K[G .. ..                       Dependencies installing with npm...
[2K[1A[2K[G. .. .                       Dependencies installing with npm...
[2K[1A[2K[G.. ..                        Dependencies installing with npm...
[2K[1A[2K[G .. ..                       Dependencies installing with npm...
[2K[1A[2K[G. .. .                       Dependencies installing with npm...
[2K[1A[2K[G.. ..                        Dependencies installing with npm...
[2K[1A[2K[G .. ..                       Dependencies installing with npm...
[2K[1A[2K[G. .. .                       Dependencies installing with npm...
[2K[1A[2K[G.. ..                        Dependencies installing with npm...
[2K[1A[2K[G .. ..                       Dependencies installing with npm...
[2K[1A[2K[G. .. .                       Dependencies installing with npm...
[2K[1A[2K[G.. ..                        Dependencies installing with npm...
[2K[1A[2K[G .. ..                       Dependencies installing with npm...
[2K[1A[2K[G. .. .                       Dependencies installing with npm...
[2K[1A[2K[G.. ..                        Dependencies installing with npm...
[2K[1A[2K[G .. ..                       Dependencies installing with npm...
[2K[1A[2K[G. .. .                       Dependencies installing with npm...
[2K[1A[2K[G.. ..                        Dependencies installing with npm...
[2K[1A[2K[G .. ..                       Dependencies installing with npm...
[2K[1A[2K[G. .. .                       Dependencies installing with npm...
[2K[1A[2K[G.. ..                        Dependencies installing with npm...
[2K[1A[2K[G .. ..                       Dependencies installing with npm...
[2K[1A[2K[G. .. .                       Dependencies installing with npm...
[2K[1A[2K[G.. ..                        Dependencies installing with npm...
[2K[1A[2K[G .. ..                       Dependencies installing with npm...
[2K[1A[2K[G. .. .                       Dependencies installing with npm...
[2K[1A[2K[G.. ..                        Dependencies installing with npm...
[2K[1A[2K[G .. ..                       Dependencies installing with npm...
[2K[1A[2K[G. .. .                       Dependencies installing with npm...
[2K[1A[2K[G.. ..                        Dependencies installing with npm...
[2K[1A[2K[G .. ..                       Dependencies installing with npm...
[2K[1A[2K[G. .. .                       Dependencies installing with npm...
[2K[1A[2K[G.. ..                        Dependencies installing with npm...
[2K[1A[2K[G .. ..                       Dependencies installing with npm...
[2K[1A[2K[G. .. .                       Dependencies installing with npm...
[2K[1A[2K[G.. ..                        Dependencies installing with npm...
[2K[1A[2K[G .. ..                       Dependencies installing with npm...
[2K[1A[2K[G. .. .                       Dependencies installing with npm...
[2K[1A[2K[G.. ..                        Dependencies installing with npm...
[2K[1A[2K[G .. ..                       Dependencies installing with npm...
[2K[1A[2K[G. .. .                       Dependencies installing with npm...
[2K[1A[2K[G.. ..                        Dependencies installing with npm...
[2K[1A[2K[G .. ..                       Dependencies installing with npm...
[2K[1A[2K[G. .. .                       Dependencies installing with npm...
[2K[1A[2K[G.. ..                        Dependencies installing with npm...
[2K[1A[2K[G .. ..                       Dependencies installing with npm...
[2K[1A[2K[G. .. .                       Dependencies installing with npm...
[2K[1A[2K[G.. ..                        Dependencies installing with npm...
[2K[1A[2K[G .. ..                       Dependencies installing with npm...
[2K[1A[2K[G. .. .                       Dependencies installing with npm...
[2K[1A[2K[G.. ..                        Dependencies installing with npm...
[2K[1A[2K[G .. ..                       Dependencies installing with npm...
[2K[1A[2K[G. .. .                       Dependencies installing with npm...
[2K[1A[2K[G.. ..                        Dependencies installing with npm...
[2K[1A[2K[G .. ..                       Dependencies installing with npm...
[2K[1A[2K[G. .. .                       Dependencies installing with npm...
[2K[1A[2K[G.. ..                        Dependencies installing with npm...
[2K[1A[2K[G .. ..                       Dependencies installing with npm...
[2K[1A[2K[G. .. .                       Dependencies installing with npm...
[2K[1A[2K[G.. ..                        Dependencies installing with npm...
[2K[1A[2K[G .. ..                       Dependencies installing with npm...
[2K[1A[2K[G. .. .                       Dependencies installing with npm...
[2K[1A[2K[G.. ..                        Dependencies installing with npm...
[2K[1A[2K[G .. ..                       Dependencies installing with npm...
[2K[1A[2K[G. .. .                       Dependencies installing with npm...
[2K[1A[2K[G.. ..                        Dependencies installing with npm...
[2K[1A[2K[G .. ..                       Dependencies installing with npm...
[2K[1A[2K[G. .. .                       Dependencies installing with npm...
[2K[1A[2K[G.. ..                        Dependencies installing with npm...
[2K[1A[2K[G .. ..                       Dependencies installing with npm...
[2K[1A[2K[G. .. .                       Dependencies installing with npm...
[2K[1A[2K[G.. ..                        Dependencies installing with npm...
[2K[1A[2K[G .. ..                       Dependencies installing with npm...
[2K[1A[2K[G. .. .                       Dependencies installing with npm...
[2K[1A[2K[G.. ..                        Dependencies installing with npm...
[2K[1A[2K[G .. ..                       Dependencies installing with npm...
[2K[1A[2K[G. .. .                       Dependencies installing with npm...
[2K[1A[2K[G.. ..                        Dependencies installing with npm...
[2K[1A[2K[G .. ..                       Dependencies installing with npm...
[2K[1A[2K[G. .. .                       Dependencies installing with npm...
[2K[1A[2K[G.. ..                        Dependencies installing with npm...
[2K[1A[2K[G .. ..                       Dependencies installing with npm...
[2K[1A[2K[G. .. .                       Dependencies installing with npm...
[2K[1A[2K[G.. ..                        Dependencies installing with npm...
[2K[1A[2K[G .. ..                       Dependencies installing with npm...
[2K[1A[2K[G. .. .                       Dependencies installing with npm...
[2K[1A[2K[G.. ..                        Dependencies installing with npm...
[2K[1A[2K[G .. ..                       Dependencies installing with npm...
[2K[1A[2K[G. .. .                       Dependencies installing with npm...
[2K[1A[2K[G.. ..                        Dependencies installing with npm...
[2K[1A[2K[G .. ..                       Dependencies installing with npm...
[2K[1A[2K[G. .. .                       Dependencies installing with npm...
[2K[1A[2K[G.. ..                        Dependencies installing with npm...
[2K[1A[2K[G .. ..                       Dependencies installing with npm...
[2K[1A[2K[G. .. .                       Dependencies installing with npm...
[2K[1A[2K[G.. ..                        Dependencies installing with npm...
[2K[1A[2K[G .. ..                       Dependencies installing with npm...
[2K[1A[2K[G. .. .                       Dependencies installing with npm...
[2K[1A[2K[G.. ..                        Dependencies installing with npm...
[2K[1A[2K[G .. ..                       Dependencies installing with npm...
[2K[1A[2K[G. .. .                       Dependencies installing with npm...
[2K[1A[2K[G.. ..                        Dependencies installing with npm...
[2K[1A[2K[G .. ..                       Dependencies installing with npm...
[2K[1A[2K[G. .. .                       Dependencies installing with npm...
[2K[1A[2K[G.. ..                        Dependencies installing with npm...
[2K[1A[2K[G .. ..                       Dependencies installing with npm...
[2K[1A[2K[G. .. .                       Dependencies installing with npm...
[2K[1A[2K[G.. ..                        Dependencies installing with npm...
[2K[1A[2K[G .. ..                       Dependencies installing with npm...
[2K[1A[2K[G. .. .                       Dependencies installing with npm...
[2K[1A[2K[G.. ..                        Dependencies installing with npm...
[2K[1A[2K[G .. ..                       Dependencies installing with npm...
[2K[1A[2K[G. .. .                       Dependencies installing with npm...
[2K[1A[2K[G.. ..                        Dependencies installing with npm...
[2K[1A[2K[G .. ..                       Dependencies installing with npm...
[2K[1A[2K[G. .. .                       Dependencies installing with npm...
[2K[1A[2K[G.. ..                        Dependencies installing with npm...
[2K[1A[2K[G .. ..                       Dependencies installing with npm...
[2K[1A[2K[G. .. .                       Dependencies installing with npm...
[2K[1A[2K[G.. ..                        Dependencies installing with npm...
[2K[1A[2K[G .. ..                       Dependencies installing with npm...
[2K[1A[2K[G. .. .                       Dependencies installing with npm...
[2K[1A[2K[G.. ..                        Dependencies installing with npm...
[2K[1A[2K[G .. ..                       Dependencies installing with npm...
[2K[1A[2K[G. .. .                       Dependencies installing with npm...
[2K[1A[2K[G.. ..                        Dependencies installing with npm...
[2K[1A[2K[G .. ..                       Dependencies installing with npm...
[2K[1A[2K[G. .. .                       Dependencies installing with npm...
[2K[1A[2K[G.. ..                        Dependencies installing with npm...
[2K[1A[2K[G .. ..                       Dependencies installing with npm...
[2K[1A[2K[G. .. .                       Dependencies installing with npm...
[2K[1A[2K[G.. ..                        Dependencies installing with npm...
[2K[1A[2K[G .. ..                       Dependencies installing with npm...
[2K[1A[2K[G. .. .                       Dependencies installing with npm...
[2K[1A[2K[G.. ..                        Dependencies installing with npm...
[2K[1A[2K[G .. ..                       Dependencies installing with npm...
[2K[1A[2K[G. .. .                       Dependencies installing with npm...
[2K[1A[2K[G.. ..                        Dependencies installing with npm...
[2K[1A[2K[G .. ..                       Dependencies installing with npm...
[2K[1A[2K[G. .. .                       Dependencies installing with npm...
[2K[1A[2K[G.. ..                        Dependencies installing with npm...
[2K[1A[2K[G .. ..                       Dependencies installing with npm...
[2K[1A[2K[G. .. .                       Dependencies installing with npm...
[2K[1A[2K[G.. ..                        Dependencies installing with npm...
[2K[1A[2K[G .. ..                       Dependencies installing with npm...
[2K[1A[2K[G. .. .                       Dependencies installing with npm...
[2K[1A[2K[G.. ..                        Dependencies installing with npm...
[2K[1A[2K[G .. ..                       Dependencies installing with npm...
[2K[1A[2K[G. .. .                       Dependencies installing with npm...
[2K[1A[2K[G.. ..                        Dependencies installing with npm...
[2K[1A[2K[G .. ..                       Dependencies installing with npm...
[2K[1A[2K[G. .. .                       Dependencies installing with npm...
[2K[1A[2K[G.. ..                        Dependencies installing with npm...
[2K[1A[2K[G .. ..                       Dependencies installing with npm...
[2K[1A[2K[G. .. .                       Dependencies installing with npm...
[2K[1A[2K[G.. ..                        Dependencies installing with npm...
[2K[1A[2K[G .. ..                       Dependencies installing with npm...
[2K[1A[2K[G. .. .                       Dependencies installing with npm...
[2K[1A[2K[G.. ..                        Dependencies installing with npm...
[2K[1A[2K[G .. ..                       Dependencies installing with npm...
[2K[1A[2K[G. .. .                       Dependencies installing with npm...
[2K[1A[2K[G.. ..                        Dependencies installing with npm...
[2K[1A[2K[G .. ..                       Dependencies installing with npm...
[2K[1A[2K[G. .. .                       Dependencies installing with npm...
[2K[1A[2K[G.. ..                        Dependencies installing with npm...
[2K[1A[2K[G .. ..                       Dependencies installing with npm...
[2K[1A[2K[G. .. .                       Dependencies installing with npm...
[2K[1A[2K[G.. ..                        Dependencies installing with npm...
[2K[1A[2K[G .. ..                       Dependencies installing with npm...
[2K[1A[2K[G. .. .                       Dependencies installing with npm...
[2K[1A[2K[G.. ..                        Dependencies installing with npm...
[2K[1A[2K[G .. ..                       Dependencies installing with npm...
[2K[1A[2K[G. .. .                       Dependencies installing with npm...
[2K[1A[2K[G.. ..                        Dependencies installing with npm...
[2K[1A[2K[G .. ..                       Dependencies installing with npm...
[2K[1A[2K[G. .. .                       Dependencies installing with npm...
[2K[1A[2K[G.. ..                        Dependencies installing with npm...
[2K[1A[2K[G .. ..                       Dependencies installing with npm...
[2K[1A[2K[G. .. .                       Dependencies installing with npm...
[2K[1A[2K[G.. ..                        Dependencies installing with npm...
[2K[1A[2K[G .. ..                       Dependencies installing with npm...
[2K[1A[2K[G. .. .                       Dependencies installing with npm...
[2K[1A[2K[G.. ..                        Dependencies installing with npm...
[2K[1A[2K[G .. ..                       Dependencies installing with npm...
[2K[1A[2K[G. .. .                       Dependencies installing with npm...
[2K[1A[2K[G.. ..                        Dependencies installing with npm...
[2K[1A[2K[G .. ..                       Dependencies installing with npm...
[2K[1A[2K[G. .. .                       Dependencies installing with npm...
[2K[1A[2K[G.. ..                        Dependencies installing with npm...
[2K[1A[2K[G .. ..                       Dependencies installing with npm...
[2K[1A[2K[G. .. .                       Dependencies installing with npm...
[2K[1A[2K[G.. ..                        Dependencies installing with npm...
[2K[1A[2K[G .. ..                       Dependencies installing with npm...
[2K[1A[2K[G. .. .                       Dependencies installing with npm...
[2K[1A[2K[G.. ..                        Dependencies installing with npm...
[2K[1A[2K[G .. ..                       Dependencies installing with npm...
[2K[1A[2K[G. .. .                       Dependencies installing with npm...
[2K[1A[2K[G.. ..                        Dependencies installing with npm...
[2K[1A[2K[G .. ..                       Dependencies installing with npm...
[2K[1A[2K[G. .. .                       Dependencies installing with npm...
[2K[1A[2K[G.. ..                        Dependencies installing with npm...
[2K[1A[2K[G .. ..                       Dependencies installing with npm...
[2K[1A[2K[G. .. .                       Dependencies installing with npm...
[2K[1A[2K[G.. ..                        Dependencies installing with npm...
[2K[1A[2K[G .. ..                       Dependencies installing with npm...
[2K[1A[2K[G. .. .                       Dependencies installing with npm...
[2K[1A[2K[G.. ..                        Dependencies installing with npm...
[2K[1A[2K[G .. ..                       Dependencies installing with npm...
[2K[1A[2K[G. .. .                       Dependencies installing with npm...
[2K[1A[2K[G.. ..                        Dependencies installing with npm...
[2K[1A[2K[G .. ..                       Dependencies installing with npm...
[2K[1A[2K[G. .. .                       Dependencies installing with npm...
[2K[1A[2K[G.. ..                        Dependencies installing with npm...
[2K[1A[2K[G .. ..                       Dependencies installing with npm...
[2K[1A[2K[G. .. .                       Dependencies installing with npm...
[2K[1A[2K[G.. ..                        Dependencies installing with npm...
[2K[1A[2K[G .. ..                       Dependencies installing with npm...
[2K[1A[2K[G. .. .                       Dependencies installing with npm...
[2K[1A[2K[G.. ..                        Dependencies installing with npm...
[2K[1A[2K[G .. ..                       Dependencies installing with npm...
[2K[1A[2K[G. .. .                       Dependencies installing with npm...
[2K[1A[2K[G.. ..                        Dependencies installing with npm...
[2K[1A[2K[G .. ..                       Dependencies installing with npm...
[2K[1A[2K[G. .. .                       Dependencies installing with npm...
[2K[1A[2K[G.. ..                        Dependencies installing with npm...
[2K[1A[2K[G .. ..                       Dependencies installing with npm...
[2K[1A[2K[G. .. .                       Dependencies installing with npm...
[2K[1A[2K[G.. ..                        Dependencies installing with npm...
[2K[1A[2K[G .. ..                       Dependencies installing with npm...
[2K[1A[2K[G. .. .                       Dependencies installing with npm...
[2K[1A[2K[G.. ..                        Dependencies installing with npm...
[2K[1A[2K[G .. ..                       Dependencies installing with npm...
[2K[1A[2K[G. .. .                       Dependencies installing with npm...
[2K[1A[2K[G.. ..                        Dependencies installing with npm...
[2K[1A[2K[G .. ..                       Dependencies installing with npm...
[2K[1A[2K[G. .. .                       Dependencies installing with npm...
[2K[1A[2K[G.. ..                        Dependencies installing with npm...
[2K[1A[2K[G .. ..                       Dependencies installing with npm...
[2K[1A[2K[G. .. .                       Dependencies installing with npm...
[2K[1A[2K[G.. ..                        Dependencies installing with npm...
[2K[1A[2K[G .. ..                       Dependencies installing with npm...
[2K[1A[2K[G. .. .                       Dependencies installing with npm...
[2K[1A[2K[G.. ..                        Dependencies installing with npm...
[2K[1A[2K[G .. ..                       Dependencies installing with npm...
[2K[1A[2K[G. .. .                       Dependencies installing with npm...
[2K[1A[2K[G.. ..                        Dependencies installing with npm...
[2K[1A[2K[G .. ..                       Dependencies installing with npm...
[2K[1A[2K[G. .. .                       Dependencies installing with npm...
[2K[1A[2K[G.. ..                        Dependencies installing with npm...
[2K[1A[2K[G .. ..                       Dependencies installing with npm...
[2K[1A[2K[G. .. .                       Dependencies installing with npm...
[2K[1A[2K[G.. ..                        Dependencies installing with npm...
[2K[1A[2K[G .. ..                       Dependencies installing with npm...
[2K[1A[2K[G. .. .                       Dependencies installing with npm...
[2K[1A[2K[G.. ..                        Dependencies installing with npm...
[2K[1A[2K[G .. ..                       Dependencies installing with npm...
[2K[1A[2K[G. .. .                       Dependencies installing with npm...
[2K[1A[2K[G.. ..                        Dependencies installing with npm...
[2K[1A[2K[G .. ..                       Dependencies installing with npm...
[2K[1A[2K[G. .. .                       Dependencies installing with npm...
[2K[1A[2K[G.. ..                        Dependencies installing with npm...
[2K[1A[2K[G .. ..                       Dependencies installing with npm...
[2K[1A[2K[G. .. .                       Dependencies installing with npm...
[2K[1A[2K[G.. ..                        Dependencies installing with npm...
[2K[1A[2K[G .. ..                       Dependencies installing with npm...
[2K[1A[2K[G. .. .                       Dependencies installing with npm...
[2K[1A[2K[G.. ..                        Dependencies installing with npm...
[2K[1A[2K[G .. ..                       Dependencies installing with npm...
[2K[1A[2K[G. .. .                       Dependencies installing with npm...
[2K[1A[2K[G.. ..                        Dependencies installing with npm...
[2K[1A[2K[G .. ..                       Dependencies installing with npm...
[2K[1A[2K[G. .. .                       Dependencies installing with npm...
[2K[1A[2K[G.. ..                        Dependencies installing with npm...
[2K[1A[2K[G .. ..                       Dependencies installing with npm...
[2K[1A[2K[G. .. .                       Dependencies installing with npm...
[2K[1A[2K[G.. ..                        Dependencies installing with npm...
[2K[1A[2K[G .. ..                       Dependencies installing with npm...
[2K[1A[2K[G. .. .                       Dependencies installing with npm...
[2K[1A[2K[G.. ..                        Dependencies installing with npm...
[2K[1A[2K[G .. ..                       Dependencies installing with npm...
[2K[1A[2K[G. .. .                       Dependencies installing with npm...
[2K[1A[2K[G.. ..                        Dependencies installing with npm...
[2K[1A[2K[G .. ..                       Dependencies installing with npm...
[2K[1A[2K[G. .. .                       Dependencies installing with npm...
[2K[1A[2K[G.. ..                        Dependencies installing with npm...
[2K[1A[2K[G .. ..                       Dependencies installing with npm...
[2K[1A[2K[G. .. .                       Dependencies installing with npm...
[2K[1A[2K[G.. ..                        Dependencies installing with npm...
[2K[1A[2K[G .. ..                       Dependencies installing with npm...
[2K[1A[2K[G. .. .                       Dependencies installing with npm...
[2K[1A[2K[G.. ..                        Dependencies installing with npm...
[2K[1A[2K[G .. ..                       Dependencies installing with npm...
[2K[1A[2K[G. .. .                       Dependencies installing with npm...
[2K[1A[2K[G.. ..                        Dependencies installing with npm...
[2K[1A[2K[G .. ..                       Dependencies installing with npm...
[2K[1A[2K[G. .. .                       Dependencies installing with npm...
[2K[1A[2K[G.. ..                        Dependencies installing with npm...
[2K[1A[2K[G .. ..                       Dependencies installing with npm...
[2K[1A[2K[G. .. .                       Dependencies installing with npm...
[2K[1A[2K[G.. ..                        Dependencies installing with npm...
[2K[1A[2K[G .. ..                       Dependencies installing with npm...
[2K[1A[2K[G. .. .                       Dependencies installing with npm...
[2K[1A[2K[G.. ..                        Dependencies installing with npm...
[2K[1A[2K[G .. ..                       Dependencies installing with npm...
[2K[1A[2K[G. .. .                       Dependencies installing with npm...
[2K[1A[2K[G.. ..                        Dependencies installing with npm...
[2K[1A[2K[G .. ..                       Dependencies installing with npm...
[2K[1A[2K[G. .. .                       Dependencies installing with npm...
[2K[1A[2K[G.. ..                        Dependencies installing with npm...
[2K[1A[2K[G .. ..                       Dependencies installing with npm...
[2K[1A[2K[G. .. .                       Dependencies installing with npm...
[2K[1A[2K[G.. ..                        Dependencies installing with npm...
[2K[1A[2K[G .. ..                       Dependencies installing with npm...
[2K[1A[2K[G. .. .                       Dependencies installing with npm...
[2K[1A[2K[G.. ..                        Dependencies installing with npm...
[2K[1A[2K[G .. ..                       Dependencies installing with npm...
[2K[1A[2K[G. .. .                       Dependencies installing with npm...
[2K[1A[2K[G.. ..                        Dependencies installing with npm...
[2K[1A[2K[G .. ..                       Dependencies installing with npm...
[2K[1A[2K[G. .. .                       Dependencies installing with npm...
[2K[1A[2K[G.. ..                        Dependencies installing with npm...
[2K[1A[2K[G .. ..                       Dependencies installing with npm...
[2K[1A[2K[G. .. .                       Dependencies installing with npm...
[2K[1A[2K[G.. ..                        Dependencies installing with npm...
[2K[1A[2K[G .. ..                       Dependencies installing with npm...
[2K[1A[2K[G. .. .                       Dependencies installing with npm...
[2K[1A[2K[G.. ..                        Dependencies installing with npm...
[2K[1A[2K[G .. ..                       Dependencies installing with npm...
[2K[1A[2K[G. .. .                       Dependencies installing with npm...
[2K[1A[2K[G.. ..                        Dependencies installing with npm...
[2K[1A[2K[G .. ..                       Dependencies installing with npm...
[2K[1A[2K[G. .. .                       Dependencies installing with npm...
[2K[1A[2K[G.. ..                        Dependencies installing with npm...
[2K[1A[2K[G .. ..                       Dependencies installing with npm...
[2K[1A[2K[G. .. .                       Dependencies installing with npm...
[2K[1A[2K[G.. ..                        Dependencies installing with npm...
[2K[1A[2K[G .. ..                       Dependencies installing with npm...
[2K[1A[2K[G. .. .                       Dependencies installing with npm...
[2K[1A[2K[G.. ..                        Dependencies installing with npm...
[2K[1A[2K[G .. ..                       Dependencies installing with npm...
[2K[1A[2K[G. .. .                       Dependencies installing with npm...
[2K[1A[2K[G.. ..                        Dependencies installing with npm...
[2K[1A[2K[G .. ..                       Dependencies installing with npm...
[2K[1A[2K[G. .. .                       Dependencies installing with npm...
[2K[1A[2K[G.. ..                        Dependencies installing with npm...
[2K[1A[2K[G .. ..                       Dependencies installing with npm...
[2K[1A[2K[G. .. .                       Dependencies installing with npm...
[2K[1A[2K[G.. ..                        Dependencies installing with npm...
[2K[1A[2K[G .. ..                       Dependencies installing with npm...
[2K[1A[2K[G. .. .                       Dependencies installing with npm...
[2K[1A[2K[G.. ..                        Dependencies installing with npm...
[2K[1A[2K[G .. ..                       Dependencies installing with npm...
[2K[1A[2K[G. .. .                       Dependencies installing with npm...
[2K[1A[2K[G.. ..                        Dependencies installing with npm...
[2K[1A[2K[G .. ..                       Dependencies installing with npm...
[2K[1A[2K[G. .. .                       Dependencies installing with npm...
[2K[1A[2K[G.. ..                        Dependencies installing with npm...
[2K[1A[2K[G .. ..                       Dependencies installing with npm...
[2K[1A[2K[G. .. .                       Dependencies installing with npm...
[2K[1A[2K[G.. ..                        Dependencies installing with npm...
[2K[1A[2K[G .. ..                       Dependencies installing with npm...
[2K[1A[2K[G. .. .                       Dependencies installing with npm...
[2K[1A[2K[G.. ..                        Dependencies installing with npm...
[2K[1A[2K[G .. ..                       Dependencies installing with npm...
[2K[1A[2K[G. .. .                       Dependencies installing with npm...
[2K[1A[2K[G.. ..                        Dependencies installing with npm...
[2K[1A[2K[G .. ..                       Dependencies installing with npm...
[2K[1A[2K[G. .. .                       Dependencies installing with npm...
[2K[1A[2K[G.. ..                        Dependencies installing with npm...
[2K[1A[2K[G .. ..                       Dependencies installing with npm...
[2K[1A[2K[G. .. .                       Dependencies installing with npm...
[2K[1A[2K[G.. ..                        Dependencies installing with npm...
[2K[1A[2K[G .. ..                       Dependencies installing with npm...
[2K[1A[2K[G. .. .                       Dependencies installing with npm...
[2K[1A[2K[G.. ..                        Dependencies installing with npm...
[2K[1A[2K[G .. ..                       Dependencies installing with npm...
[2K[1A[2K[G. .. .                       Dependencies installing with npm...
[2K[1A[2K[G.. ..                        Dependencies installing with npm...
[2K[1A[2K[G .. ..                       Dependencies installing with npm...
[2K[1A[2K[G. .. .                       Dependencies installing with npm...
[2K[1A[2K[G.. ..                        Dependencies installing with npm...
[2K[1A[2K[G .. ..                       Dependencies installing with npm...
[2K[1A[2K[G. .. .                       Dependencies installing with npm...
[2K[1A[2K[G.. ..                        Dependencies installing with npm...
[2K[1A[2K[G .. ..                       Dependencies installing with npm...
[2K[1A[2K[G. .. .                       Dependencies installing with npm...
[2K[1A[2K[G.. ..                        Dependencies installing with npm...
[2K[1A[2K[G .. ..                       Dependencies installing with npm...
[2K[1A[2K[G. .. .                       Dependencies installing with npm...
[2K[1A[2K[G.. ..                        Dependencies installing with npm...
[2K[1A[2K[G .. ..                       Dependencies installing with npm...
[2K[1A[2K[G. .. .                       Dependencies installing with npm...
[2K[1A[2K[G.. ..                        Dependencies installing with npm...
[2K[1A[2K[G .. ..                       Dependencies installing with npm...
[2K[1A[2K[G. .. .                       Dependencies installing with npm...
[2K[1A[2K[G.. ..                        Dependencies installing with npm...
[2K[1A[2K[G .. ..                       Dependencies installing with npm...
[2K[1A[2K[G. .. .                       Dependencies installing with npm...
[2K[1A[2K[G.. ..                        Dependencies installing with npm...
[2K[1A[2K[G .. ..                       Dependencies installing with npm...
[2K[1A[2K[G. .. .                       Dependencies installing with npm...
[2K[1A[2K[G.. ..                        Dependencies installing with npm...
[2K[1A[2K[G .. ..                       Dependencies installing with npm...
[2K[1A[2K[G. .. .                       Dependencies installing with npm...
[2K[1A[2K[G.. ..                        Dependencies installing with npm...
[2K[1A[2K[G .. ..                       Dependencies installing with npm...
[2K[1A[2K[G. .. .                       Dependencies installing with npm...
[2K[1A[2K[G.. ..                        Dependencies installing with npm...
[2K[1A[2K[G .. ..                       Dependencies installing with npm...
[2K[1A[2K[G. .. .                       Dependencies installing with npm...
[2K[1A[2K[G.. ..                        Dependencies installing with npm...
[2K[1A[2K[G .. ..                       Dependencies installing with npm...
[2K[1A[2K[G. .. .                       Dependencies installing with npm...
[2K[1A[2K[G.. ..                        Dependencies installing with npm...
[2K[1A[2K[G .. ..                       Dependencies installing with npm...
[2K[1A[2K[G. .. .                       Dependencies installing with npm...
[2K[1A[2K[G.. ..                        Dependencies installing with npm...
[2K[1A[2K[G .. ..                       Dependencies installing with npm...
[2K[1A[2K[G. .. .                       Dependencies installing with npm...
[2K[1A[2K[G.. ..                        Dependencies installing with npm...
[2K[1A[2K[G .. ..                       Dependencies installing with npm...
[2K[1A[2K[G. .. .                       Dependencies installing with npm...
[2K[1A[2K[G.. ..                        Dependencies installing with npm...
[2K[1A[2K[G .. ..                       Dependencies installing with npm...
[2K[1A[2K[G. .. .                       Dependencies installing with npm...
[2K[1A[2K[G.. ..                        Dependencies installing with npm...
[2K[1A[2K[G .. ..                       Dependencies installing with npm...
[2K[1A[2K[G. .. .                       Dependencies installing with npm...
[2K[1A[2K[G.. ..                        Dependencies installing with npm...
[2K[1A[2K[G .. ..                       Dependencies installing with npm...
[2K[1A[2K[G. .. .                       Dependencies installing with npm...
[2K[1A[2K[G.. ..                        Dependencies installing with npm...
[2K[1A[2K[G .. ..                       Dependencies installing with npm...
[2K[1A[2K[G. .. .                       Dependencies installing with npm...
[2K[1A[2K[G.. ..                        Dependencies installing with npm...
[2K[1A[2K[G .. ..                       Dependencies installing with npm...
[2K[1A[2K[G. .. .                       Dependencies installing with npm...
[2K[1A[2K[G.. ..                        Dependencies installing with npm...
[2K[1A[2K[G .. ..                       Dependencies installing with npm...
[2K[1A[2K[G. .. .                       Dependencies installing with npm...
[2K[1A[2K[G.. ..                        Dependencies installing with npm...
[2K[1A[2K[G .. ..                       Dependencies installing with npm...
[2K[1A[2K[G. .. .                       Dependencies installing with npm...
[2K[1A[2K[G.. ..                        Dependencies installing with npm...
[2K[1A[2K[G .. ..                       Dependencies installing with npm...
[2K[1A[2K[G. .. .                       Dependencies installing with npm...
[2K[1A[2K[G.. ..                        Dependencies installing with npm...
[2K[1A[2K[G .. ..                       Dependencies installing with npm...
[2K[1A[2K[G. .. .                       Dependencies installing with npm...
[2K[1A[2K[G.. ..                        Dependencies installing with npm...
[2K[1A[2K[G .. ..                       Dependencies installing with npm...
[2K[1A[2K[G. .. .                       Dependencies installing with npm...
[2K[1A[2K[G.. ..                        Dependencies installing with npm...
[2K[1A[2K[G .. ..                       Dependencies installing with npm...
[2K[1A[2K[G. .. .                       Dependencies installing with npm...
[2K[1A[2K[G.. ..                        Dependencies installing with npm...
[2K[1A[2K[G .. ..                       Dependencies installing with npm...
[2K[1A[2K[G. .. .                       Dependencies installing with npm...
[2K[1A[2K[G.. ..                        Dependencies installing with npm...
[2K[1A[2K[G .. ..                       Dependencies installing with npm...
[2K[1A[2K[G. .. .                       Dependencies installing with npm...
[2K[1A[2K[G.. ..                        Dependencies installing with npm...
[2K[1A[2K[G .. ..                       Dependencies installing with npm...
[2K[1A[2K[G. .. .                       Dependencies installing with npm...
[2K[1A[2K[G.. ..                        Dependencies installing with npm...
[2K[1A[2K[G .. ..                       Dependencies installing with npm...
[2K[1A[2K[G. .. .                       Dependencies installing with npm...
[2K[1A[2K[G.. ..                        Dependencies installing with npm...
[2K[1A[2K[G .. ..                       Dependencies installing with npm...
[2K[1A[2K[G. .. .                       Dependencies installing with npm...
[2K[1A[2K[G.. ..                        Dependencies installing with npm...
[2K[1A[2K[G .. ..                       Dependencies installing with npm...
[2K[1A[2K[G. .. .                       Dependencies installing with npm...
[2K[1A[2K[G.. ..                        Dependencies installing with npm...
[2K[1A[2K[G .. ..                       Dependencies installing with npm...
[2K[1A[2K[G. .. .                       Dependencies installing with npm...
[2K[1A[2K[G.. ..                        Dependencies installing with npm...
[2K[1A[2K[G .. ..                       Dependencies installing with npm...
[2K[1A[2K[G. .. .                       Dependencies installing with npm...
[2K[1A[2K[G.. ..                        Dependencies installing with npm...
[2K[1A[2K[G .. ..                       Dependencies installing with npm...
[2K[1A[2K[G. .. .                       Dependencies installing with npm...
[2K[1A[2K[G.. ..                        Dependencies installing with npm...
[2K[1A[2K[G .. ..                       Dependencies installing with npm...
[2K[1A[2K[G. .. .                       Dependencies installing with npm...
[2K[1A[2K[G.. ..                        Dependencies installing with npm...
[2K[1A[2K[G .. ..                       Dependencies installing with npm...
[2K[1A[2K[G. .. .                       Dependencies installing with npm...
[2K[1A[2K[G.. ..                        Dependencies installing with npm...
[2K[1A[2K[G .. ..                       Dependencies installing with npm...
[2K[1A[2K[G. .. .                       Dependencies installing with npm...
[2K[1A[2K[G.. ..                        Dependencies installing with npm...
[2K[1A[2K[G .. ..                       Dependencies installing with npm...
[2K[1A[2K[G. .. .                       Dependencies installing with npm...
[2K[1A[2K[G.. ..                        Dependencies installing with npm...
[2K[1A[2K[G .. ..                       Dependencies installing with npm...
[2K[1A[2K[G. .. .                       Dependencies installing with npm...
[2K[1A[2K[G.. ..                        Dependencies installing with npm...
[2K[1A[2K[G .. ..                       Dependencies installing with npm...
[2K[1A[2K[G. .. .                       Dependencies installing with npm...
[2K[1A[2K[G.. ..                        Dependencies installing with npm...
[2K[1A[2K[G .. ..                       Dependencies installing with npm...
[2K[1A[2K[G. .. .                       Dependencies installing with npm...
[2K[1A[2K[G.. ..                        Dependencies installing with npm...
[2K[1A[2K[G .. ..                       Dependencies installing with npm...
[2K[1A[2K[G. .. .                       Dependencies installing with npm...
[2K[1A[2K[G.. ..                        Dependencies installing with npm...
[2K[1A[2K[G .. ..                       Dependencies installing with npm...
[2K[1A[2K[G. .. .                       Dependencies installing with npm...
[2K[1A[2K[G.. ..                        Dependencies installing with npm...
[2K[1A[2K[G .. ..                       Dependencies installing with npm...
[2K[1A[2K[G. .. .                       Dependencies installing with npm...
[2K[1A[2K[G.. ..                        Dependencies installing with npm...
[2K[1A[2K[G .. ..                       Dependencies installing with npm...
[2K[1A[2K[G. .. .                       Dependencies installing with npm...
[2K[1A[2K[G.. ..                        Dependencies installing with npm...
[2K[1A[2K[G .. ..                       Dependencies installing with npm...
[2K[1A[2K[G. .. .                       Dependencies installing with npm...
[2K[1A[2K[G.. ..                        Dependencies installing with npm...
[2K[1A[2K[G .. ..                       Dependencies installing with npm...
[2K[1A[2K[G. .. .                       Dependencies installing with npm...
[2K[1A[2K[G.. ..                        Dependencies installing with npm...
[2K[1A[2K[G .. ..                       Dependencies installing with npm...
[2K[1A[2K[G. .. .                       Dependencies installing with npm...
[2K[1A[2K[G.. ..                        Dependencies installing with npm...
[2K[1A[2K[G .. ..                       Dependencies installing with npm...
[2K[1A[2K[G. .. .                       Dependencies installing with npm...
[2K[1A[2K[G.. ..                        Dependencies installing with npm...
[2K[1A[2K[G .. ..                       Dependencies installing with npm...
[2K[1A[2K[G. .. .                       Dependencies installing with npm...
[2K[1A[2K[G.. ..                        Dependencies installing with npm...
[2K[1A[2K[G .. ..                       Dependencies installing with npm...
[2K[1A[2K[G. .. .                       Dependencies installing with npm...
[2K[1A[2K[G.. ..                        Dependencies installing with npm...
[2K[1A[2K[G .. ..                       Dependencies installing with npm...
[2K[1A[2K[G. .. .                       Dependencies installing with npm...
[2K[1A[2K[G.. ..                        Dependencies installing with npm...
[2K[1A[2K[G .. ..                       Dependencies installing with npm...
[2K[1A[2K[G. .. .                       Dependencies installing with npm...
[2K[1A[2K[G.. ..                        Dependencies installing with npm...
[2K[1A[2K[G .. ..                       Dependencies installing with npm...
[2K[1A[2K[G. .. .                       Dependencies installing with npm...
[2K[1A[2K[G.. ..                        Dependencies installing with npm...
[2K[1A[2K[G .. ..                       Dependencies installing with npm...
[2K[1A[2K[G. .. .                       Dependencies installing with npm...
[2K[1A[2K[G.. ..                        Dependencies installing with npm...
[2K[1A[2K[G .. ..                       Dependencies installing with npm...
[2K[1A[2K[G. .. .                       Dependencies installing with npm...
[2K[1A[2K[G.. ..                        Dependencies installing with npm...
[2K[1A[2K[G .. ..                       Dependencies installing with npm...
[2K[1A[2K[G. .. .                       Dependencies installing with npm...
[2K[1A[2K[G.. ..                        Dependencies installing with npm...
[2K[1A[2K[G .. ..                       Dependencies installing with npm...
[2K[1A[2K[G. .. .                       Dependencies installing with npm...
[2K[1A[2K[G.. ..                        Dependencies installing with npm...
[2K[1A[2K[G .. ..                       Dependencies installing with npm...
[2K[1A[2K[G. .. .                       Dependencies installing with npm...
[2K[1A[2K[G.. ..                        Dependencies installing with npm...
[2K[1A[2K[G .. ..                       Dependencies installing with npm...
[2K[1A[2K[G. .. .                       Dependencies installing with npm...
[2K[1A[2K[G.. ..                        Dependencies installing with npm...
[2K[1A[2K[G .. ..                       Dependencies installing with npm...
[2K[1A[2K[G. .. .                       Dependencies installing with npm...
[2K[1A[2K[G.. ..                        Dependencies installing with npm...
[2K[1A[2K[G .. ..                       Dependencies installing with npm...
[2K[1A[2K[G. .. .                       Dependencies installing with npm...
[2K[1A[2K[G.. ..                        Dependencies installing with npm...
[2K[1A[2K[G .. ..                       Dependencies installing with npm...
[2K[1A[2K[G. .. .                       Dependencies installing with npm...
[2K[1A[2K[G.. ..                        Dependencies installing with npm...
[2K[1A[2K[G .. ..                       Dependencies installing with npm...
[2K[1A[2K[G. .. .                       Dependencies installing with npm...
[2K[1A[2K[G.. ..                        Dependencies installing with npm...
[2K[1A[2K[G .. ..                       Dependencies installing with npm...
[2K[1A[2K[G. .. .                       Dependencies installing with npm...
[2K[1A[2K[G.. ..                        Dependencies installing with npm...
[2K[1A[2K[G .. ..                       Dependencies installing with npm...
[2K[1A[2K[G. .. .                       Dependencies installing with npm...
[2K[1A[2K[G.. ..                        Dependencies installing with npm...
[2K[1A[2K[G .. ..                       Dependencies installing with npm...
[2K[1A[2K[G. .. .                       Dependencies installing with npm...
[2K[1A[2K[G.. ..                        Dependencies installing with npm...
[2K[1A[2K[G .. ..                       Dependencies installing with npm...
[2K[1A[2K[G. .. .                       Dependencies installing with npm...
[2K[1A[2K[G.. ..                        Dependencies installing with npm...
[2K[1A[2K[G .. ..                       Dependencies installing with npm...
[2K[1A[2K[G. .. .                       Dependencies installing with npm...
[2K[1A[2K[G.. ..                        Dependencies installing with npm...
[2K[1A[2K[G .. ..                       Dependencies installing with npm...
[2K[1A[2K[G. .. .                       Dependencies installing with npm...
[2K[1A[2K[G.. ..                        Dependencies installing with npm...
[2K[1A[2K[G .. ..                       Dependencies installing with npm...
[2K[1A[2K[G. .. .                       Dependencies installing with npm...
[2K[1A[2K[G.. ..                        Dependencies installing with npm...
[2K[1A[2K[G .. ..                       Dependencies installing with npm...
[2K[1A[2K[G. .. .                       Dependencies installing with npm...
[2K[1A[2K[G.. ..                        Dependencies installing with npm...
[2K[1A[2K[G .. ..                       Dependencies installing with npm...
[2K[1A[2K[G. .. .                       Dependencies installing with npm...
[2K[1A[2K[G.. ..                        Dependencies installing with npm...
[2K[1A[2K[G .. ..                       Dependencies installing with npm...
[2K[1A[2K[G. .. .                       Dependencies installing with npm...
[2K[1A[2K[G.. ..                        Dependencies installing with npm...
[2K[1A[2K[G .. ..                       Dependencies installing with npm...
[2K[1A[2K[G. .. .                       Dependencies installing with npm...
[2K[1A[2K[G.. ..                        Dependencies installing with npm...
[2K[1A[2K[G .. ..                       Dependencies installing with npm...
[2K[1A[2K[G. .. .                       Dependencies installing with npm...
[2K[1A[2K[G.. ..                        Dependencies installing with npm...
[2K[1A[2K[G .. ..                       Dependencies installing with npm...
[2K[1A[2K[G. .. .                       Dependencies installing with npm...
[2K[1A[2K[G.. ..                        Dependencies installing with npm...
[2K[1A[2K[G .. ..                       Dependencies installing with npm...
[2K[1A[2K[G. .. .                       Dependencies installing with npm...
[2K[1A[2K[G.. ..                        Dependencies installing with npm...
[2K[1A[2K[G .. ..                       Dependencies installing with npm...
[2K[1A[2K[G. .. .                       Dependencies installing with npm...
[2K[1A[2K[G.. ..                        Dependencies installing with npm...
[2K[1A[2K[G .. ..                       Dependencies installing with npm...
[2K[1A[2K[G. .. .                       Dependencies installing with npm...
[2K[1A[2K[G.. ..                        Dependencies installing with npm...
[2K[1A[2K[G .. ..                       Dependencies installing with npm...
[2K[1A[2K[G. .. .                       Dependencies installing with npm...
[2K[1A[2K[G.. ..                        Dependencies installing with npm...
[2K[1A[2K[G .. ..                       Dependencies installing with npm...
[2K[1A[2K[G. .. .                       Dependencies installing with npm...
[2K[1A[2K[G.. ..                        Dependencies installing with npm...
[2K[1A[2K[G .. ..                       Dependencies installing with npm...
[2K[1A[2K[G. .. .                       Dependencies installing with npm...
[2K[1A[2K[G.. ..                        Dependencies installing with npm...
[2K[1A[2K[G .. ..                       Dependencies installing with npm...
[2K[1A[2K[G. .. .                       Dependencies installing with npm...
[2K[1A[2K[G.. ..                        Dependencies installing with npm...
[2K[1A[2K[G .. ..                       Dependencies installing with npm...
[2K[1A[2K[G. .. .                       Dependencies installing with npm...
[2K[1A[2K[G.. ..                        Dependencies installing with npm...
[2K[1A[2K[G .. ..                       Dependencies installing with npm...
[2K[1A[2K[G. .. .                       Dependencies installing with npm...
[2K[1A[2K[G.. ..                        Dependencies installing with npm...
[2K[1A[2K[G .. ..                       Dependencies installing with npm...
[2K[1A[2K[G. .. .                       Dependencies installing with npm...
[2K[1A[2K[G.. ..                        Dependencies installing with npm...
[2K[1A[2K[G .. ..                       Dependencies installing with npm...
[2K[1A[2K[G. .. .                       Dependencies installing with npm...
[2K[1A[2K[G.. ..                        Dependencies installing with npm...
[2K[1A[2K[G .. ..                       Dependencies installing with npm...
[2K[1A[2K[G. .. .                       Dependencies installing with npm...
[2K[1A[2K[G.. ..                        Dependencies installing with npm...
[2K[1A[2K[G .. ..                       Dependencies installing with npm...
[2K[1A[2K[G. .. .                       Dependencies installing with npm...
[2K[1A[2K[G.. ..                        Dependencies installing with npm...
[2K[1A[2K[G .. ..                       Dependencies installing with npm...
[2K[1A[2K[G. .. .                       Dependencies installing with npm...
[2K[1A[2K[G.. ..                        Dependencies installing with npm...
[2K[1A[2K[G .. ..                       Dependencies installing with npm...
[2K[1A[2K[G. .. .                       Dependencies installing with npm...
[2K[1A[2K[G.. ..                        Dependencies installing with npm...
[2K[1A[2K[G .. ..                       Dependencies installing with npm...
[2K[1A[2K[G. .. .                       Dependencies installing with npm...
[2K[1A[2K[G.. ..                        Dependencies installing with npm...
[2K[1A[2K[G .. ..                       Dependencies installing with npm...
[2K[1A[2K[G. .. .                       Dependencies installing with npm...
[2K[1A[2K[G.. ..                        Dependencies installing with npm...
[2K[1A[2K[G .. ..                       Dependencies installing with npm...
[2K[1A[2K[G. .. .                       Dependencies installing with npm...
[2K[1A[2K[G.. ..                        Dependencies installing with npm...
[2K[1A[2K[G .. ..                       Dependencies installing with npm...
[2K[1A[2K[G. .. .                       Dependencies installing with npm...
[2K[1A[2K[G.. ..                        Dependencies installing with npm...
[2K[1A[2K[G .. ..                       Dependencies installing with npm...
[2K[1A[2K[G. .. .                       Dependencies installing with npm...
[2K[1A[2K[G.. ..                        Dependencies installing with npm...
[2K[1A[2K[G .. ..                       Dependencies installing with npm...
[2K[1A[2K[G. .. .                       Dependencies installing with npm...
[2K[1A[2K[G.. ..                        Dependencies installing with npm...
[2K[1A[2K[G .. ..                       Dependencies installing with npm...
[2K[1A[2K[G. .. .                       Dependencies installing with npm...
[2K[1A[2K[G.. ..                        Dependencies installing with npm...
[2K[1A[2K[G .. ..                       Dependencies installing with npm...
[2K[1A[2K[G. .. .                       Dependencies installing with npm...
[2K[1A[2K[G.. ..                        Dependencies installing with npm...
[2K[1A[2K[G .. ..                       Dependencies installing with npm...
[2K[1A[2K[G. .. .                       Dependencies installing with npm...
[2K[1A[2K[G.. ..                        Dependencies installing with npm...
[2K[1A[2K[G .. ..                       Dependencies installing with npm...
[2K[1A[2K[G. .. .                       Dependencies installing with npm...
[2K[1A[2K[G.. ..                        Dependencies installing with npm...
[2K[1A[2K[G .. ..                       Dependencies installing with npm...
[2K[1A[2K[G. .. .                       Dependencies installing with npm...
[2K[1A[2K[G.. ..                        Dependencies installing with npm...
[2K[1A[2K[G .. ..                       Dependencies installing with npm...
[2K[1A[2K[G. .. .                       Dependencies installing with npm...
[2K[1A[2K[G.. ..                        Dependencies installing with npm...
[2K[1A[2K[G .. ..                       Dependencies installing with npm...
[2K[1A[2K[G. .. .                       Dependencies installing with npm...
[2K[1A[2K[G.. ..                        Dependencies installing with npm...
[2K[1A[2K[G .. ..                       Dependencies installing with npm...
[2K[1A[2K[G. .. .                       Dependencies installing with npm...
[2K[1A[2K[G.. ..                        Dependencies installing with npm...
[2K[1A[2K[G .. ..                       Dependencies installing with npm...
[2K[1A[2K[G. .. .                       Dependencies installing with npm...
[2K[1A[2K[G.. ..                        Dependencies installing with npm...
[2K[1A[2K[G .. ..                       Dependencies installing with npm...
[2K[1A[2K[G. .. .                       Dependencies installing with npm...
[2K[1A[2K[G.. ..                        Dependencies installing with npm...
[2K[1A[2K[G .. ..                       Dependencies installing with npm...
[2K[1A[2K[G. .. .                       Dependencies installing with npm...
[2K[1A[2K[G.. ..                        Dependencies installing with npm...
[2K[1A[2K[G .. ..                       Dependencies installing with npm...
[2K[1A[2K[G. .. .                       Dependencies installing with npm...
[2K[1A[2K[G.. ..                        Dependencies installing with npm...
[2K[1A[2K[G .. ..                       Dependencies installing with npm...
[2K[1A[2K[G. .. .                       Dependencies installing with npm...
[2K[1A[2K[G.. ..                        Dependencies installing with npm...
[2K[1A[2K[G .. ..                       Dependencies installing with npm...
[2K[1A[2K[G. .. .                       Dependencies installing with npm...
[2K[1A[2K[G.. ..                        Dependencies installing with npm...
[2K[1A[2K[G .. ..                       Dependencies installing with npm...
[2K[1A[2K[G. .. .                       Dependencies installing with npm...
[2K[1A[2K[G.. ..                        Dependencies installing with npm...
[2K[1A[2K[G .. ..                       Dependencies installing with npm...
[2K[1A[2K[G. .. .                       Dependencies installing with npm...
[2K[1A[2K[G.. ..                        Dependencies installing with npm...
[2K[1A[2K[G .. ..                       Dependencies installing with npm...
[2K[1A[2K[G. .. .                       Dependencies installing with npm...
[2K[1A[2K[G.. ..                        Dependencies installing with npm...
[2K[1A[2K[G .. ..                       Dependencies installing with npm...
[2K[1A[2K[G. .. .                       Dependencies installing with npm...
[2K[1A[2K[G.. ..                        Dependencies installing with npm...
[2K[1A[2K[G .. ..                       Dependencies installing with npm...
[2K[1A[2K[G. .. .                       Dependencies installing with npm...
[2K[1A[2K[G.. ..                        Dependencies installing with npm...
[2K[1A[2K[G .. ..                       Dependencies installing with npm...
[2K[1A[2K[G. .. .                       Dependencies installing with npm...
[2K[1A[2K[G.. ..                        Dependencies installing with npm...
[2K[1A[2K[G .. ..                       Dependencies installing with npm...
[2K[1A[2K[G. .. .                       Dependencies installing with npm...
[2K[1A[2K[G.. ..                        Dependencies installing with npm...
[2K[1A[2K[G .. ..                       Dependencies installing with npm...
[2K[1A[2K[G. .. .                       Dependencies installing with npm...
[2K[1A[2K[G.. ..                        Dependencies installing with npm...
[2K[1A[2K[G .. ..                       Dependencies installing with npm...
[2K[1A[2K[G. .. .                       Dependencies installing with npm...
[2K[1A[2K[G.. ..                        Dependencies installing with npm...
[2K[1A[2K[G .. ..                       Dependencies installing with npm...
[2K[1A[2K[G. .. .                       Dependencies installing with npm...
[2K[1A[2K[G.. ..                        Dependencies installing with npm...
[2K[1A[2K[G .. ..                       Dependencies installing with npm...
[2K[1A[2K[G. .. .                       Dependencies installing with npm...
[2K[1A[2K[G.. ..                        Dependencies installing with npm...
[2K[1A[2K[G .. ..                       Dependencies installing with npm...
[2K[1A[2K[G. .. .                       Dependencies installing with npm...
[2K[1A[2K[G.. ..                        Dependencies installing with npm...
[2K[1A[2K[G .. ..                       Dependencies installing with npm...
[2K[1A[2K[G. .. .                       Dependencies installing with npm...
[2K[1A[2K[G.. ..                        Dependencies installing with npm...
[2K[1A[2K[G .. ..                       Dependencies installing with npm...
[2K[1A[2K[G. .. .                       Dependencies installing with npm...
[2K[1A[2K[G.. ..                        Dependencies installing with npm...
[2K[1A[2K[G .. ..                       Dependencies installing with npm...
[2K[1A[2K[G. .. .                       Dependencies installing with npm...
[2K[1A[2K[G.. ..                        Dependencies installing with npm...
[2K[1A[2K[G .. ..                       Dependencies installing with npm...
[2K[1A[2K[G. .. .                       Dependencies installing with npm...
[2K[1A[2K[G.. ..                        Dependencies installing with npm...
[2K[1A[2K[G .. ..                       Dependencies installing with npm...
[2K[1A[2K[G. .. .                       Dependencies installing with npm...
[2K[1A[2K[G.. ..                        Dependencies installing with npm...
[2K[1A[2K[G .. ..                       Dependencies installing with npm...
[2K[1A[2K[G. .. .                       Dependencies installing with npm...
[2K[1A[2K[G.. ..                        Dependencies installing with npm...
[2K[1A[2K[G .. ..                       Dependencies installing with npm...
[2K[1A[2K[G. .. .                       Dependencies installing with npm...
[2K[1A[2K[G.. ..                        Dependencies installing with npm...
[2K[1A[2K[G .. ..                       Dependencies installing with npm...
[2K[1A[2K[G. .. .                       Dependencies installing with npm...
[2K[1A[2K[G.. ..                        Dependencies installing with npm...
[2K[1A[2K[G .. ..                       Dependencies installing with npm...
[2K[1A[2K[G. .. .                       Dependencies installing with npm...
[2K[1A[2K[G.. ..                        Dependencies installing with npm...
[2K[1A[2K[G .. ..                       Dependencies installing with npm...
[2K[1A[2K[G. .. .                       Dependencies installing with npm...
[2K[1A[2K[G.. ..                        Dependencies installing with npm...
[2K[1A[2K[G .. ..                       Dependencies installing with npm...
[2K[1A[2K[G. .. .                       Dependencies installing with npm...
[2K[1A[2K[G.. ..                        Dependencies installing with npm...
[2K[1A[2K[G .. ..                       Dependencies installing with npm...
[2K[1A[2K[G. .. .                       Dependencies installing with npm...
[2K[1A[2K[G.. ..                        Dependencies installing with npm...
[2K[1A[2K[G .. ..                       Dependencies installing with npm...
[2K[1A[2K[G. .. .                       Dependencies installing with npm...
[2K[1A[2K[G.. ..                        Dependencies installing with npm...
[2K[1A[2K[G .. ..                       Dependencies installing with npm...
[2K[1A[2K[G. .. .                       Dependencies installing with npm...
[2K[1A[2K[G.. ..                        Dependencies installing with npm...
[2K[1A[2K[G .. ..                       Dependencies installing with npm...
[2K[1A[2K[G. .. .                       Dependencies installing with npm...
[2K[1A[2K[G.. ..                        Dependencies installing with npm...
[2K[1A[2K[G .. ..                       Dependencies installing with npm...
[2K[1A[2K[G. .. .                       Dependencies installing with npm...
[2K[1A[2K[G.. ..                        Dependencies installing with npm...
[2K[1A[2K[G .. ..                       Dependencies installing with npm...
[2K[1A[2K[G. .. .                       Dependencies installing with npm...
[2K[1A[2K[G.. ..                        Dependencies installing with npm...
[2K[1A[2K[G .. ..                       Dependencies installing with npm...
[2K[1A[2K[G. .. .                       Dependencies installing with npm...
[2K[1A[2K[G.. ..                        Dependencies installing with npm...
[2K[1A[2K[G .. ..                       Dependencies installing with npm...
[2K[1A[2K[G. .. .                       Dependencies installing with npm...
[2K[1A[2K[G.. ..                        Dependencies installing with npm...
[2K[1A[2K[G .. ..                       Dependencies installing with npm...
[2K[1A[2K[G. .. .                       Dependencies installing with npm...
[2K[1A[2K[G.. ..                        Dependencies installing with npm...
[2K[1A[2K[G .. ..                       Dependencies installing with npm...
[2K[1A[2K[G. .. .                       Dependencies installing with npm...
[2K[1A[2K[G.. ..                        Dependencies installing with npm...
[2K[1A[2K[G .. ..                       Dependencies installing with npm...
[2K[1A[2K[G. .. .                       Dependencies installing with npm...
[2K[1A[2K[G.. ..                        Dependencies installing with npm...
[2K[1A[2K[G .. ..                       Dependencies installing with npm...
[2K[1A[2K[G. .. .                       Dependencies installing with npm...
[2K[1A[2K[G.. ..                        Dependencies installing with npm...
[2K[1A[2K[G .. ..                       Dependencies installing with npm...
[2K[1A[2K[G. .. .                       Dependencies installing with npm...
[2K[1A[2K[G.. ..                        Dependencies installing with npm...
[2K[1A[2K[G .. ..                       Dependencies installing with npm...
[2K[1A[2K[G. .. .                       Dependencies installing with npm...
[2K[1A[2K[G.. ..                        Dependencies installing with npm...
[2K[1A[2K[G .. ..                       Dependencies installing with npm...
[2K[1A[2K[G. .. .                       Dependencies installing with npm...
[2K[1A[2K[G.. ..                        Dependencies installing with npm...
[2K[1A[2K[G .. ..                       Dependencies installing with npm...
[2K[1A[2K[G. .. .                       Dependencies installing with npm...
[2K[1A[2K[G.. ..                        Dependencies installing with npm...
[2K[1A[2K[G .. ..                       Dependencies installing with npm...
[2K[1A[2K[G. .. .                       Dependencies installing with npm...
[2K[1A[2K[G.. ..                        Dependencies installing with npm...
[2K[1A[2K[G .. ..                       Dependencies installing with npm...
[2K[1A[2K[G. .. .                       Dependencies installing with npm...
[2K[1A[2K[G.. ..                        Dependencies installing with npm...
[2K[1A[2K[G .. ..                       Dependencies installing with npm...
[2K[1A[2K[G. .. .                       Dependencies installing with npm...
[2K[1A[2K[G.. ..                        Dependencies installing with npm...
[2K[1A[2K[G .. ..                       Dependencies installing with npm...
[2K[1A[2K[G. .. .                       Dependencies installing with npm...
[2K[1A[2K[G.. ..                        Dependencies installing with npm...
[2K[1A[2K[G .. ..                       Dependencies installing with npm...
[2K[1A[2K[G. .. .                       Dependencies installing with npm...
[2K[1A[2K[G.. ..                        Dependencies installing with npm...
[2K[1A[2K[G .. ..                       Dependencies installing with npm...
[2K[1A[2K[G. .. .                       Dependencies installing with npm...
[2K[1A[2K[G.. ..                        Dependencies installing with npm...
[2K[1A[2K[G .. ..                       Dependencies installing with npm...
[2K[1A[2K[G. .. .                       Dependencies installing with npm...
[2K[1A[2K[G.. ..                        Dependencies installing with npm...
[2K[1A[2K[G .. ..                       Dependencies installing with npm...
[2K[1A[2K[G. .. .                       Dependencies installing with npm...
[2K[1A[2K[G.. ..                        Dependencies installing with npm...
[2K[1A[2K[G .. ..                       Dependencies installing with npm...
[2K[1A[2K[G. .. .                       Dependencies installing with npm...
[2K[1A[2K[G.. ..                        Dependencies installing with npm...
[2K[1A[2K[G .. ..                       Dependencies installing with npm...
[2K[1A[2K[G. .. .                       Dependencies installing with npm...
[2K[1A[2K[G.. ..                        Dependencies installing with npm...
[2K[1A[2K[G .. ..                       Dependencies installing with npm...
[2K[1A[2K[G. .. .                       Dependencies installing with npm...
[2K[1A[2K[G.. ..                        Dependencies installing with npm...
[2K[1A[2K[G .. ..                       Dependencies installing with npm...
[2K[1A[2K[G. .. .                       Dependencies installing with npm...
[2K[1A[2K[G.. ..                        Dependencies installing with npm...
[2K[1A[2K[G .. ..                       Dependencies installing with npm...
[2K[1A[2K[G. .. .                       Dependencies installing with npm...
[2K[1A[2K[G.. ..                        Dependencies installing with npm...
[2K[1A[2K[G .. ..                       Dependencies installing with npm...
[2K[1A[2K[G. .. .                       Dependencies installing with npm...
[2K[1A[2K[G.. ..                        Dependencies installing with npm...
[2K[1A[2K[G .. ..                       Dependencies installing with npm...
[2K[1A[2K[G. .. .                       Dependencies installing with npm...
[2K[1A[2K[G.. ..                        Dependencies installing with npm...
[2K[1A[2K[G .. ..                       Dependencies installing with npm...
[2K[1A[2K[G. .. .                       Dependencies installing with npm...
[2K[1A[2K[G.. ..                        Dependencies installing with npm...
[2K[1A[2K[G .. ..                       Dependencies installing with npm...
[2K[1A[2K[G. .. .                       Dependencies installing with npm...
[2K[1A[2K[G.. ..                        Dependencies installing with npm...
[2K[1A[2K[G .. ..                       Dependencies installing with npm...
[2K[1A[2K[G. .. .                       Dependencies installing with npm...
[2K[1A[2K[G.. ..                        Dependencies installing with npm...
[2K[1A[2K[G .. ..                       Dependencies installing with npm...
[2K[1A[2K[G. .. .                       Dependencies installing with npm...
[2K[1A[2K[G.. ..                        Dependencies installing with npm...
[2K[1A[2K[G .. ..                       Dependencies installing with npm...
[2K[1A[2K[G. .. .                       Dependencies installing with npm...
[2K[1A[2K[G.. ..                        Dependencies installing with npm...
[2K[1A[2K[G .. ..                       Dependencies installing with npm...
[2K[1A[2K[G. .. .                       Dependencies installing with npm...
[2K[1A[2K[G.. ..                        Dependencies installing with npm...
[2K[1A[2K[G .. ..                       Dependencies installing with npm...
[2K[1A[2K[G. .. .                       Dependencies installing with npm...
[2K[1A[2K[G.. ..                        Dependencies installing with npm...
[2K[1A[2K[G .. ..                       Dependencies installing with npm...
[2K[1A[2K[G. .. .                       Dependencies installing with npm...
[2K[1A[2K[G.. ..                        Dependencies installing with npm...
[2K[1A[2K[G .. ..                       Dependencies installing with npm...
[2K[1A[2K[G. .. .                       Dependencies installing with npm...
[2K[1A[2K[G.. ..                        Dependencies installing with npm...
[2K[1A[2K[G .. ..                       Dependencies installing with npm...
[2K[1A[2K[G. .. .                       Dependencies installing with npm...
[2K[1A[2K[G.. ..                        Dependencies installing with npm...
[2K[1A[2K[G .. ..                       Dependencies installing with npm...
[2K[1A[2K[G. .. .                       Dependencies installing with npm...
[2K[1A[2K[G.. ..                        Dependencies installing with npm...
[2K[1A[2K[G .. ..                       Dependencies installing with npm...
[2K[1A[2K[G. .. .                       Dependencies installing with npm...
[2K[1A[2K[G.. ..                        Dependencies installing with npm...
[2K[1A[2K[G .. ..                       Dependencies installing with npm...
[2K[1A[2K[G. .. .                       Dependencies installing with npm...
[2K[1A[2K[G.. ..                        Dependencies installing with npm...
[2K[1A[2K[G .. ..                       Dependencies installing with npm...
[2K[1A[2K[G. .. .                       Dependencies installing with npm...
[2K[1A[2K[G.. ..                        Dependencies installing with npm...
[2K[1A[2K[G .. ..                       Dependencies installing with npm...
[2K[1A[2K[G. .. .                       Dependencies installing with npm...
[2K[1A[2K[G.. ..                        Dependencies installing with npm...
[2K[1A[2K[G .. ..                       Dependencies installing with npm...
[2K[1A[2K[G. .. .                       Dependencies installing with npm...
[2K[1A[2K[G.. ..                        Dependencies installing with npm...
[2K[1A[2K[G .. ..                       Dependencies installing with npm...
[2K[1A[2K[G. .. .                       Dependencies installing with npm...
[2K[1A[2K[G.. ..                        Dependencies installing with npm...
[2K[1A[2K[G .. ..                       Dependencies installing with npm...
[2K[1A[2K[G. .. .                       Dependencies installing with npm...
[2K[1A[2K[G.. ..                        Dependencies installing with npm...
[2K[1A[2K[G .. ..                       Dependencies installing with npm...
[2K[1A[2K[G. .. .                       Dependencies installing with npm...
[2K[1A[2K[G.. ..                        Dependencies installing with npm...
[2K[1A[2K[G .. ..                       Dependencies installing with npm...
[2K[1A[2K[G. .. .                       Dependencies installing with npm...
[2K[1A[2K[G.. ..                        Dependencies installing with npm...
[2K[1A[2K[G .. ..                       Dependencies installing with npm...
[2K[1A[2K[G. .. .                       Dependencies installing with npm...
[2K[1A[2K[G.. ..                        Dependencies installing with npm...
[2K[1A[2K[G .. ..                       Dependencies installing with npm...
[2K[1A[2K[G. .. .                       Dependencies installing with npm...
[2K[1A[2K[G.. ..                        Dependencies installing with npm...
[2K[1A[2K[G .. ..                       Dependencies installing with npm...
[2K[1A[2K[G. .. .                       Dependencies installing with npm...
[2K[1A[2K[G.. ..                        Dependencies installing with npm...
[2K[1A[2K[G .. ..                       Dependencies installing with npm...
[2K[1A[2K[G. .. .                       Dependencies installing with npm...
[2K[1A[2K[G.. ..                        Dependencies installing with npm...
[2K[1A[2K[G .. ..                       Dependencies installing with npm...
[2K[1A[2K[G. .. .                       Dependencies installing with npm...
[2K[1A[2K[G.. ..                        Dependencies installing with npm...
[2K[1A[2K[G .. ..                       Dependencies installing with npm...
[2K[1A[2K[G. .. .                       Dependencies installing with npm...
[2K[1A[2K[G.. ..                        Dependencies installing with npm...
[2K[1A[2K[G .. ..                       Dependencies installing with npm...
[2K[1A[2K[G. .. .                       Dependencies installing with npm...
[2K[1A[2K[G.. ..                        Dependencies installing with npm...
[2K[1A[2K[G .. ..                       Dependencies installing with npm...
[2K[1A[2K[G. .. .                       Dependencies installing with npm...
[2K[1A[2K[G.. ..                        Dependencies installing with npm...
[2K[1A[2K[G .. ..                       Dependencies installing with npm...
[2K[1A[2K[G. .. .                       Dependencies installing with npm...
[2K[1A[2K[G.. ..                        Dependencies installing with npm...
[2K[1A[2K[G .. ..                       Dependencies installing with npm...
[2K[1A[2K[G. .. .                       Dependencies installing with npm...
[2K[1A[2K[G.. ..                        Dependencies installing with npm...
[2K[1A[2K[G .. ..                       Dependencies installing with npm...
[2K[1A[2K[G. .. .                       Dependencies installing with npm...
[2K[1A[2K[G.. ..                        Dependencies installing with npm...
[2K[1A[2K[G .. ..                       Dependencies installing with npm...
[2K[1A[2K[G. .. .                       Dependencies installing with npm...
[2K[1A[2K[G.. ..                        Dependencies installing with npm...
[2K[1A[2K[G .. ..                       Dependencies installing with npm...
[2K[1A[2K[G. .. .                       Dependencies installing with npm...
[2K[1A[2K[G.. ..                        Dependencies installing with npm...
[2K[1A[2K[G .. ..                       Dependencies installing with npm...
[2K[1A[2K[G. .. .                       Dependencies installing with npm...
[2K[1A[2K[G.. ..                        Dependencies installing with npm...
[2K[1A[2K[G .. ..                       Dependencies installing with npm...
[2K[1A[2K[G. .. .                       Dependencies installing with npm...
[2K[1A[2K[G.. ..                        Dependencies installing with npm...
[2K[1A[2K[G .. ..                       Dependencies installing with npm...
[2K[1A[2K[G. .. .                       Dependencies installing with npm...
[2K[1A[2K[G.. ..                        Dependencies installing with npm...
[2K[1A[2K[G .. ..                       Dependencies installing with npm...
[2K[1A[2K[G. .. .                       Dependencies installing with npm...
[2K[1A[2K[G.. ..                        Dependencies installing with npm...
[2K[1A[2K[G .. ..                       Dependencies installing with npm...
[2K[1A[2K[G. .. .                       Dependencies installing with npm...
[2K[1A[2K[G.. ..                        Dependencies installing with npm...
[2K[1A[2K[G .. ..                       Dependencies installing with npm...
[2K[1A[2K[G      ✔  Dependencies installed

$ ls -F my-router-app/
Dockerfile
README.md
app/
node_modules/
package-lock.json
package.json
public/
react-router.config.ts
tsconfig.json
vite.config.ts

$ npm --version
10.8.2